number,rarityString,rarityStar,name,category,firepower,torpedo,bombing,antiair,ASW,LoS,accuracy,evasion,armor,range,radius,equipable,antibomber,interception,improvement,lastModified
1,コモン,1,12cm単装砲,小口径主砲,1,0,0,1,0,0,0,0,0,短,,駆逐|軽巡|水母,0,0,1,
2,コモン,1,12.7cm連装砲,小口径主砲,2,0,0,2,0,0,0,0,0,短,,駆逐|軽巡|水母,0,0,1,
3,レア,2,10cm連装高角砲,小口径主砲,2,0,0,7,0,0,0,0,0,短,,駆逐|軽巡|水母,0,0,0,
4,コモン,1,14cm単装砲,中口径主砲,2,0,0,0,0,0,1,0,0,中,,軽巡|重巡|戦艦|航戦,0,0,1,
5,コモン,2,15.5cm三連装砲,中口径主砲,7,0,0,4,0,0,1,0,0,中,,軽巡|重巡|戦艦|航戦,0,0,1,
6,コモン,2,20.3cm連装砲,中口径主砲,8,0,0,3,0,0,0,0,0,中,,軽巡|重巡|戦艦|航戦,0,0,1,
7,コモン,1,35.6cm連装砲,大口径主砲,15,0,0,4,0,0,0,0,0,長,,戦艦|航戦,0,0,1,
8,レア,2,41cm連装砲,大口径主砲,20,0,0,4,0,0,0,0,0,長,,戦艦|航戦,0,0,1,
9,ホロ,3,46cm三連装砲,大口径主砲,26,0,0,5,0,0,0,0,0,超長,,戦艦|航戦,0,0,1,
10,コモン,1,12.7cm連装高角砲,副砲,2,0,0,4,0,0,1,0,0,短,,軽巡|重巡|戦艦|軽母|空母|水母|航戦,0,0,1,
11,コモン,1,15.2cm単装砲,副砲,2,0,0,0,0,0,1,0,0,中,,軽巡|重巡|戦艦|軽母|空母|水母|航戦,0,0,1,
12,レア,2,15.5cm三連装副砲,副砲,7,0,0,3,0,0,2,0,0,中,,軽巡|重巡|戦艦|軽母|空母|水母|航戦,0,0,1,
13,コモン,1,61cm三連装魚雷,魚雷,0,5,0,0,0,0,0,0,0,短,,駆逐|軽巡|重巡|潜水,0,0,1,
14,コモン,1,61cm四連装魚雷,魚雷,0,7,0,0,0,0,0,0,0,短,,駆逐|軽巡|重巡|潜水,0,0,1,
15,レア,2,61cm四連装(酸素)魚雷,魚雷,0,10,0,0,0,0,0,0,0,短,,駆逐|軽巡|重巡|潜水,0,0,1,
16,コモン,1,九七式艦攻,艦上攻撃機,0,5,0,0,4,1,0,0,0,,4,軽母|空母,0,0,1,
17,レア,2,天山,艦上攻撃機,0,7,0,0,3,1,0,0,0,,5,軽母|空母,0,0,0,
18,ホロ,3,流星,艦上攻撃機,0,10,0,1,4,1,0,0,0,,6,軽母|空母,0,0,0,2020/05/01
19,コモン,1,九六式艦戦,艦上戦闘機,0,0,0,3,0,0,0,1,0,,3,軽母|空母,0,0,1,
20,コモン,1,零式艦戦21型,艦上戦闘機,0,0,0,5,0,0,0,0,0,,7,軽母|空母,0,0,1,
21,レア,2,零式艦戦52型,艦上戦闘機,0,0,0,6,0,0,0,0,0,,6,軽母|空母,0,0,1,
22,Sホロ,3,試製烈風 後期型,艦上戦闘機,0,0,0,10,0,0,0,0,0,,5,軽母|空母,0,0,0,
23,コモン,1,九九式艦爆,艦上爆撃機,0,0,5,0,3,0,0,0,0,,4,軽母|空母,0,0,0,
24,レア,2,彗星,艦上爆撃機,0,0,8,0,3,0,0,0,0,,4,軽母|空母,0,0,0,
25,コモン,1,零式水上偵察機,水上偵察機,0,0,1,1,2,5,1,0,0,,7,軽巡|重巡|戦艦|水母|航戦,0,0,1,
26,レア,2,瑞雲,多用途水上機/水上爆撃機,0,0,4,2,4,6,1,0,0,,5,水母|航戦,0,0,1,
27,レア,2,13号対空電探,小型電探,0,0,0,2,0,3,1,0,0,,,駆逐|軽巡|重巡|戦艦|軽母|空母|水母|航戦,0,0,1,
28,レア,2,22号対水上電探,小型電探,0,0,0,0,0,5,3,0,0,,,駆逐|軽巡|重巡|戦艦|軽母|空母|水母|航戦,0,0,1,
29,ホロ,3,33号対水上電探,小型電探,0,0,0,0,0,7,5,0,0,,,駆逐|軽巡|重巡|戦艦|軽母|空母|水母|航戦,0,0,1,
30,ホロ,2,21号対空電探,大型電探,0,0,0,4,0,4,2,0,0,,,軽巡|重巡|戦艦|軽母|空母|水母|航戦,0,0,1,
31,Sホロ,3,32号対水上電探,大型電探,0,0,0,0,0,10,8,0,0,,,軽巡|重巡|戦艦|軽母|空母|水母|航戦,0,0,1,
32,SSホロ,3,42号対空電探,大型電探,0,0,0,6,0,5,4,0,0,,,軽巡|重巡|戦艦|軽母|空母|水母|航戦,0,0,1,
33,コモン,1,改良型艦本式タービン,機関部強化,0,0,0,0,0,0,0,6,0,,,駆逐|軽巡|重巡|戦艦|軽母|空母|水母|航戦|潜水,0,0,0,
34,レア,2,強化型艦本式缶,機関部強化,0,0,0,0,0,0,0,10,0,,,駆逐|軽巡|重巡|戦艦|軽母|空母|水母|航戦|潜水,0,0,1,
35,コモン,2,三式弾,対空強化弾,0,0,0,5,0,0,0,0,0,,,重巡|戦艦|航戦,0,0,1,
36,レア,3,九一式徹甲弾,対艦強化弾,8,0,0,0,0,0,1,0,0,,,戦艦|航戦,0,0,1,
37,コモン,1,7.7mm機銃,対空機銃,0,0,0,2,0,0,0,1,0,,,駆逐|軽巡|重巡|戦艦|軽母|空母|水母|航戦,0,0,0,
38,コモン,1,12.7mm単装機銃,対空機銃,0,0,0,3,0,0,0,1,0,,,駆逐|軽巡|重巡|戦艦|軽母|空母|水母|航戦,0,0,0,
39,コモン,2,25mm連装機銃,対空機銃,0,0,0,5,0,0,0,1,0,,,駆逐|軽巡|重巡|戦艦|軽母|空母|水母|航戦,0,0,1,
40,レア,2,25mm三連装機銃,対空機銃,0,0,0,6,0,0,0,1,0,,,駆逐|軽巡|重巡|戦艦|軽母|空母|水母|航戦,0,0,1,
41,レア,1,甲標的 甲型,特殊潜航艇,0,12,0,0,0,0,0,0,0,,,水母|潜水,0,0,0,
42,コモン,1,応急修理要員,応急修理要員,0,0,0,0,0,0,0,0,0,,,駆逐|軽巡|重巡|戦艦|軽母|空母|水母|航戦|潜水,0,0,0,
43,ホロ,4,応急修理女神,応急修理要員,0,0,0,0,0,0,0,0,0,,,駆逐|軽巡|重巡|戦艦|軽母|空母|水母|航戦|潜水,0,0,0,
44,コモン,1,九四式爆雷投射機,爆雷投射機,0,0,0,0,5,0,0,0,0,,,駆逐|軽巡|水母,0,0,1,
45,ホロ,3,三式爆雷投射機,爆雷投射機,0,0,0,0,8,0,0,0,0,,,駆逐|軽巡|水母,0,0,1,
46,コモン,1,九三式水中聴音機,ソナー,0,0,0,0,6,0,1,0,0,,,駆逐|軽巡|潜水,0,0,1,
47,ホロ,3,三式水中探信儀,ソナー,0,0,0,0,10,0,2,0,0,,,駆逐|軽巡|潜水,0,0,1,
48,コモン,1,12cm単装高角砲,小口径主砲,1,0,0,3,0,0,0,0,0,短,,駆逐|軽巡|水母,0,0,0,
49,レア,2,25mm単装機銃,対空機銃,0,0,0,4,0,0,0,1,0,,,駆逐|軽巡|重巡|戦艦|軽母|空母|水母|航戦,0,0,1,
50,レア,3,20.3cm(3号)連装砲,中口径主砲,10,0,0,4,0,0,1,0,0,中,,軽巡|重巡|戦艦|航戦,0,0,1,
51,ホロ,2,12cm30連装噴進砲,対空機銃,0,0,0,8,0,0,0,0,0,,,駆逐|軽巡|重巡|戦艦|軽母|空母|水母|航戦,0,0,1,
52,Sホロ,3,流星改,艦上攻撃機,0,13,0,1,3,2,0,0,0,,6,軽母|空母,0,0,0,2020/05/01
53,SSホロ,4,烈風 一一型,艦上戦闘機,0,0,0,12,0,0,0,0,0,,5,軽母|空母,0,0,0,
54,ホロ,3,彩雲,艦上偵察機,0,0,0,0,0,9,2,0,0,,8,軽母|空母,0,0,2,
55,ホロ,3,紫電改二,艦上戦闘機,0,0,0,9,0,0,0,3,0,,3,軽母|空母,0,0,0,
56,SSホロ,5,震電改,艦上戦闘機,0,0,0,15,0,0,0,0,0,,2,軽母|空母,0,0,0,
57,ホロ,3,彗星一二型甲,艦上爆撃機,0,0,10,0,3,1,0,0,0,,5,軽母|空母,0,0,0,
58,ホロ,3,61cm五連装(酸素)魚雷,魚雷,0,12,0,0,0,0,1,0,0,短,,駆逐|軽巡|重巡|潜水,0,0,1,
59,レア,2,零式水上観測機,水上偵察機,0,0,1,2,4,6,2,0,0,,3,軽巡|重巡|戦艦|水母|航戦,0,0,1,
60,ホロ,3,零式艦戦62型(爆戦),艦上爆撃機,0,0,4,4,3,0,0,0,0,,4,軽母|空母,0,0,1,
61,レア,2,二式艦上偵察機,艦上偵察機,0,0,0,1,0,7,3,0,0,,5,軽母|空母,0,0,1,
62,SSホロ,4,試製晴嵐,多用途水上機/水上爆撃機,0,0,11,0,6,6,1,0,0,,4,水母|航戦,0,0,0,
63,レア,1,12.7cm連装砲B型改二,小口径主砲,3,0,0,2,0,0,0,0,0,短,,駆逐|軽巡|水母,0,0,1,
64,Sホロ,3,Ju87C改,艦上爆撃機,0,0,9,0,5,0,1,0,0,,4,軽母|空母,0,0,0,
65,ホロ,2,15.2cm連装砲,中口径主砲,5,0,0,3,0,0,3,0,0,中,,軽巡|重巡|戦艦|航戦,0,0,1,
66,Sホロ,3,8cm高角砲,副砲,1,0,0,6,0,0,2,0,0,短,,軽巡|重巡|戦艦|軽母|空母|水母|航戦,0,0,1,
67,レア,2,53cm艦首(酸素)魚雷,魚雷,0,15,0,0,0,0,2,0,0,短,,駆逐|軽巡|重巡|潜水,0,0,0,
68,コモン,1,大発動艇,上陸用舟艇,0,0,0,0,0,0,0,0,0,,,水母,0,0,1,
69,Sホロ,3,カ号観測機,回転翼機,0,0,0,0,9,0,1,0,0,,,軽母|航戦,0,0,1,
70,レア,2,三式指揮連絡機(対潜),対潜哨戒機,0,0,0,0,7,1,2,0,0,,,軽母,0,0,0,
71,Sホロ,3,10cm連装高角砲(砲架),副砲,1,0,0,7,0,0,1,0,0,短,,軽巡|重巡|戦艦|軽母|空母|水母|航戦,0,0,0,
72,ホロ,2,増設バルジ(中型艦),増設バルジ(中型艦),0,0,0,0,0,0,0,-2,7,,,重巡|軽母|水母,0,0,1,
73,ホロ,2,増設バルジ(大型艦),増設バルジ(大型艦),0,0,0,0,0,0,0,-3,9,,,戦艦|空母|航戦,0,0,1,
74,コモン,1,探照灯,探照灯,0,0,0,0,0,2,0,0,0,,,駆逐|軽巡|重巡|戦艦|水母|航戦,0,0,1,
75,コモン,1,ドラム缶(輸送用),簡易輸送部材,0,0,0,0,0,0,0,0,0,,,駆逐|軽巡|水母,0,0,0,
76,コモン,1,38cm連装砲,大口径主砲,16,0,0,1,0,0,1,0,0,長,,戦艦|航戦,0,0,1,
77,コモン,1,15cm連装副砲,副砲,4,0,0,2,0,0,2,0,0,中,,軽巡|重巡|戦艦|軽母|空母|水母|航戦,0,0,0,
78,コモン,1,12.7cm単装砲,小口径主砲,2,0,0,0,0,0,1,0,0,短,,駆逐|軽巡|水母,0,0,0,
79,ホロ,2,瑞雲(六三四空),多用途水上機/水上爆撃機,0,0,6,2,5,6,1,0,0,,5,水母|航戦,0,0,1,
80,Sホロ,3,瑞雲12型,多用途水上機/水上爆撃機,0,0,7,3,5,6,1,0,0,,5,水母|航戦,0,0,0,
81,ホロ,4,瑞雲12型(六三四空),多用途水上機/水上爆撃機,0,0,9,3,6,7,1,0,0,,5,水母|航戦,0,0,0,
82,ホロ,2,九七式艦攻(九三一空),艦上攻撃機,0,6,0,0,7,2,0,0,0,,4,軽母|空母,0,0,1,
83,Sホロ,3,天山(九三一空),艦上攻撃機,0,9,0,0,8,2,0,0,0,,5,軽母|空母,0,0,0,
84,Sホロ,3,2cm 四連装FlaK 38,対空機銃,0,0,0,7,0,0,1,0,0,,,駆逐|軽巡|重巡|戦艦|軽母|空母|水母|航戦,0,0,0,
85,Sホロ,3,3.7cm FlaK M42,対空機銃,1,0,0,8,0,0,1,0,0,,,駆逐|軽巡|重巡|戦艦|軽母|空母|水母|航戦,0,0,0,
86,Sホロ,3,艦艇修理施設,艦艇修理施設,0,0,0,0,0,0,0,0,0,,,,0,0,0,
87,Sホロ,3,新型高温高圧缶,機関部強化,0,0,0,0,0,0,0,13,0,,,駆逐|軽巡|重巡|戦艦|軽母|空母|水母|航戦|潜水,0,0,1,
88,Sホロ,3,22号対水上電探改四,小型電探,0,0,0,0,2,5,8,0,0,,,駆逐|軽巡|重巡|戦艦|軽母|空母|水母|航戦,0,0,1,
89,Sホロ,3,21号対空電探改,大型電探,0,0,0,5,0,6,3,1,0,,,軽巡|重巡|戦艦|軽母|空母|水母|航戦,0,0,1,
90,レア,2,20.3cm(2号)連装砲,中口径主砲,9,0,0,3,0,0,1,0,0,中,,軽巡|重巡|戦艦|航戦,0,0,1,
91,レア,2,12.7cm連装高角砲(後期型),小口径主砲,2,0,0,5,1,0,1,1,0,短,,駆逐|軽巡|水母,0,0,,
92,コモン,1,毘式40mm連装機銃,対空機銃,0,0,0,6,0,0,0,1,0,,,駆逐|軽巡|重巡|戦艦|軽母|空母|水母|航戦,0,0,,
93,SSホロ,4,九七式艦攻(友永隊),艦上攻撃機,0,11,0,1,5,4,3,0,0,,4,軽母|空母,0,0,,
94,SSホロ,5,天山一二型(友永隊),艦上攻撃機,0,14,0,1,6,5,3,0,0,,5,軽母|空母,0,0,,
95,ホロ,2,潜水艦53cm艦首魚雷(8門),潜水艦魚雷,0,16,0,0,0,0,3,0,0,短,,潜水,0,0,,
96,Sホロ,3,零式艦戦21型(熟練),艦上戦闘機,0,0,0,8,0,1,2,2,0,,7,軽母|空母,0,0,,
97,Sホロ,3,九九式艦爆(熟練),艦上爆撃機,0,0,7,1,4,2,2,0,0,,4,軽母|空母,0,0,,
98,Sホロ,3,九七式艦攻(熟練),艦上攻撃機,0,8,0,0,5,2,2,0,0,,4,軽母|空母,0,0,,
99,SSホロ,4,九九式艦爆(江草隊),艦上爆撃機,0,0,10,0,5,3,4,0,0,,4,軽母|空母,0,0,,
100,SSホロ,5,彗星(江草隊),艦上爆撃機,0,0,13,1,5,4,4,0,0,,5,軽母|空母,0,0,,
101,レア,1,照明弾,照明弾,0,0,0,0,0,0,0,0,0,,,駆逐|軽巡|重巡|戦艦|水母|航戦,0,0,,
102,Sホロ,3,九八式水上偵察機(夜偵),水上偵察機,0,0,0,0,1,3,1,0,0,,6,軽巡|重巡|戦艦|水母|航戦,0,0,,
103,SSホロ,4,試製35.6cm三連装砲,大口径主砲,18,0,0,5,0,0,2,0,0,長,,戦艦|航戦,0,0,,
104,Sホロ,3,35.6cm連装砲(ダズル迷彩),大口径主砲,15,0,0,5,0,0,1,1,0,長,,戦艦|航戦,0,0,,
105,SSホロ,4,試製41cm三連装砲,大口径主砲,22,0,0,5,0,0,2,0,0,長,,戦艦|航戦,0,0,,
106,Sホロ,3,13号対空電探改,小型電探,0,0,0,4,0,4,2,1,0,,,駆逐|軽巡|重巡|戦艦|軽母|空母|水母|航戦,0,0,,
107,SSホロ,5,艦隊司令部施設,司令部施設,0,0,0,1,0,1,1,1,0,,,軽巡|重巡|戦艦|軽母|空母|水母|航戦,0,0,,
108,Sホロ,3,熟練艦載機整備員,航空要員,10,0,0,1,0,1,1,0,0,長,,軽母|空母|航戦,0,0,,
109,Sホロ,3,零戦52型丙(六〇一空),艦上戦闘機,0,0,0,9,0,0,1,1,0,,6,軽母|空母,0,0,,
110,SSホロ,4,烈風(六〇一空),艦上戦闘機,0,0,0,11,0,0,1,2,0,,5,軽母|空母,0,0,,
111,Sホロ,3,彗星(六〇一空),艦上爆撃機,0,0,11,0,4,1,1,0,0,,5,軽母|空母,0,0,,
112,Sホロ,3,天山(六〇一空),艦上攻撃機,0,10,0,0,4,2,1,0,0,,5,軽母|空母,0,0,,
113,SSホロ,4,流星(六〇一空),艦上攻撃機,0,13,0,0,5,3,1,0,0,,6,軽母|空母,0,0,,
114,ホロ,2,38cm連装砲改,大口径主砲,17,0,0,2,0,0,3,0,0,長,,戦艦|航戦,0,0,,
115,ホロ,2,Ar196改,水上偵察機,0,0,1,1,5,5,2,0,0,,3,軽巡|重巡|戦艦|水母|航戦,0,0,,
116,Sホロ,3,一式徹甲弾,対艦強化弾,9,0,0,0,0,0,2,0,0,,,戦艦|航戦,0,0,,
117,SSホロ,4,試製46cm連装砲,大口径主砲,23,0,0,4,0,0,1,0,0,超長,,戦艦|航戦,0,0,,
118,SSホロ,4,紫雲,水上偵察機,0,0,1,0,2,8,1,0,0,,4,軽巡|重巡|戦艦|水母|航戦,0,0,,
119,コモン,1,14cm連装砲,中口径主砲,4,0,0,0,0,0,2,0,0,中,,軽巡|重巡|戦艦|航戦,0,0,,
120,レア,1,91式高射装置,高射装置,0,0,0,2,0,0,0,1,0,,,駆逐|軽巡|重巡|戦艦|軽母|空母|水母|航戦,0,0,,
121,ホロ,2,94式高射装置,高射装置,0,0,0,3,0,0,0,1,0,,,駆逐|軽巡|重巡|戦艦|軽母|空母|水母|航戦,0,0,,
122,Sホロ,3,10cm高角砲+高射装置,小口径主砲,3,0,0,10,0,0,1,1,0,短,,駆逐|軽巡|水母,0,0,,
123,Sホロ,3,SKC34 20.3cm連装砲,中口径主砲,10,0,0,2,0,0,3,0,0,中,,軽巡|重巡|戦艦|航戦,0,0,,
124,SSホロ,4,FuMO25 レーダー,大型電探,3,0,0,7,0,9,10,0,0,,,軽巡|重巡|戦艦|軽母|空母|水母|航戦,0,0,,
125,ホロ,2,61cm三連装(酸素)魚雷,魚雷,0,8,0,0,0,0,0,1,1,短,,駆逐|軽巡|重巡|潜水,0,0,,
126,SSホロ,4,WG42(Wurfger&#228;t 42),対地装備,1,0,0,0,0,0,0,0,-1,短,,駆逐|軽巡|水母|航戦|潜水,0,0,,
127,SSホロ,5,試製FaT仕様九五式酸素魚雷改,潜水艦魚雷,0,14,0,0,0,0,7,2,0,短,,潜水,0,0,,
128,SSホロ,5,試製51cm連装砲,大口径主砲,30,0,0,5,0,0,1,-1,0,超長,,戦艦,0,0,,
129,Sホロ,3,熟練見張員,水上艦要員,0,0,0,1,0,2,2,3,0,,,駆逐|軽巡|重巡|戦艦|水母|航戦,0,0,,
130,Sホロ,3,12.7cm高角砲+高射装置,副砲,1,0,0,8,0,0,1,1,0,短,,軽巡|重巡|戦艦|軽母|空母|水母|航戦,0,0,,
131,Sホロ,3,25mm三連装機銃 集中配備,対空機銃,0,0,0,9,0,0,0,1,0,,,駆逐|軽巡|重巡|戦艦|軽母|空母|水母|航戦,0,0,,
132,Sホロ,3,零式水中聴音機,大型ソナー,0,0,0,0,11,1,1,1,0,,,重巡|戦艦|軽母|空母|水母|航戦,0,0,,
133,SSホロ,4,381mm/50 三連装砲,大口径主砲,20,0,0,2,0,0,-3,-1,0,超長,,戦艦|航戦,0,0,,
134,Sホロ,3,OTO 152mm三連装速射砲,副砲,8,0,0,2,0,0,1,0,1,中,,軽巡|重巡|戦艦|軽母|空母|水母|航戦,0,0,,
135,Sホロ,3,90mm単装高角砲,副砲,1,0,0,8,0,0,1,0,0,短,,軽巡|重巡|戦艦|軽母|空母|水母|航戦,0,0,,
136,Sホロ,3,プリエーゼ式水中防御隔壁,増設バルジ(大型艦),0,0,0,0,0,0,0,-1,7,,,戦艦|空母|航戦,0,0,,
137,SSホロ,5,381mm/50 三連装砲改,大口径主砲,21,0,0,4,0,0,-1,-1,0,超長,,戦艦|航戦,0,0,,
138,SSホロ,4,二式大艇,大型飛行艇,0,0,0,0,1,12,1,0,0,,20,,0,0,,
139,Sホロ,3,15.2cm連装砲改,中口径主砲,6,0,0,3,0,0,4,0,0,中,,軽巡|重巡|戦艦|航戦,0,0,,
140,Sホロ,3,96式150cm探照灯,大型探照灯,0,0,0,1,0,3,0,0,0,,,戦艦|航戦,0,0,,
141,SSホロ,4,32号対水上電探改,大型電探,0,0,0,0,0,11,9,0,0,,,軽巡|重巡|戦艦|軽母|空母|水母|航戦,0,0,,
142,SSホロ,4,15m二重測距儀+21号電探改二,大型電探,1,0,0,8,0,7,9,1,1,,,戦艦|航戦,0,0,,
143,SSホロ,4,九七式艦攻(村田隊),艦上攻撃機,0,12,0,1,5,4,2,0,0,,4,軽母|空母,0,0,,
144,SSホロ,5,天山(村田隊),艦上攻撃機,0,15,0,1,6,4,2,0,0,,5,軽母|空母,0,0,,
145,レア,1,戦闘糧食,戦闘糧食,0,0,0,0,0,0,0,0,0,,,駆逐|軽巡|重巡|戦艦|軽母|空母|水母|航戦|潜水,0,0,,
146,ホロ,2,洋上補給,補給物資,0,0,0,0,0,0,0,0,-2,,,,0,0,,
147,ホロ,2,120mm/50 連装砲,小口径主砲,3,0,0,2,0,0,1,0,0,短,,駆逐|軽巡|水母,0,0,,2020/11/14
148,SSホロ,5,試製南山,艦上爆撃機,0,0,11,1,4,2,0,0,0,,5,軽母|空母,0,0,,
149,SSホロ,4,四式水中聴音機,ソナー,0,0,0,0,12,0,1,0,1,,,駆逐|軽巡|潜水,0,0,,
150,ホロ,2,秋刀魚の缶詰,戦闘糧食,0,0,0,0,0,0,0,0,0,,,駆逐|軽巡|重巡|戦艦|軽母|空母|水母|航戦|潜水,0,0,,
151,SSホロ,5,試製景雲(艦偵型),艦上偵察機,2,0,0,0,0,11,2,0,0,,8,,0,0,,
152,Sホロ,3,零式艦戦52型(熟練),艦上戦闘機,0,0,0,9,0,1,1,2,0,,6,軽母|空母,0,0,,
153,SSホロ,4,零戦52型丙(付岩井小隊),艦上戦闘機,0,0,0,10,0,1,1,2,0,,6,軽母|空母,0,0,,
154,SSホロ,5,零戦62型(爆戦/岩井隊),艦上爆撃機,0,0,4,7,3,1,1,2,0,,5,軽母|空母,0,0,,
155,Sホロ,3,零戦21型(付岩本小隊),艦上戦闘機,0,0,0,9,0,1,1,3,0,,7,軽母|空母,0,0,,
156,SSホロ,4,零戦52型甲(付岩本小隊),艦上戦闘機,0,0,0,11,0,1,1,3,0,,6,軽母|空母,0,0,,
157,SSホロ,5,零式艦戦53型(岩本隊),艦上戦闘機,0,0,0,12,0,3,2,4,0,,6,軽母|空母,0,0,,
158,Sホロ,3,Bf109T改,艦上戦闘機,1,0,0,8,0,0,0,4,0,,2,軽母|空母,0,0,,
159,SSホロ,4,Fw190T改,艦上戦闘機,2,0,0,10,0,0,0,2,0,,3,軽母|空母,0,0,,
160,Sホロ,3,10.5cm連装砲,副砲,3,0,0,6,0,0,2,1,0,短,,軽巡|重巡|戦艦|軽母|空母|水母|航戦,0,0,,
161,SSホロ,5,16inch三連装砲 Mk.7,大口径主砲,24,0,0,3,0,0,4,0,1,長,,戦艦|航戦,0,0,,
162,Sホロ,3,203mm/53 連装砲,中口径主砲,9,0,0,1,0,0,-2,0,0,長,,軽巡|重巡|戦艦|航戦,0,0,,
163,Sホロ,3,Ro.43水偵,水上偵察機,1,0,0,1,2,4,2,1,0,,3,軽巡|重巡|戦艦|水母|航戦,0,0,,
164,Sホロ,3,Ro.44水上戦闘機,水上戦闘機,0,0,0,2,1,2,1,2,0,,3,水母|航戦,0,0,,
165,レア,2,二式水戦改,水上戦闘機,0,0,0,3,1,1,1,2,0,,4,水母|航戦,0,0,,
166,ホロ,2,大発動艇(八九式中戦車&amp;陸戦隊),上陸用舟艇,0,0,0,0,0,0,0,0,0,,,水母,0,0,,
167,Sホロ,3,特二式内火艇,特型内火艇,0,0,0,0,0,0,0,0,0,,,水母|潜水,0,0,,
168,レア,1,九六式陸攻,陸上攻撃機,0,8,10,1,2,2,0,0,0,,8,,0,0,,
169,ホロ,2,一式陸攻,陸上攻撃機,0,10,12,2,2,3,0,0,0,,9,,0,0,,
170,SSホロ,4,一式陸攻(野中隊),陸上攻撃機,0,12,13,3,2,4,1,0,0,,9,,0,0,,
171,Sホロ,3,OS2U,水上偵察機,0,0,1,1,1,6,2,1,0,,3,軽巡|重巡|戦艦|水母|航戦,0,0,,
172,SSホロ,4,5inch連装砲 Mk.28 mod.2,副砲,4,0,0,9,0,0,2,1,1,短,,軽巡|重巡|戦艦|軽母|空母|水母|航戦,0,0,,
173,SSホロ,4,Bofors 40mm四連装機関砲,対空機銃,1,0,0,11,0,0,1,2,1,,,駆逐|軽巡|重巡|戦艦|軽母|空母|水母|航戦,0,0,,2020/09/20
174,レア,1,53cm連装魚雷,魚雷,0,3,0,0,0,0,0,2,0,短,,駆逐|軽巡|重巡|潜水,0,0,,
175,SSホロ,4,雷電,局地戦闘機,0,0,0,6,0,0,0,0,0,,2,,5,2,,
176,Sホロ,3,三式戦 飛燕,陸軍戦闘機,0,0,0,8,0,0,0,0,0,,3,,1,3,,
177,SSホロ,5,三式戦 飛燕(飛行第244戦隊),陸軍戦闘機,0,0,0,9,0,0,0,0,0,,4,,3,4,,
178,SSホロ,4,PBY-5A Catalina,大型飛行艇,0,0,0,0,2,9,2,0,0,,10,,0,0,,
179,ホロ,4,試製61cm六連装(酸素)魚雷,魚雷,0,14,0,0,0,0,2,0,0,短,,駆逐|軽巡|重巡|潜水,0,0,,
180,Sホロ,3,一式陸攻 二二型甲,陸上攻撃機,0,11,12,3,2,4,0,0,0,,10,,0,0,,
181,ホロ,2,零式艦戦32型,艦上戦闘機,0,0,0,5,0,0,0,2,0,,5,軽母|空母,0,0,,
182,Sホロ,3,零式艦戦32型(熟練),艦上戦闘機,0,0,0,8,0,0,1,4,0,,5,軽母|空母,0,0,,
183,SSホロ,6,16inch三連装砲 Mk.7+GFCS,大口径主砲,24,0,0,3,0,0,7,1,1,長,,戦艦|航戦,0,0,,
184,Sホロ,3,Re.2001 OR改,艦上戦闘機,3,0,0,6,0,0,0,2,0,,4,軽母|空母,0,0,,
185,SSホロ,4,三式戦 飛燕一型丁,陸軍戦闘機,0,0,0,9,0,0,0,0,0,,4,,2,3,,
186,SSホロ,4,一式陸攻 三四型,陸上攻撃機,0,11,12,4,2,4,1,0,0,,8,,0,0,,
187,SSホロ,4,銀河,陸上攻撃機,0,14,14,3,3,3,1,0,0,,9,,0,0,,
188,SSホロ,4,Re.2001 G改,艦上攻撃機,3,4,0,4,0,0,0,2,0,,3,軽母|空母,0,0,,
189,SSホロ,5,Re.2005 改,艦上戦闘機,1,0,0,11,0,0,0,3,0,,3,軽母|空母,0,0,,
190,Sホロ,3,38.1cm Mk.I連装砲,大口径主砲,18,0,0,1,0,0,1,0,0,長,,戦艦|航戦,0,0,,
191,Sホロ,3,QF 2ポンド8連装ポンポン砲,対空機銃,1,0,0,10,0,0,0,0,0,,,駆逐|軽巡|重巡|戦艦|軽母|空母|水母|航戦,0,0,,
192,SSホロ,4,38.1cm Mk.I/N連装砲改,大口径主砲,19,0,0,3,0,0,2,0,0,長,,戦艦|航戦,0,0,,
193,ホロ,2,特大発動艇,上陸用舟艇,0,0,0,0,0,0,0,0,0,,,水母,0,0,,
194,Sホロ,3,Lat&eacute; 298B,多用途水上機/水上爆撃機,2,4,5,1,2,4,0,1,0,,4,水母|航戦,0,0,,
195,ホロ,2,SBD,艦上爆撃機,1,0,6,2,3,2,1,2,0,,4,軽母|空母,0,0,,
196,ホロ,2,TBD,艦上攻撃機,1,5,0,0,4,2,0,0,0,,4,軽母|空母,0,0,,
197,ホロ,2,F4F-3,艦上戦闘機,1,0,0,4,0,0,0,2,0,,4,軽母|空母,0,0,,
198,Sホロ,3,F4F-4,艦上戦闘機,1,0,0,5,0,1,1,2,0,,4,軽母|空母,0,0,,
199,SSホロ,5,噴式景雲改,噴式戦闘爆撃機,0,0,15,6,0,3,1,0,0,長,3,,0,0,,
200,SSホロ,5,橘花改,噴式戦闘爆撃機,0,0,11,12,0,0,0,1,0,長,2,,0,0,,
201,Sホロ,3,紫電一一型,局地戦闘機,0,0,0,8,0,0,0,0,1,,3,,1,1,,
202,レア,3,紫電二一型 紫電改,局地戦闘機,0,0,0,9,0,0,0,0,2,,4,,1,3,,
203,Sホロ,3,艦本新設計 増設バルジ(中型艦),増設バルジ(中型艦),0,0,0,0,0,0,0,-1,8,,,重巡|軽母|水母,0,0,,
204,Sホロ,3,艦本新設計 増設バルジ(大型艦),増設バルジ(大型艦),0,0,0,0,0,0,0,-2,10,,,戦艦|空母|航戦,0,0,,
205,SSホロ,4,F6F-3,艦上戦闘機,1,0,0,8,0,1,1,2,0,,5,軽母|空母,0,0,,
206,SSホロ,5,F6F-5,艦上戦闘機,1,0,0,10,0,1,1,3,0,,5,軽母|空母,0,0,,
207,Sホロ,3,瑞雲(六三一空),多用途水上機/水上爆撃機,0,0,7,1,2,4,2,0,0,,5,水母|航戦,0,0,,
208,SSホロ,5,晴嵐(六三一空),多用途水上機/水上爆撃機,0,0,12,0,3,6,2,0,0,,4,水母|航戦,0,0,,
209,Sホロ,3,彩雲(輸送用分解済),輸送機材,0,0,0,0,0,0,0,0,0,,,軽母|空母|水母|航戦|潜水,0,0,,
210,Sホロ,3,潜水艦搭載電探&amp;水防式望遠鏡,潜水艦装備,1,0,0,1,0,4,2,8,0,,,潜水,0,0,,
211,SSホロ,4,潜水艦搭載電探&amp;逆探(E27),潜水艦装備,1,0,0,1,0,5,3,11,0,,,潜水,0,0,,
212,SSホロ,4,彩雲(東カロリン空),艦上偵察機,1,0,0,0,0,10,2,0,0,,8,軽母|空母,0,0,,
213,Sホロ,3,後期型艦首魚雷(6門),潜水艦魚雷,0,15,0,0,0,0,3,1,0,短,,潜水,0,0,,
214,SSホロ,4,熟練聴音員+後期型艦首魚雷(6門),潜水艦魚雷,0,15,0,0,0,1,5,4,0,短,,潜水,0,0,,
215,SSホロ,4,Ro.44水上戦闘機bis,水上戦闘機,0,0,0,3,1,3,2,2,0,,3,水母|航戦,0,0,,
216,SSホロ,4,二式水戦改(熟練),水上戦闘機,0,0,0,5,1,1,1,2,0,,4,水母|航戦,0,0,,
217,Sホロ,3,強風改,水上戦闘機,0,0,0,5,0,1,0,3,0,,3,水母|航戦,0,0,,
218,Sホロ,3,四式戦 疾風,陸軍戦闘機,0,0,0,10,0,0,0,0,0,,5,,1,1,,
219,Sホロ,3,零式艦戦63型(爆戦),艦上爆撃機,0,0,5,5,2,0,0,0,0,,4,軽母|空母,0,0,,
220,SSホロ,4,8cm高角砲改+増設機銃,副砲,1,0,0,7,0,0,2,1,0,短,,軽巡|重巡|戦艦|軽母|空母|水母|航戦,0,0,,
221,ホロ,2,一式戦 隼II型,陸軍戦闘機,0,0,0,6,0,0,0,0,0,,6,,0,2,,
222,Sホロ,3,一式戦 隼III型甲,陸軍戦闘機,1,0,0,7,0,0,0,0,0,,6,,1,3,,
223,SSホロ,4,一式戦 隼III型甲(54戦隊),陸軍戦闘機,2,0,0,8,0,1,0,0,0,,7,,1,3,,
224,SSホロ,4,爆装一式戦 隼III型改(65戦隊),陸上攻撃機,3,0,8,6,0,1,3,2,0,,5,,0,0,,
225,SSホロ,5,一式戦 隼II型(64戦隊),陸軍戦闘機,1,0,0,11,0,1,0,0,0,,7,,1,5,,
226,コモン,1,九五式爆雷,爆雷,0,0,0,0,4,0,0,0,0,,,駆逐|軽巡|水母,0,0,,
227,レア,2,二式爆雷,爆雷,0,0,0,0,7,0,0,0,0,,,駆逐|軽巡|水母,0,0,,
228,ホロ,2,九六式艦戦改,艦上戦闘機,0,0,0,4,0,0,0,2,0,,4,軽母|空母,0,0,,
229,レア,2,12.7cm単装高角砲(後期型),小口径主砲,1,0,0,4,1,0,1,1,0,短,,駆逐|軽巡|水母,0,0,,
230,SSホロ,4,特大発動艇+戦車第11連隊,上陸用舟艇,0,0,0,0,0,0,0,0,0,,,水母,0,0,,
231,ホロ,2,30.5cm三連装砲,大口径主砲,16,0,0,0,0,0,1,0,1,長,,戦艦|航戦,0,0,,
232,SSホロ,4,30.5cm三連装砲改,大口径主砲,17,0,0,3,0,0,3,1,1,長,,戦艦|航戦,0,0,,
233,SSホロ,5,F4U-1D,艦上爆撃機,1,0,7,7,1,1,0,1,0,,6,軽母|空母,0,0,,
234,Sホロ,3,15.5cm三連装副砲改,副砲,7,0,0,5,0,0,4,1,0,中,,軽巡|重巡|戦艦|軽母|空母|水母|航戦,0,0,,
235,Sホロ,3,15.5cm三連装砲改,中口径主砲,7,0,0,5,0,0,3,1,1,中,,軽巡|重巡|戦艦|航戦,0,0,,
236,SSホロ,5,41cm三連装砲改,大口径主砲,22,0,0,6,0,0,4,0,1,長,,戦艦|航戦,0,0,,
237,SSホロ,5,瑞雲(六三四空/熟練),多用途水上機/水上爆撃機,0,0,9,4,6,7,1,1,0,,5,水母|航戦,0,0,,
238,Sホロ,3,零式水上偵察機11型乙,水上偵察機,1,0,0,1,7,6,2,0,0,,7,軽巡|重巡|戦艦|水母|航戦,0,0,,
239,Sホロ,4,零式水上偵察機11型乙(熟練),水上偵察機,2,0,0,1,8,8,3,0,0,,7,軽巡|重巡|戦艦|水母|航戦,0,0,,
240,Sホロ,4,22号対水上電探改四(後期調整型),小型電探,1,0,0,0,2,7,9,0,0,,,駆逐|軽巡|重巡|戦艦|軽母|空母|水母|航戦,0,0,,
241,Sホロ,3,戦闘糧食(特別なおにぎり),戦闘糧食,0,0,0,0,0,0,0,0,0,,,駆逐|軽巡|重巡|戦艦|軽母|空母|水母|航戦|潜水,0,0,,
242,コモン,1,Swordfish,艦上攻撃機,2,3,0,0,4,1,1,0,0,,4,軽母|空母,0,0,,
243,Sホロ,3,Swordfish Mk.II(熟練),艦上攻撃機,3,5,0,0,6,2,3,0,0,,3,軽母|空母,0,0,,
244,SSホロ,4,Swordfish Mk.III(熟練),艦上攻撃機,4,8,0,0,10,5,4,0,0,,3,軽母|空母,0,0,,
245,SSホロ,4,38cm四連装砲,大口径主砲,21,0,0,1,0,0,1,0,0,長,,戦艦|航戦,0,0,,
246,SSホロ,5,38cm四連装砲改,大口径主砲,22,0,0,2,0,0,3,0,1,中,,戦艦|航戦,0,0,,
247,Sホロ,3,15.2cm三連装砲,副砲,6,0,0,1,0,0,3,0,0,中,,軽巡|重巡|戦艦|軽母|空母|水母|航戦,0,0,,
248,レア,2,Skua,艦上爆撃機,0,0,4,2,2,0,0,2,0,,4,軽母|空母,0,0,,
249,レア,2,Fulmar,艦上戦闘機,1,0,0,3,2,1,2,1,0,,4,軽母|空母,0,0,,
250,Sホロ,3,Spitfire Mk.I,陸軍戦闘機,1,0,0,7,0,0,0,0,0,,4,,2,1,,
251,SSホロ,4,Spitfire Mk.V,陸軍戦闘機,1,0,0,9,0,0,0,0,0,,5,,3,2,,
252,SSホロ,4,Seafire Mk.III改,艦上戦闘機,1,0,0,9,0,0,1,2,1,,4,軽母|空母,0,0,,
253,SSホロ,5,Spitfire Mk.IX(熟練),陸軍戦闘機,1,0,0,10,0,0,0,0,0,,4,,2,4,,
254,SSホロ,4,F6F-3N,艦上戦闘機,0,0,0,8,4,2,2,3,0,,5,軽母|空母,0,0,,
255,SSホロ,5,F6F-5N,艦上戦闘機,0,0,0,10,5,3,3,3,0,,5,軽母|空母,0,0,,
256,Sホロ,3,TBF,艦上攻撃機,2,9,0,1,6,2,0,0,0,,6,軽母|空母,0,0,,
257,SSホロ,4,TBM-3D,艦上攻撃機,2,9,0,1,8,4,2,0,0,,6,軽母|空母,0,0,,
258,ホロ,3,夜間作戦航空要員,航空要員,1,0,0,0,0,0,0,0,1,中,,軽母|空母|航戦,0,0,,
259,Sホロ,4,夜間作戦航空要員+熟練甲板員,航空要員,3,0,0,0,0,0,2,1,1,長,,軽母|空母|航戦,0,0,,
260,SSホロ,3,Type124 ASDIC,ソナー,0,0,0,0,11,0,2,1,0,,,駆逐|軽巡|潜水,0,0,,
261,SSホロ,4,Type144/147 ASDIC,ソナー,0,0,0,0,13,0,3,1,0,,,駆逐|軽巡|潜水,0,0,,
262,SSホロ,5,HF/DF+Type144/147 ASDIC,ソナー,0,0,0,0,15,2,3,2,0,,,駆逐|軽巡|潜水,0,0,,
263,Sホロ,4,紫電改(三四三空) 戦闘301,局地戦闘機,0,0,0,11,0,0,0,0,2,,4,,2,4,,
266,レア,2,12.7cm連装砲C型改二,小口径主砲,3,0,0,2,0,0,1,0,1,短,,駆逐|軽巡|水母,0,0,,
267,ホロ,3,12.7cm連装砲D型改二,小口径主砲,3,0,0,4,0,0,2,1,1,短,,駆逐|軽巡|水母,0,0,,
268,Sホロ,3,北方迷彩(+北方装備),増設バルジ(中型艦),0,0,0,0,0,0,0,2,2,,,重巡|軽母|水母,0,0,,
269,Sホロ,3,試製東海,陸上攻撃機,0,0,2,0,10,5,0,0,0,,8,,0,0,,
270,SSホロ,4,東海(九〇一空),陸上攻撃機,0,0,2,0,11,6,1,0,0,,8,,0,0,,
271,SSホロ,4,紫電改四,艦上戦闘機,0,0,0,10,0,0,1,3,1,,4,軽母|空母,0,0,,
272,SSホロ,5,遊撃部隊 艦隊司令部,司令部施設,0,0,0,0,0,1,1,1,1,,,軽巡|重巡|戦艦|軽母|空母|水母|航戦,0,0,,
273,SSホロ,4,彩雲(偵四),艦上偵察機,0,0,0,2,0,10,2,0,0,,7,軽母|空母,0,0,,
274,SSホロ,4,12cm30連装噴進砲改二,対空機銃,0,0,0,8,0,0,1,3,1,,,駆逐|軽巡|重巡|戦艦|軽母|空母|水母|航戦,0,0,,
275,SSホロ,4,10cm連装高角砲改+増設機銃,副砲,2,0,0,9,0,0,2,1,1,短,,軽巡|重巡|戦艦|軽母|空母|水母|航戦,0,0,,
276,SSホロ,4,46cm三連装砲改,大口径主砲,27,0,0,6,0,0,2,0,2,超長,,戦艦|航戦,0,0,,
277,SSホロ,4,FM-2,艦上爆撃機,2,0,2,6,1,0,2,2,0,,4,軽母|空母,0,0,,
278,Sホロ,3,SKレーダー,大型電探,0,0,0,8,0,10,1,2,0,,,軽巡|重巡|戦艦|軽母|空母|水母|航戦,0,0,,
279,SSホロ,4,SK+SGレーダー,大型電探,1,0,0,9,0,12,4,4,0,中,,軽巡|重巡|戦艦|軽母|空母|水母|航戦,0,0,,
280,ホロ,3,QF 4.7inch砲 Mk.XII改,小口径主砲,3,0,0,3,1,0,1,1,0,短,,駆逐|軽巡|水母,0,0,,
281,SSホロ,5,51cm連装砲,大口径主砲,32,0,0,5,0,0,1,-1,2,超長,,戦艦,0,0,,
282,ホロ,3,130mm B-13連装砲,小口径主砲,4,0,0,1,0,0,0,0,1,短,,駆逐|軽巡|水母,0,0,,
283,コモン,2,533mm 三連装魚雷,魚雷,1,5,0,0,0,0,0,1,0,短,,駆逐|軽巡|重巡|潜水,0,0,,
284,ホロ,3,5inch単装砲 Mk.30,小口径主砲,2,0,0,6,0,0,1,2,1,短,,駆逐|軽巡|水母,0,0,,
285,ホロ,3,61cm三連装(酸素)魚雷後期型,魚雷,0,9,0,0,0,0,2,2,1,短,,駆逐|軽巡|重巡|潜水,0,0,,
286,ホロ,3,61cm四連装(酸素)魚雷後期型,魚雷,0,11,0,0,0,0,2,0,1,短,,駆逐|軽巡|重巡|潜水,0,0,,
287,Sホロ,3,三式爆雷投射機 集中配備,爆雷投射機,0,0,0,0,12,0,0,0,0,,,駆逐|軽巡|水母,0,0,,
288,SSホロ,4,試製15cm9連装対潜噴進砲,爆雷投射機,0,0,0,0,15,0,1,0,0,,,駆逐|軽巡|水母,0,0,,
289,SSホロ,4,35.6cm三連装砲改(ダズル迷彩仕様),大口径主砲,19,0,0,5,0,0,3,2,0,長,,戦艦|航戦,0,0,,
290,SSホロ,5,41cm三連装砲改二,大口径主砲,23,0,0,6,0,0,5,0,0,長,,戦艦|航戦,0,0,,
291,Sホロ,3,彗星二二型(六三四空),艦上爆撃機,0,0,11,1,4,0,2,0,0,長,5,軽母|空母,0,0,,
292,SSホロ,4,彗星二二型(六三四空/熟練),艦上爆撃機,0,0,12,2,5,2,3,0,0,長,6,軽母|空母,0,0,,
293,レア,2,12cm単装砲改二,小口径主砲,1,0,0,0,0,0,1,1,1,短,,駆逐|軽巡|水母,0,0,,
294,レア,1,12.7cm連装砲A型改二,小口径主砲,2,0,0,1,0,0,1,0,1,短,,駆逐|軽巡|水母,0,0,,
295,ホロ,3,12.7cm連装砲A型改三(戦時改修)+高射装置,小口径主砲,2,0,0,8,0,0,1,0,1,短,,駆逐|軽巡|水母,0,0,,
296,ホロ,3,12.7cm連装砲B型改四(戦時改修)+高射装置,小口径主砲,3,0,0,9,0,0,1,0,1,短,,駆逐|軽巡|水母,0,0,,
297,コモン,1,12.7cm連装砲A型,小口径主砲,2,0,0,1,0,0,0,0,0,短,,駆逐|軽巡|水母,0,0,,
298,Sホロ,3,16inch Mk.I三連装砲,大口径主砲,21,0,0,0,0,0,2,0,1,長,,戦艦|航戦,0,0,,
299,SSホロ,4,16inch Mk.I三連装砲+AFCT改,大口径主砲,22,0,0,0,0,0,4,0,1,長,,戦艦|航戦,0,0,,
300,SSホロ,5,16inch Mk.I三連装砲改+FCR type284,大口径主砲,23,0,0,7,0,0,6,2,1,長,,戦艦|航戦,0,0,,
301,Sホロ,3,20連装7inch UP Rocket Launchers,対空機銃,0,0,0,7,0,0,0,2,0,,,駆逐|軽巡|重巡|戦艦|軽母|空母|水母|航戦,0,0,,
302,Sホロ,3,九七式艦攻(九三一空/熟練),艦上攻撃機,0,8,0,0,9,3,2,1,0,,4,軽母|空母,0,0,,
303,Sホロ,3,Bofors15.2cm連装砲 Model1930,中口径主砲,5,0,0,4,0,0,3,1,0,中,,軽巡|重巡|戦艦|航戦,0,0,,
304,ホロ,2,S9 Osprey,水上偵察機,0,0,0,1,2,4,2,0,0,,3,軽巡|重巡|戦艦|水母|航戦,0,0,,
305,SSホロ,4,Ju87C改二(KMX搭載機),艦上爆撃機,0,0,9,0,9,2,2,1,0,,4,軽母|空母,0,0,,
306,SSホロ,5,Ju87C改二(KMX搭載機/熟練),艦上爆撃機,0,0,10,0,10,2,3,1,0,長,4,軽母|空母,0,0,,
307,Sホロ,4,GFCS Mk.37,小型電探,2,0,0,7,0,6,9,2,1,中,,駆逐|軽巡|重巡|戦艦|軽母|空母|水母|航戦,0,0,,
308,SSホロ,5,5inch単装砲 Mk.30改+GFCS Mk.37,小口径主砲,3,0,0,11,0,3,6,2,1,中,,駆逐|軽巡|水母,0,0,,
309,ホロ,3,甲標的 丙型,特殊潜航艇,0,14,0,0,0,0,1,1,0,,,水母|潜水,0,0,,
310,レア,2,14cm連装砲改,中口径主砲,5,0,0,0,0,0,3,0,1,中,,軽巡|重巡|戦艦|航戦,0,0,,
311,ホロ,2,二式陸上偵察機,陸上偵察機,0,0,0,3,0,8,2,0,0,,8,,0,0,,
312,Sホロ,3,二式陸上偵察機(熟練),陸上偵察機,0,0,0,3,0,9,3,0,1,,9,,0,0,,
313,Sホロ,4,5inch単装砲 Mk.30改,小口径主砲,3,0,0,7,0,0,2,2,1,短,,駆逐|軽巡|水母,0,0,,
314,コモン,2,533mm五連装魚雷(初期型),魚雷,1,8,0,0,0,0,0,1,1,短,,駆逐|軽巡|重巡|潜水,0,0,,
315,Sホロ,4,SG レーダー(初期型),小型電探,1,0,0,3,3,8,8,6,0,中,,駆逐|軽巡|重巡|戦艦|軽母|空母|水母|航戦,0,0,,
316,SSホロ,4,Re.2001 CB改,艦上爆撃機,3,0,6,4,3,0,1,2,0,,3,軽母|空母,0,0,,
317,SSホロ,4,三式弾改,対空強化弾,3,0,0,6,0,0,1,0,0,,,重巡|戦艦|航戦,0,0,,
318,SSホロ,5,41cm連装砲改二,大口径主砲,21,0,0,5,0,0,5,1,2,長,,戦艦|航戦,0,0,,
319,SSホロ,4,彗星一二型(六三四空/三号爆弾搭載機),艦上爆撃機,0,0,12,3,2,0,1,1,0,,5,軽母|空母,0,0,,
320,Sホロ,3,彗星一二型(三一号光電管爆弾搭載機),艦上爆撃機,0,0,11,0,0,0,5,0,0,,5,軽母|空母,0,0,,
322,SSホロ,6,瑞雲改二(六三四空),多用途水上機/水上爆撃機,2,0,10,4,6,7,2,1,0,,5,水母|航戦,0,0,,
323,SSホロ,7,瑞雲改二(六三四空/熟練),多用途水上機/水上爆撃機,2,0,11,5,7,8,3,3,0,,5,水母|航戦,0,0,,
324,SSホロ,4,オ号観測機改,回転翼機,1,0,0,0,10,0,1,0,0,,,軽母|航戦,0,0,,
325,SSホロ,5,オ号観測機改二,回転翼機,1,0,0,0,11,1,1,0,0,,,軽母|航戦,0,0,,
326,SSホロ,6,S-51J,回転翼機,2,0,0,0,12,3,2,0,0,,,軽母|航戦,0,0,,
327,SSホロ,7,S-51J改,回転翼機,2,0,0,0,13,4,3,0,0,,,軽母|航戦,0,0,,
328,Sホロ,3,35.6cm連装砲改,大口径主砲,16,0,0,4,0,0,3,2,2,長,,戦艦|航戦,0,0,,
329,SSホロ,4,35.6cm連装砲改二,大口径主砲,17,0,0,5,0,0,5,2,2,長,,戦艦|航戦,0,0,,
330,レア,2,16inch Mk.I連装砲,大口径主砲,20,0,0,0,0,0,1,1,1,長,,戦艦|航戦,0,0,,
331,Sホロ,3,16inch Mk.V連装砲,大口径主砲,21,0,0,2,0,0,2,1,2,長,,戦艦|航戦,0,0,,
332,SSホロ,4,16inch Mk.VIII連装砲改,大口径主砲,21,0,0,6,0,0,4,2,2,長,,戦艦|航戦,0,0,,
333,Sホロ,4,烈風改,局地戦闘機,0,0,0,10,0,0,0,0,1,,4,,6,2,,
334,SSホロ,5,烈風改(三五二空/熟練),局地戦闘機,0,0,0,11,0,0,0,0,1,,4,,7,3,,
335,Sホロ,4,烈風改(試製艦載型),艦上戦闘機,1,0,0,10,0,0,2,3,0,,5,軽母|空母,0,0,,
336,SSホロ,5,烈風改二,艦上戦闘機,1,0,0,13,0,0,2,1,0,,5,軽母|空母,0,0,,
338,SSホロ,5,烈風改二戊型,艦上戦闘機,2,0,0,11,0,1,0,2,0,,5,軽母|空母,0,0,,
339,SSホロ,7,烈風改二戊型(一航戦/熟練),艦上戦闘機,2,0,0,12,0,1,0,3,0,,6,軽母|空母,0,0,,
340,Sホロ,3,152mm/55 三連装速射砲,中口径主砲,8,0,0,2,0,0,1,0,1,中,,軽巡|重巡|戦艦|航戦,0,0,,
341,Sホロ,4,152mm/55 三連装速射砲改,中口径主砲,9,0,0,3,0,0,2,1,1,中,,軽巡|重巡|戦艦|航戦,0,0,,
342,SSホロ,5,流星改(一航戦),艦上攻撃機,0,14,0,2,6,4,1,0,0,,6,軽母|空母,0,0,,
343,SSホロ,6,流星改(一航戦/熟練),艦上攻撃機,0,15,0,3,7,6,2,0,0,,6,軽母|空母,0,0,,
344,Sホロ,3,九七式艦攻改 試製三号戊型(空六号電探改装備機),艦上攻撃機,0,7,0,0,6,4,1,0,0,,4,軽母|空母,0,0,,
345,SSホロ,4,九七式艦攻改(熟練) 試製三号戊型(空六号電探改装備機),艦上攻撃機,0,9,0,0,7,5,2,0,0,,4,軽母|空母,0,0,,
346,Sホロ,3,二式12cm迫撃砲改,爆雷,0,0,0,0,3,0,0,1,0,,,駆逐|軽巡|水母,0,0,,2019/08/27
347,SSホロ,4,二式12cm迫撃砲改 集中配備,爆雷,0,0,0,0,7,0,0,1,-1,,,駆逐|軽巡|水母,0,0,,2019/08/27
348,SSホロ,4,艦載型 四式20cm対地噴進砲,対地装備,0,0,0,0,0,0,0,0,-2,,,駆逐|軽巡|水母|航戦,0,0,,2019/08/27
349,SSホロ,5,四式20cm対地噴進砲 集中配備,対地装備,1,0,0,0,0,0,0,0,-4,,,駆逐|軽巡|水母|航戦|潜水,0,0,,2020/01/14
350,SSホロ,4,Me163B,局地戦闘機,0,0,0,2,0,0,0,0,0,,1,,9,0,,2019/08/28
351,SSホロ,4,試製 秋水,局地戦闘機,0,0,0,2,0,0,0,0,0,,1,,8,0,,2019/08/28
352,SSホロ,5,秋水,局地戦闘機,0,0,0,3,0,0,0,0,0,,1,,9,0,,2019/08/28
353,SSホロ,5,Fw190 A-5改(熟練),艦上戦闘機,2,0,0,11,0,0,1,3,0,,4,軽母|空母,0,0,,2019/09/18
354,SSホロ,5,Fw190 D-9,局地戦闘機,2,0,0,12,0,0,0,0,0,,3,,3,3,,2019/09/18
355,SSホロ,4,M4A1 DD,上陸用舟艇,2,0,0,0,0,0,0,-1,0,,,水母,0,0,,2019/09/18
356,ホロ,2,8inch三連装砲 Mk.9,中口径主砲,11,0,0,1,0,0,0,-1,0,中,,軽巡|重巡|戦艦|航戦,0,0,,2019/09/30
357,Sホロ,3,8inch三連装砲 Mk.9 mod.2,中口径主砲,12,0,0,2,0,0,1,-1,0,中,,軽巡|重巡|戦艦|航戦,0,0,,2019/10/30
358,ホロ,2,5inch 単装高角砲群,副砲,2,0,0,6,0,0,1,1,1,短,,軽巡|重巡|戦艦|軽母|空母|水母|航戦,0,0,,2020/09/20
359,ホロ,2,6inch連装速射砲 Mk.XXI,中口径主砲,5,0,0,3,0,0,2,1,1,中,,軽巡|重巡|戦艦|航戦,0,0,,2019/12/06
360,Sホロ,3,Bofors 15cm連装速射砲 Mk.9 Model 1938,中口径主砲,6,0,0,5,0,0,3,2,0,中,,軽巡|重巡|戦艦|航戦,0,0,,2019/12/06
361,SSホロ,4,Bofors 15cm連装速射砲 Mk.9改+単装速射砲 Mk.10改 Model 1938,中口径主砲,7,0,0,6,0,0,3,3,-1,中,,軽巡|重巡|戦艦|航戦,0,0,,2019/12/06
362,SSホロ,4,5inch連装両用砲(集中配備),中口径主砲,5,0,0,11,0,0,2,2,0,中,,軽巡|重巡|戦艦|航戦,0,0,,2020/01/14
363,SSホロ,5,GFCS Mk.37+5inch連装両用砲(集中配備),中口径主砲,6,0,0,14,0,3,6,3,0,中,,軽巡|重巡|戦艦|航戦,0,0,,2020/01/14
364,SSホロ,4,甲標的 丁型改(蛟龍改),特殊潜航艇,0,17,0,0,0,2,2,0,0,中,,水母|潜水,0,0,,2020/01/18
365,SSホロ,4,一式徹甲弾改,対艦強化弾,11,0,0,0,0,0,2,0,0,,,戦艦|航戦,0,0,,2020/02/12
366,SSホロ,4,12.7cm連装砲D型改三,小口径主砲,3,0,0,4,2,0,2,2,1,短,,駆逐|軽巡|水母,0,0,,2020/03/25
367,Sホロ,3,Swordfish(水上機型),多用途水上機/水上爆撃機,2,5,5,0,4,2,1,0,0,,3,水母|航戦,0,0,,2020/03/29
368,SSホロ,4,Swordfish Mk.III改(水上機型),多用途水上機/水上爆撃機,4,6,7,0,7,3,2,0,0,,3,水母|航戦,0,0,,2020/03/29
369,SSホロ,5,Swordfish Mk.III改(水上機型/熟練),多用途水上機/水上爆撃機,4,7,8,0,8,4,3,0,0,,,水母|航戦,0,0,,2020/04/03
370,SSホロ,4,Swordfish Mk.II改(水偵型),水上偵察機,1,0,0,0,6,5,2,0,0,,3,軽巡|重巡|戦艦|水母|航戦,0,0,,2020/04/03
371,SSホロ,4,Fairey Seafox改,水上偵察機,2,0,0,1,3,6,2,1,0,,,軽巡|重巡|戦艦|水母|航戦,0,0,,2020/04/03
372,Sホロ,3,天山一二型甲,艦上攻撃機,0,9,0,1,4,2,0,0,0,,5,軽母|空母,0,0,,2020/05/23
373,SSホロ,4,天山一二型甲改(空六号電探改装備機),艦上攻撃機,0,11,0,1,6,5,1,0,0,,5,軽母|空母,0,0,,2020/05/01
374,SSホロ,5,天山一二型甲改(熟練/空六号電探改装備機),艦上攻撃機,0,13,0,1,7,6,2,0,0,,6,軽母|空母,0,0,,2020/05/01
375,SSホロ+,6,XF5U,艦上戦闘機,0,0,0,12,0,1,0,2,0,,4,軽母|空母,0,0,,2020/05/01
376,Sホロ,3,533mm五連装魚雷(後期型),魚雷,1,11,0,0,0,0,0,1,1,短,,駆逐|軽巡|重巡,0,0,,2020/05/23
377,SSホロ,5,RUR-4A Weapon Alpha改,爆雷,0,0,0,0,17,0,1,1,1,,,駆逐|軽巡,0,0,,2020/05/23
378,SSホロ+,6,対潜短魚雷(試作初期型),爆雷,0,2,0,0,20,0,0,0,0,,,駆逐|軽巡,0,0,,2020/05/23
379,Sホロ,3,12.7cm単装高角砲改二,小口径主砲,1,0,0,5,2,0,1,3,1,短,,駆逐|軽巡|水母,0,0,,2020/06/15
380,Sホロ,3,12.7cm連装高角砲改二,小口径主砲,2,0,0,6,2,0,1,2,1,短,,駆逐|軽巡|水母,0,0,,2020/06/15
381,Sホロ,3,16inch三連装砲 Mk.6,大口径主砲,22,0,0,2,0,0,2,0,1,長,,戦艦|航戦,0,0,,2020/06/15
382,ホロ,2,12cm単装高角砲E型,小口径主砲,1,0,0,3,1,0,0,2,0,短,,駆逐|軽巡|水母,0,0,,2020/06/27
383,SSホロ,4,後期型53cm艦首魚雷(8門),潜水艦魚雷,0,19,0,0,0,0,3,1,0,短,,潜水,0,0,,2020/07/03
384,SSホロ,5,潜水艦搭載電探&amp;水防式望遠鏡,潜水艦装備,1,0,0,1,0,4,2,8,0,,,潜水,0,0,,2020/07/03
385,SSホロ,4,16inch三連装砲 Mk.6 mod.2,大口径主砲,23,0,0,2,0,0,3,0,2,長,,戦艦|航戦,0,0,,2020/07/03
386,Sホロ,3,6inch三連装速射砲 Mk.16,中口径主砲,7,0,0,2,0,0,2,0,1,中,,軽巡|重巡|戦艦|航戦,0,0,,2020/08/02
387,SSホロ,4,6inch三連装速射砲 Mk.16 mod.2,中口径主砲,8,0,0,3,0,0,4,1,1,中,,軽巡|重巡|戦艦|航戦,0,0,,2020/08/02
388,SSホロ,5,銀河(江草隊),陸上攻撃機,0,15,15,3,4,4,3,0,0,,7,,0,0,,2020/08/02
389,SSホロ+,6,TBM-3W ＋ 3S,艦上攻撃機,3,10,7,0,13,10,3,0,0,,5,軽母|空母,0,0,,2020/08/29
390,SSホロ,5,16inch三連装砲 Mk.6＋GFCS,大口径主砲,23,0,0,3,0,0,6,1,2,長,,戦艦|航戦,0,0,,2020/10/02
391,ホロ,2,九九式艦爆二二型,艦上爆撃機,0,0,6,0,3,2,1,0,0,,3,軽母|空母,0,0,,2020/10/23
392,Sホロ,3,九九式艦爆二二型(熟練),艦上爆撃機,0,0,8,1,4,3,3,0,0,,3,軽母|空母,0,0,,2020/10/23
393,Sホロ,3,120mm/50 連装砲 mod.1936,小口径主砲,3,0,0,3,0,0,2,0,0,短,,駆逐|軽巡|水母,0,0,,2020/10/30
394,SSホロ,4,120mm/50 連装砲改 A.mod.1937,小口径主砲,3,0,0,4,0,0,3,0,0,短,,駆逐|軽巡|水母,0,0,,2020/10/30
395,Sホロ,3,深山,大型陸上機,0,16,17,1,0,0,0,0,0,,10,,0,0,,2020/10/30
396,SSホロ,4,深山改,大型陸上機,0,17,19,2,0,0,0,0,0,,11,,0,0,,2020/10/30
397,SSホロ,4,現地改装12.7cm連装高角砲,小口径主砲,3,0,0,6,0,0,2,0,1,短,,駆逐|軽巡|水母,0,0,,2020/11/14
398,SSホロ,4,現地改装10cm連装高角砲,小口径主砲,2,0,0,8,0,0,1,0,0,短,,駆逐|軽巡|水母,0,0,,2020/11/14
399,ホロ,2,6inch Mk.XXIII三連装砲,中口径主砲,7,0,0,2,0,0,1,1,1,中,,軽巡|重巡|戦艦|航戦,0,0,,2020/11/28
400,Sホロ,3,533mm 三連装魚雷(53-39型),魚雷,1,6,0,0,0,0,1,2,0,短,,,0,0,,2020/11/30
401,ホロ,2,Do 17 Z-2,陸上攻撃機,0,0,11,2,5,2,0,0,0,,4,,0,0,,2020/11/30
402,Sホロ,3,寒冷地装備＆甲板要員,航空要員,0,0,0,0,0,0,0,0,0,,,,0,0,,2020/11/30
403,SSホロ,4,四式重爆 飛龍,陸上攻撃機,0,14,15,5,4,4,1,0,0,,5,,0,0,,2021/01/07
404,SSホロ,5,四式重爆 飛龍(熟練),陸上攻撃機,0,14,16,5,5,5,2,0,0,,5,,0,0,,2021/01/07
405,SSホロ,4,Do 217 E-5＋Hs293初期型,陸上攻撃機,0,13,22,4,0,3,2,0,0,,4,,0,0,,2021/02/14
406,SSホロ,5,Do 217 K-2＋Fritz-X,陸上攻撃機,0,16,24,4,0,3,2,0,0,,4,,0,0,,2021/02/14
407,SSホロ,4,15.2cm連装砲改二,中口径主砲,6,0,0,4,0,0,4,0,1,,,,0,0,,2021/02/14
408,ホロ,2,装甲艇(AB艇),上陸用舟艇,1,0,0,0,0,1,0,0,0,,,,0,0,,2021/03/01
409,ホロ,2,武装大発,上陸用舟艇,1,0,0,1,0,0,1,0,0,,,,0,0,,2021/03/01
410,SSホロ,4,21号対空電探改二,大型電探,0,0,0,7,0,7,4,4,0,,,,0,0,,2021/04/03
411,SSホロ,4,42号対空電探改二,大型電探,0,0,0,7,0,6,8,-1,0,,,,0,0,,2021/04/03
412,SSホロ,4,水雷戦隊 熟練見張員,水上艦要員,0,3,0,1,0,2,2,3,0,中,,,0,0,,2021/05/05
413,SSホロ,5,精鋭水雷戦隊 司令部,司令部施設,0,3,0,0,0,1,2,0,0,,,,0,0,,2021/05/11
414,Sホロ,3,SOC Seagull,水上偵察機,0,0,1,0,1,4,2,1,0,,3,,0,0,,2021/05/11
415,SSホロ,4,SO3C Seamew改,水上偵察機,0,0,0,1,2,7,3,0,0,,4,,0,0,,2021/05/11
416,SSホロ,5,零式艦戦21型(台南空),局地戦闘機,0,0,0,11,0,1,0,0,0,,7,,1,3,,2021/06/07
417,SSホロ,5,零式艦戦32型(台南空),局地戦闘機,0,0,0,12,0,1,0,0,0,,5,,1,4,,2021/06/07
418,SSホロ,5,零式艦戦22型(251空),局地戦闘機,0,0,0,12,0,1,0,0,0,,7,,1,3,,2021/06/07
419,Sホロ,3,SBD-5,艦上爆撃機,1,0,7,2,4,3,2,3,0,,4,,0,0,,2021/06/07
420,SSホロ,4,SB2C-3,艦上爆撃機,1,0,11,2,5,3,1,1,0,,,,0,0,,2021/07/07
421,SSホロ,5,SB2C-5,艦上爆撃機,2,0,12,2,6,4,2,2,0,,,,0,0,,2021/07/07
422,SSホロ,5,FR-1 Fireball,艦上戦闘機,2,0,0,11,0,0,1,3,0,,5,,0,0,,2021/07/18
