comment,equipId,countAt,reset,grouping,shipNames,classNames,shipTypes,subEquipIds,subEquipCategories,subEquipIds2,subEquipCategories2,firepower,bombing,torpedo,antiair,ASW,evasion,LoS,armor,accuracy,range,lastModified
12.7cm連装砲A型改二,294,*,,,,吹雪型|綾波型|暁型,,,,,,1,,0,0,0,0,0,0,,,
,294|295|455,1,,,,吹雪型|綾波型|暁型,,,水上電探,,,3,,1,0,0,2,0,0,0,0,2022/05/28
+3連装,294|295|455,1,,,,吹雪型|綾波型|暁型,,13|125|285,,,,1,,3,0,0,0,0,0,0,0,2022/05/28
+3連装x2,294|295|455,1,,,,吹雪型|綾波型|暁型,,13|125|285,,13|125|285,,1,,2,0,0,0,0,0,0,0,2022/05/28
+3後期型混じり,294|295|455,1,,,,吹雪型|綾波型|暁型,,285,,,,0,,1,0,0,0,0,0,0,0,2022/05/28
12.7cm連装砲A型改三(戦時改修)＋高射装置,295,*,,,,吹雪型|綾波型|暁型,,,,,,2,,0,2,0,0,0,0,,,
,295,*,,,磯波改二,,,,,,,1,,0,1,1,0,0,0,0,0,2022/05/28
,295,1,,,,吹雪型|綾波型|暁型,,,対空電探,,,0,,0,6,0,0,0,0,,,
試製 長12.7cm連装砲A型改四:455,455,*,,,,吹雪型,,,,,,3,,0,1,0,0,0,0,0,0,2022/05/28
,455,*,,,,綾波型|暁型,,,,,,2,,0,1,0,0,0,0,0,0,2022/05/28
,455,*,,,^浦波,,,,,,,1,,0,0,0,0,0,0,0,0,2022/05/28
,455,*,,,磯波改二,,,,,,,1,,0,0,1,0,0,0,0,0,2022/05/28
,455,*,,,浦波改二,,,,,,,1,,1,0,1,1,0,0,0,0,2022/05/28
,455,1,,,,吹雪型|綾波型|暁型,,,対空電探,,,0,,0,4,0,0,0,0,0,0,2022/05/28
12.7cm連装砲B型改四(戦時改修)＋高射装置,296,*,,,,綾波型|暁型|白露型|改白露型,,,,,,1,,0,0,0,0,0,0,,,
,296,*,,,,初春型,,,,,,1,,0,0,0,1,0,0,,,
,296,*,,,敷波改二,,,,,,,2,,1,0,0,0,0,0,,,2020/02/12
,296,*,,,天霧改二|天霧改二丁,,,,,,,3,,0,0,0,0,0,0,0,0,2022/02/22
,296,*,,,白露改二,,,,,,,1,,0,0,0,2,0,0,,,
,296,*,,,時雨改二,,,,,,,1,,0,1,0,1,0,0,,,
,296,*,,,村雨改二,,,,,,,0,,0,1,0,2,0,0,,,
,296,*,,,夕立改二,,,,,,,1,,1,0,0,1,0,0,,,
,296,*,,,白露改|海風改二|江風改二|山風改二|山風改二丁,,,,,,,0,,0,0,0,2,0,0,,,2021/10/02
,296,1,,,,綾波型|暁型|初春型,,,水上電探,,,1,,2,0,0,2,0,0,,,
,296,1,,,,白露型|改白露型,,,水上電探,,,1,,3,0,0,2,0,0,,,
,296,1,,,,綾波型|暁型|初春型,,,対空電探,,,0,,0,5,0,0,0,0,,,
,296,1,,,,白露型|改白露型,,,対空電探,,,0,,0,6,0,0,0,0,,,
+3連装後期,296,1,,,,綾波型|暁型|初春型,,285,,,,1,,3,0,0,0,0,0,,,
+4連装後期,296,1,,,,白露型|改白露型,,286,,,,1,,3,0,0,0,0,0,,,
12.7cm連装砲C型改二,266,*,,,丹陽,白露型|改白露型|朝潮型|陽炎型|改陽炎型,,,,,,1,,0,0,0,0,0,0,,,2020/11/15
,266,*,,,時雨改二|雪風改|丹陽|磯風乙改,,,,,,,0,,0,0,0,1,0,0,,,2020/11/15
,266,1,,,!秋雲改二,陽炎型改二|改陽炎型改二,,,,,,1,,0,0,0,0,0,0,0,,2020/11/15
,266,2,,,!秋雲改二,陽炎型改二|改陽炎型改二,,,,,,2,,0,0,0,0,0,0,0,,2020/11/15
,266,1,,,,白露型|改白露型|朝潮型,,,水上電探,,,1,,3,0,0,1,0,0,,,
,266,1,,,丹陽,陽炎型|改陽炎型,,,水上電探,,,2,,3,0,0,1,0,0,,,2020/11/15
12.7cm連装砲D型改二,267,*,,,秋雲改二,夕雲型|島風型,,,,,,2,,0,0,0,1,0,0,0,,2020/10/23
探照灯・見張員シナジーは別位置で定義,267,*,,,!秋雲改二|丹陽,陽炎型|改陽炎型,,,,,,1,,0,0,0,1,0,0,0,,2020/10/23
,267,*,,,秋雲改二,夕雲型改二,,,,,,1,,0,0,0,0,0,0,0,,2020/10/23
,267,*,,,高波改二,,,,,,,1,,0,0,0,0,0,0,0,0,2021/06/07
,267,1,,,!秋雲改二,陽炎型改二|改陽炎型改二,,,,,,1,,0,0,0,0,0,0,0,,2020/10/23
,267,1,,,秋雲改二,夕雲型,,,水上電探,,,2,,3,0,0,1,0,0,0,,2020/10/23
,267,1,,,秋雲改二,夕雲型改二,,,水上電探,,,1,,3,0,0,2,0,0,0,,2020/10/23
,267,1,,,島風改,,,,水上電探,,,1,,3,0,0,2,0,0,,,
12.7cm連装砲D型改三,366,*,,,,島風型|夕雲型改二,,,,,,2,,0,0,0,1,0,0,0,,2023/03/22
12.7cm連装砲D型改三,366,*,,,,陽炎型,,,,,,1,,0,0,0,1,0,0,0,,2023/03/22
12.7cm連装砲D型改三,366,*,,,陽炎改二|不知火改二|黒潮改二|雪風改二|親潮改二|早潮改二,,,,,,,1,,0,2,0,0,0,0,0,,2023/03/22
12.7cm連装砲D型改三,366,*,,,夕雲改二|長波改二|巻雲改二|風雲改二|沖波改二|朝霜改二,,,,,,,1,,0,0,0,0,0,0,0,,2023/03/22
12.7cm連装砲D型改三,366,*,,,秋雲改二|高波改二,,,,,,,2,,0,0,0,0,0,0,0,,2023/03/22
12.7cm連装砲D型改三,366,*,,,島風改|夕雲改二|長波改二|巻雲改二|風雲改二|沖波改二|朝霜改二|秋雲改二|高波改二,,,,,,,1,,0,3,0,0,0,0,1,,2023/03/22
12.7cm連装砲D型改三 水上電探シナジー,366,1,,,島風改|夕雲改二|長波改二|巻雲改二|風雲改二|沖波改二|朝霜改二|秋雲改二|高波改二,,,,水上電探,,,2,,4,0,0,2,0,0,2,,2023/03/22
12.7cm連装砲D型改三 対空電探シナジー,366,1,,,島風改|夕雲改二|長波改二|巻雲改二|風雲改二|沖波改二|朝霜改二|秋雲改二|高波改二,,,,対空電探,,,1,,0,5,0,3,0,0,1,,2023/03/22
12.7cm連装砲D型改三 改修ボーナス,366,*,,,島風改|夕雲改二|長波改二|巻雲改二|風雲改二|沖波改二|朝霜改二|秋雲改二|高波改二,,,,,,,0|0|0|0|0|0|0|0|1|1|1,,0,0,0,0,0,0,0|0|0|0|0|1|1|1|1|1|2,,2023/03/22
12.7cm連装砲D型改三,366,*,,,沖波改二|秋雲改二,,,,,,,1,,0,2,0,0,0,0,0,,2023/03/22
10cm高角砲＋高射装置:122,122,*,,,,秋月型,,,,,,1,,0,2,0,1,0,0,0,0,2021/04/04
,122,*,,,雪風改二,,,,,,,0|0|0|0|5|5|5|5|5|5|5,,0,3,0,0|0|0|0|2|2|2|2|2|2|2,0,0,0,,2020/11/15
,122,1,,,雪風改二,,,,水上電探,,,0|0|0|0|4|4|4|4|4|4|4,,0,0,0,0|0|0|0|3|3|3|3|3|3|3,0,0,0,,2020/11/15
,122,1,,,雪風改二,,,,対空電探,,,0,,0,0|0|0|0|4|4|4|4|4|4|4,0,0|0|0|0|3|3|3|3|3|3|3,0,0,0,,2020/11/15
12cm単装砲改二,293,*,,,,神風型|睦月型,,,,,,2,,0,1,0,3,0,0,,,
,293,*,,,,占守型|択捉型,,,,,,1,,0,1,0,2,0,0,,,
,293,1,,,,神風型|睦月型,,,水上電探,,,2,,1,0,0,3,0,0,,,
,293,1,,,,占守型|択捉型,,,水上電探,,,2,,0,0,1,3,0,0,,,
+53cm連装魚雷,293,1,,,,神風型|睦月型,,174,,,,2,,4,0,0,0,0,0,,,
+53cm連装魚雷x2,293,1,,,,神風型|睦月型,,174,,174,,1,,3,0,0,0,0,0,,,
12.7cm単装高角砲(後期型):229,229,*,,,夕張改二|夕張改二特|夕張改二丁,,,,,,,1,,0,1,0,0,0,0,0,0,2021/01/08
,229,*,,,雪風改二,,,,,,,2,,0,3,2,0,0,0,0,0,2021/01/08
,229,1,,,夕張改二|夕張改二特|夕張改二丁,,,,水上電探,,,1,,0,0,0,1,0,0,0,0,2021/01/08
,229,1,,,夕張改二|夕張改二特|夕張改二丁,,,,対空電探,,,0,,0,2,0,2,0,0,0,0,2021/01/08
,229,1,,,雪風改二,,,,水上電探,,,2,,0,0,0,2,0,0,0,0,2021/01/08
,229,1,,,雪風改二,,,,対空電探,,,0,,0,3,0,2,0,0,0,0,2021/01/08
★7以上,229,*,,,,神風型|睦月型,海防艦,,,,,0|0|0|0|0|0|0|1|1|1|1,,0,0|0|0|0|0|0|0|1|1|1|1,0,0,0,0,0,0,2021/01/08
,229,*,,,鬼怒|那珂,,,,,,,0|0|0|0|0|0|0|2|2|2|2,,0,0,0,0,0,0,0,0,2021/01/08
,229,*,,,由良|鬼怒改|那珂改,,,,,,,0|0|0|0|0|0|0|2|2|2|2,,0,0|0|0|0|0|0|0|1|1|1|1,0,0,0,0,0,0,2021/01/08
,229,*,,,由良改|鬼怒改二|那珂改二,,,,,,,0|0|0|0|0|0|0|2|2|2|2,,0,0|0|0|0|0|0|0|2|2|2|2,0,0,0,0,0,0,2021/01/08
,229,*,,,由良改二,,,,,,,0|0|0|0|0|0|0|2|2|2|2,,0,0|0|0|0|0|0|0|3|3|3|3,0,0,0,0,0,0,2021/01/08
,229,1,,,,神風型|睦月型,,,水上電探,,,0|0|0|0|0|0|0|2|2|2|2,,0,0,0,0|0|0|0|0|0|0|3|3|3|3,0,0,0,0,2021/01/08
,229,1,,,,,海防艦,,水上電探,,,0|0|0|0|0|0|0|1|1|1|1,,0,0,0,0|0|0|0|0|0|0|4|4|4|4,0,0,0,0,2021/01/08
,229,1,,,由良改二|鬼怒改二|那珂改二,,,,水上電探,,,0|0|0|0|0|0|0|3|3|3|3,,0,0,0,0|0|0|0|0|0|0|2|2|2|2,0,0,0,0,2021/01/08
12.7cm単装高角砲改二:379,379,*,,,,神風型|睦月型,海防艦,,,,,1,,0,2,0,0,0,0,,,2020/08/08
12.7cm連装高角砲改二:380,379|380,*,,,丹陽|雪風改二,,,,,,,3,,0,3,0,0,0,0,0,,2020/11/15
,379,*,,,雪風改二,,,,,,,0,,0,0,2,3,0,0,0,,2020/11/15
,379|380,*,,,,天龍型,,,,,,1,,0,0,0,0,0,0,,,2020/08/08
,379|380,*,,,,天龍型改二,,,,,,0,,0,2,2,0,0,0,,,2020/08/08
,379|380,*,,,[五十鈴]|[鬼怒]|[那珂]|[由良],,,,,,,2,,0,2,1,0,0,0,,,2020/08/08
,379|380,*,,,五十鈴改二|鬼怒改二|那珂改二,,,,,,,0,,0,1,1,0,0,0,,,2020/08/08
,379|380,*,,,由良改,,,,,,,0,,0,1,0,0,0,0,,,2020/08/08
,379|380,*,,,由良改二,,,,,,,0,,0,2,1,0,0,0,,,2020/08/08
,379,*,,,[球磨改二]|[北上]|[大井],,,,,,,2,,0,2,0,0,0,0,,,2021/01/25
,380,*,,,[球磨改二]|[北上]|[大井],,,,,,,3,,0,2,0,0,0,0,,,2021/01/25
,379|380,*,,,,夕張型,,,,,,1,,0,0,1,0,0,0,,,2020/08/08
,379|380,*,,,夕張改二,,,,,,,0,,0,2,0,0,0,0,,,2020/08/08
,379|380,*,,,夕張改二丁,,,,,,,0,,0,2,2,0,0,0,,,2020/08/08
,379,*,,,,,練習巡洋艦|水上機母艦,,,,,1,,0,1,0,0,0,0,,,2020/08/08
,380,*,,,,,練習巡洋艦|水上機母艦,,,,,1,,0,2,0,0,0,0,,,2020/08/08
,379|380,*,,,,松型,,,,,,1,,0,2,0,0,0,0,,,2020/08/08
,379|380,1,,,,松型,,,,,,2,,0,2,0,0,0,0,,,2020/08/08
,380,*,,,曙改二|潮改二,,,,,,,2,,0,2,0,0,0,0,0,0,2021/03/07
,380,1,,,曙改二|潮改二,,,,,,,1,,0,1,0,2,0,0,0,0,2021/03/07
,379,1,,,,神風型|睦月型,,,水上電探,,,2,,0,0,0,3,0,0,,,2020/08/08
,379,1,,,,,海防艦,,水上電探,,,1,,0,0,0,4,0,0,,,2020/08/08
,379,1,,,,,軽巡系|水上機母艦,,水上電探,,,1,,0,0,0,2,0,0,,,2020/08/08
,379,1,,,五十鈴改二|鬼怒改二|那珂改二|[球磨改二]|北上改二|大井改二,,,,水上電探,,,1,,0,0,0,1,0,0,,,2021/01/25
,379,1,,,由良改二,,,,水上電探,,,2,,0,0,0,2,0,0,,,2020/08/08
,379,1,,,,夕張型|天龍型,,,水上電探,,,2,,0,0,0,3,0,0,,,2020/08/08
,379,1,,,丹陽|雪風改二,,,,水上電探,,,2,,0,0,0,2,0,0,0,,2020/11/15
,379,1,,,雪風改二,,,,対空電探,,,0,,0,3,0,2,0,0,0,,2020/11/15
,379|380,1,,,,松型,,,水上電探,,,4,,0,0,0,3,0,0,,,2020/08/08
,380,1,,,,,軽巡系|水上機母艦,,水上電探,,,2,,0,0,0,1,0,0,,,2020/08/08
,380,1,,,五十鈴改二|鬼怒改二|由良改二|北上改二|大井改二,,,,水上電探,,,1,,0,0,0,2,0,0,,,2021/01/25
,380,1,,,[球磨改二],,,,水上電探,,,1,,0,0,0,3,0,0,,,2021/01/25
,380,1,,,丹陽|雪風改二,,,,水上電探,,,1,,0,0,0,2,0,0,0,,2020/11/15
,380,1,,,曙改二|潮改二,,,,水上電探,,,2,,0,0,0,1,0,0,0,0,2021/03/07
,380,1,,,曙改二|潮改二,,,,対空機銃,,,1,,0,2,0,1,0,0,0,0,2021/03/07
12.7cm連装砲A型,297,*,,,,吹雪型,,,,,,0,,0,0,0,2,0,0,,,
,297,*,,,,綾波型|暁型,,,,,,0,,0,0,0,1,0,0,,,
12.7cm連装砲B型改二,63,*,,,,綾波型|暁型|初春型,,,,,,0,,0,1,0,0,0,0,,,
,63,*,,,敷波改二,,,,,,,1,,0,0,0,0,0,0,,,2020/02/12
,63,*,,,天霧改二|天霧改二丁,,,,,,,2,,0,0,0,0,0,0,0,0,2022/02/22
,63,*,,,白露改|白露改二|村雨改二,,,,,,,0,,0,0,0,1,0,0,,,
,63,*,,,時雨改二,,,,,,,1,,0,0,0,0,0,0,,,
,63,*,,,夕立改,,,,,,,1,,0,1,0,2,0,0,,,2020/08/08
,63,*,,,夕立改二,,,,,,,1,,1,1,0,2,0,0,,,
,63,*,,,江風改二,,,,,,,0,,0,0,0,2,0,0,,,
10cm連装高角砲:3,3,*,,,,秋月型,,,,,,1,,0,2,0,1,0,0,0,0,2021/10/02
5inch単装砲 Mk.30改,313,*,,,丹陽|雪風改二,Fletcher級|John C.Butler級,,,,,,2,,0,2,0,1,0,1,0,,2020/11/15
5inch単装砲 Mk.30改＋GFCS Mk.37,308,*,,,,,駆逐艦,,,,,1,,0,0,0,0,0,0,,,
,308,*,,,,,海防艦,,,,,0,,0,1,0,1,0,0,,,
,308,*,,,丹陽|雪風改二,Fletcher級|John C.Butler級,,,,,,1,,0,1,0,1,0,0,,,2020/11/15
,308,*,,,,Brooklyn級|Atlanta級|St. Louis級,,,,,,1,,0,1,0,1,0,0,,,2021/06/07
130mm B-13連装砲,282,*,,,Верный,Ташкент級|夕張型,,,,,,2,,0,0,0,0,0,1,,,
+533mm 三連装魚雷(53-39型):400,282,1,,,Верный,Ташкент級,,400,,,,2,,0,0,0,0,0,0,0,0,2021/01/08
12cm単装高角砲E型,382,*,,,,,海防艦,,,,,0,,0,2,1,2,0,0,,,2020/06/27
,382,*,,,,神風型|睦月型|松型,,,,,,0,,0,2,0,1,0,0,,,2020/08/08
,382,*,,,雪風改二,,,,,,,0,,0,3,0,2,0,0,0,0,2021/01/08
,382,*,,,由良|鬼怒|那珂,,,,,,,0,,0,1,0,0,0,0,,,2020/06/27
,382,*,,,由良改|鬼怒改|那珂改|由良改二|鬼怒改二|那珂改二,,,,,,,0,,0,1,0,1,0,0,,,2020/06/27
,382,1,,,,,海防艦,,水上電探,,,2,,0,0,0,3,0,0,,,2020/06/27
,382,1,,,,,海防艦,,対空電探,,,0,,0,2,0,3,0,0,,,2020/06/27
,382,1,,,,神風型|睦月型|松型,,,水上電探,,,1,,0,0,0,2,0,0,,,2020/08/08
,382,1,,,,神風型|睦月型|松型,,,対空電探,,,0,,0,2,0,2,0,0,,,2020/08/08
,382,1,,,雪風改二,,,,水上電探,,,2,,0,0,0,2,0,0,0,0,2021/01/08
,382,1,,,雪風改二,,,,対空電探,,,0,,0,3,0,2,0,0,0,0,2021/01/08
,382,1,,,由良改二|鬼怒改二|那珂改二,,,,水上電探,,,1,,0,0,0,1,0,0,,,2020/06/27
,382,1,,,由良改二|鬼怒改二|那珂改二,,,,対空電探,,,0,,0,2,0,2,0,0,,,2020/06/27
120mm/50 連装砲,147,*,,,,Maestrale級,,,,,,1,,0,0,0,1,0,0,0,0,2020/12/06
120mm/50 連装砲 mod.1936,393,*,,,,Maestrale級,,,,,,2,,0,1,0,1,0,0,0,,2020/10/30
120mm/50 連装砲改 A.mod.1937,394,*,,,,Maestrale級,,,,,,2,,0,1,0,2,0,0,0,,2020/10/30
,394,*,,,[Grecale],,,,,,,0,,0,0,0,1,0,0,0,,2020/10/30
12.7cm単装砲,78,*,,,,Z1型,,,,,,1|1|1|1|1|1|1|2|2|2|2,,0,0,0,1,0,0|0|0|0|0|0|0|0|0|0|1,0,,2021/01/08
,78,1,,,,Z1型,,,水上電探,,,2,,2,0,0,2,0,0,0,,2020/11/15
現地改装12.7cm連装高角砲:397,397,*,,,丹陽,,,,,,,5||||9,,0,2,0,1||||2,0,0,0,,2020/11/15
,397,*,,,雪風改二,,,,,,,3,,0,1,0,1,0,0,0,,2020/11/15
,397,1,,,丹陽|雪風改二,,,,水上電探,,,3,,0,0,0,3,0,0,0,,2020/11/15
現地改装10cm連装高角砲:398,398,*,,,丹陽,,,,,,,4||||7,,0,4,0,2||||4,0,0,0,,2020/11/15
,398,*,,,雪風改二,,,,,,,3||||5,,0,2,0,2||||3,0,0,0,,2020/11/15
,398,1,,,丹陽|雪風改二,,,,水上電探,,,3,,0,0,0,3,0,0,0,,2020/11/15
,398,1,,,丹陽|雪風改二,,,,対空電探,,,0,,0,3,0,3,0,0,0,,2020/11/15
12.7cm連装砲C型改三 白露型|朝潮型,470,*,,,,白露型|改白露型|朝潮型,,,,,,1,,0,0,0,0,0,0,0,,2023/01/03
12.7cm連装砲C型改三 白露型|朝潮型 水上電探,470,1,,,,白露型|改白露型|朝潮型,,,水上電探,,,1,,3,0,0,1,0,0,1,,2023/01/03
12.7cm連装砲C型改三 陽炎型,470,*,,,,陽炎型|改陽炎型,,,,,,2,,0,0,0,0,0,0,0,,2023/01/03
12.7cm連装砲C型改三 陽炎型 水上電探,470,1,,,,陽炎型|改陽炎型,,,水上電探,,,2,,3,0,0,1,0,0,3,,2023/01/03
12.7cm連装砲C型改三 時雨|雪風|磯風,470,*,,,時雨|時雨改|時雨改二|雪風|雪風改|雪風改二|丹陽|磯風|磯風改|磯風乙改,,,,,,,0,,0,0,0,2,0,0,0,,2023/01/03
12.7cm連装砲C型改三 時雨改二|陽炎改二|不知火改二|黒潮改二|丹陽|雪風改二|親潮改二|早潮改二 1本目,470,1,,,時雨改二|陽炎改二|不知火改二|黒潮改二|丹陽|雪風改二|親潮改二|早潮改二,,,,,,,1,,0,0,0,0,0,0,2,,2023/01/03
12.7cm連装砲C型改三 時雨改二|陽炎改二|不知火改二|黒潮改二|丹陽|雪風改二|親潮改二|早潮改二 2本目,470,2,,,時雨改二|陽炎改二|不知火改二|黒潮改二|丹陽|雪風改二|親潮改二|早潮改二,,,,,,,2,,0,0,0,0,0,0,0,,2023/01/03
12.7cm連装砲C型改三 時雨改二|陽炎改二|不知火改二|黒潮改二|丹陽|雪風改二|親潮改二|早潮改二 改修ボーナス,470,*,,,時雨改二|陽炎改二|不知火改二|黒潮改二|丹陽|雪風改二|親潮改二|早潮改二,,,,,,,0|0|0|0|0|0|0|0|1|1|1,,0,0,0,0,0,0,0|0|0|0|0|1|1|1|1|1|2,,2023/01/03
20.3cm(2号)連装砲,90,*,,,,,日本重巡洋艦|日本航空巡洋艦,,,,,1,,0,0,0,0,0,0,0,,2020/11/29
,90,*,,,最上改二|最上改二特,,,,,,,2,,0,0,0,0,0,0,0,0,2021/04/04
,90,*,,,古鷹改二|加古改二|衣笠改,,,,,,,1,,0,0,0,0,0,0,,,
,90,*,,,青葉改,,,,,,,1,,0,1,0,0,0,0,,,
,90,*,,,衣笠改二,,,,,,,2,,0,0,0,1,0,0,,,
,90,1,,,,古鷹型|青葉型,,,水上電探,,,3,,2,0,0,2,0,0,,,
,90,1,,,青葉|青葉改,,,,対空電探,,,0,,0,5,0,2,0,0,,,
20.3cm(3号)連装砲,50,*,,,,古鷹型|青葉型,,,,,,1,,0,0,0,0,0,0,,,2020/03/30
,50,*,,,,妙高型|高雄型,,,,,,2,,0,0,0,1,0,0,,,2020/03/30
,50,*,,,最上改二|最上改二特,,,,,,,1,,0,0,0,0,0,0,0,0,2021/04/04
,50,1,,,,最上型|利根型,,,,,,2,,0,0,0,1,0,0,,,2020/03/30
,50,2,,,,最上型|利根型,,,,,,4,,0,0,0,1,0,0,,,2020/03/30
,50,3|4,,,,最上型|利根型,,,,,,3,,0,0,0,1,0,0,,,2020/03/30
,50,1,,,,古鷹型|青葉型,,,水上電探,,,1,,1,0,0,1,0,0,,,2020/03/30
,50,1,,,,古鷹型|青葉型,,,水上電探,90,,-1,,-1,0,0,-1,0,0,,,2021/04/04
,50,1,,,最上改二|最上改二特,,,,水上電探,,,1,,0,0,0,1,0,0,,,2021/04/04
,50,1,,,,妙高型|高雄型|最上型|利根型,,,水上電探,,,3,,2,0,0,2,0,0,,,2020/03/30
+21号対空電探,50,1,,,最上改二|最上改二特,,,30,,,,1,,0,3,0,2,0,0,0,0,2021/04/04
+21号対空電探改二,50,1,,,最上改二|最上改二特,,,410,,,,3,,0,3,0,2,0,0,0,0,2021/04/04
Bofors15.2cm連装砲 Model1930,303,*,,,,球磨型|改装球磨型|長良型|川内型|阿賀野型|改阿賀野型,,,,,,1,,0,1,0,0,0,0,,,2021/02/15
,303,*,,,,Gotland級,,,,,,1,,0,2,0,1,0,0,,,
14cm連装砲,119,*,,,,夕張型|香取型,,,,,,1,,0,0,0,0,0,0,,,
,119,*,,,,日進型,,,,,,2,,1,0,0,0,0,0,,,
14cm連装砲改,310,*,,,,夕張型,,,,,,2,,0,1,0,1,0,0,,,
,310,*,,,,香取型,,,,,,2|2|2|2|2|2|2|2|2|2|4,,0,0,0,1|1|1|1|1|1|1|1|1|1|3,0,0,,,2021/03/07
,310,*,,,,日進型,,,,,,3|3|3|3|3|3|3|3|3|3|4,,2|2|2|2|2|2|2|2|2|2|3,1,0,1,0,0,,,2021/03/07
,310,*,,,夕張改二|夕張改二特|夕張改二丁,,,,,,,2|2|2|2|2|2|2|3|3|3|5,,0|0|0|0|0|0|0|1|1|1|1,0,1,1,0,0,,,2021/03/07
,310,1,,,夕張改二|夕張改二特|夕張改二丁,,,,水上電探,,,3,,2,0,0,2,0,0,,,2020/02/12
15.2cm連装砲改:139,139,*,,,能代改二|矢矧改二|矢矧改二乙,,,,,,,2,,0,1,0,0,0,0,0,0,2021/04/04
15.2cm連装砲改二:407,407,*,,,能代改二|矢矧改二|矢矧改二乙,,,,,,,4,,0,2,0,1,0,0,0,0,2021/04/04
,407,1,,,能代改二|矢矧改二|矢矧改二乙,,,,対空電探,,,0,,0,2,0,3,0,0,0,0,2021/04/04
,407,1,,,能代改二|矢矧改二|矢矧改二乙,,,,水上電探,,,2,,2,0,0,2,0,0,0,0,2021/04/04
15.5cm三連装砲:5,5,*,,,,大淀型,,,,,,2,,0,0,0,0,0,0,0,0,2022/02/22
,5,*,,,,最上型,,,,,,1,,0,0,0,0,0,0,0,0,2022/02/22
15.5cm三連装砲改:235,235,*,,,,大淀型|最上型,,,,,,2,,0,1,0,0,0,0,0,0,2022/02/22
,235,*,,,大淀改,,,,,,,1,,0,0,0,1,0,0,0,0,2021/02/15
,235,1,,,,大淀型,,,対空電探,,,0,,0,3,0,3,0,0,0,0,2021/02/15
,235,1,,,,大淀型,,,水上電探,,,3,,0,0,0,2,0,0,0,0,2021/02/15
152mm/55 三連装速射砲,340,*,,,,L.d.S.D.d.Abruzzi級,,,,,,1,,0,1,0,1,0,0,,,2019/09/30
152mm/55 三連装速射砲改,341,*,,,,L.d.S.D.d.Abruzzi級,,,,,,2,,0,1,0,1,0,0,,,2019/09/30
,341,*,,,,Gotland級,,,,,,1,,0,1,0,1,0,0,,,
6inch連装速射砲 Mk.XXI,359,*,,,,Perth級,,,,,,2,,0,2,0,1,0,0,,,2019/12/06
,359,*,,,,夕張型,,,,,,1,,0,1,0,1,0,0,,,2020/02/12
,359,*,,,夕張改二|夕張改二特|夕張改二丁,,,,,,,1,,0,1,0,0,0,0,,,2020/02/12
Bofors 15cm連装速射砲 Mk.9 Model 1938,360,*,,,,De Ruyter級,,,,,,2,,0,2,0,1,0,0,,,2019/12/06
,360,*,,,,Gotland級,,,,,,2,,0,1,0,1,0,0,,,2019/12/06
,360,*,,,,阿賀野型|改阿賀野型,,,,,,1,,0,1,0,0,0,0,,,2021/02/15
Bofors 15cm連装速射砲 Mk.9改+単装速射砲 Mk.10改 Model 1938,361,*,,,,De Ruyter級,,,,,,2,,0,2,0,1,0,0,,,2019/12/06
,361,*,,,,Gotland級,,,,,,2,,0,1,0,1,0,0,,,2019/12/06
,361,*,,,,阿賀野型|改阿賀野型,,,,,,1,,0,1,0,0,0,0,,,2021/02/15
8inch三連装砲 Mk.9,356,*,,,,Northampton級,,,,,,2,,0,0,0,0,0,0,,,2019/12/06
,356,*,,,,最上型,,,,,,1,,0,0,0,0,0,0,,,2019/12/06
8inch三連装砲 Mk.9 mod.2,357,*,,,,Northampton級,,,,,,2,,0,0,0,0,0,0,,,2019/12/06
,357,*,,,,最上型,,,,,,1,,0,0,0,0,0,0,,,2019/12/06
5inch連装両用砲(集中配備):362,362|363,*,,,,Atlanta級,,,,,,1,,0,3,0,2,0,0,,,2020/02/12
GFCS Mk.37＋5inch連装両用砲(集中配備):363,362|363,*,,,,Brooklyn級|St. Louis級|Northampton級|Colorado級,,,,,,0,,0,1,0,1,0,0,,,2021/06/07
,362|363,*,,,,大淀型|阿賀野型|改阿賀野型|De Ruyter級,,,,,,0,,0,-1,0,-2,0,0,,,2021/02/15
,362|363,*,,,,Gotland級|香取型,,,,,,-2,,0,-1,0,-4,0,0,,,2020/02/12
,362|363,*,,,,球磨型|改装球磨型|長良型|川内型,,,,,,-3,,0,-2,0,-6,0,0,,,2021/01/25
,362|363,*,,,,天龍型|夕張型,,,,,,-3,,0,-3,0,-8,0,0,,,2020/02/12
6inch三連装速射砲 Mk.16 [暫定],386,*,,,,Brooklyn級|St. Louis級|Atlanta級|Northampton級|Colorado級,,,,,,1|1|2|2|2|2|2|3|3|3|3,,0,0,0,0,0,0,0,,2021/06/07
6inch三連装速射砲 Mk.16 mod.2 [暫定],387,*,,,,Brooklyn級|St. Louis級|Atlanta級|Northampton級|Colorado級,,,,,,1|1|2|2|2|2|2|3|3|3|3,,0,0,0,0,0,0,0,,2021/06/07
6inch Mk.XXIII三連装砲,399,*,,,,Town級,,,,,,1|||2|2,,0,0,0,2,0,0,0,0,2020/12/06
38cm四連装砲系統 TODOFIX,245|246|468,1,,,,Richelieu級,,247,,,,2,,0,0,0,2,0,0,2,0,2022/06/30
51cm連装砲|試製51cm連装砲,128|281,*,,,大和改二|大和改二重|武蔵改二,,,,,,,1,,0,0,0,0,0,0,1,0,2022/06/08
,128|281,1,,,,大和型|改大和型,,142,,,,1,,0,0,0,0,0,0,2,0,2022/06/08
,128|281,1,,,大和|大和改|武蔵|武蔵改,,,460,,,,1,,0,0,0,0,0,0,2,0,2022/06/08
,128|281,1,,,大和改二|大和改二重|武蔵改二,,,460,,,,1,,0,0,0,1,0,0,3,0,2022/06/08
,128,1,,,大和改二|大和改二重|武蔵改二,,,460,,281,,-1,,0,0,0,-1,0,0,-3,0,2022/06/08
35.6cm三連装砲改(ダズル迷彩仕様) 金剛改二,289,*,,,金剛改二|金剛改二丙,,,,,,,2,,0,1,0,0,0,0,,,2023/01/02
35.6cm三連装砲改(ダズル迷彩仕様) 榛名改二,289,*,,,榛名改二,,,,,,,2,,0,2,0,2,0,0,,,2023/01/02
35.6cm三連装砲改(ダズル迷彩仕様) 比叡改二|霧島改二,289,*,,,比叡改二|比叡改二丙|霧島改二,,,,,,,1,,0,0,0,0,0,0,,,2023/01/02
35.6cm三連装砲改(ダズル迷彩仕様) 金剛改二|榛名改二 相互シナジー 水上電探,289,1,,,金剛改二|金剛改二丙|榛名改二,,,,水上電探,,,2,,0,0,0,2,0,0,,,2023/01/02
35.6cm三連装砲改(ダズル迷彩仕様) 金剛改二 改修ボーナス,289,*,,,金剛改二|金剛改二丙,,,,,,,0|0|0|0|0|0|0|0|1|1|1,,0,0|0|0|0|1|1|1|1|1|1|1,0,0|0|0|0|0|0|1|1|1|1|2,0,0,0,,2023/01/02
35.6cm三連装砲改(ダズル迷彩仕様) 榛名改二 改修ボーナス,289,*,,,榛名改二,,,,,,,0|0|0|0|0|1|1|1|1|1|2,,0,0|0|0|1|1|1|1|1|2|2|2,0,0|1|1|1|1|1|1|2|2|2|2,0,0,0,,2023/01/02
41cm三連装砲改二:290,290,*,,,,扶桑型改二,,,,,,1,,0,0,0,0,0,0,0,,2020/08/08
41cm連装砲改二:318,290,*,,,伊勢改二,,,,,,,3,,0,2,0,1,0,0,3,,2020/08/08
対空電探シナジーが特殊,290,*,,,日向改二,,,,,,,3,,0,2,0,2,0,0,3,,2020/08/08
,290,*,,,伊勢改|日向改,,,,,,,2,,0,2,0,1,0,0,0,,2020/08/08
,318,*,,,,長門型改二,,,,,,3,,0,2,0,1,0,0,2,,2020/08/08
,318,*,,,日向改二,,,,,,,3,,0,2,0,2,0,0,3,,2020/08/08
,318,*,,,伊勢改二,,,,,,,2,,0,2,0,2,0,0,3,,2020/08/08
,318,*,,,伊勢改|日向改,,,,,,,2,,0,2,0,2,0,0,0,,2020/08/08
,318,*,,,,扶桑型改二,,,,,,1,,0,0,0,0,0,0,0,,2020/08/08
,290,1,,,,長門型改二,,318,,,,2,,0,0,0,2,0,1,1,,2020/08/08
,290,1,,,日向改二,,,318,,,,1,,0,0,0,2,0,1,1,,2020/08/08
,290,1,,,伊勢改二|伊勢改|日向改,,,318,,,,0,,0,0,0,2,0,1,0,,2020/08/08
,318,1,,,日向改二|伊勢改二|伊勢改|日向改,,,,対空電探,,,0,,0,2,0,3,0,0,1,,2020/08/08
,318,1,,,日向改二|伊勢改二|伊勢改|日向改,,,,対空電探,290,,0,,0,-2,0,-3,0,0,-1,,2020/08/08
,290,1,,,日向改二|伊勢改二|伊勢改|日向改,,,,対空電探,,,0,,0,2,0,3,0,0,0,,2020/08/08
305mm/46 連装砲:426,426,*,,,,Conte di Cavour級,,,,,,3,,0,0,0,1,0,0,0,0,2021/10/02
,426,*,,,,Гангут級,,,,,,2,,0,0,0,1,0,0,0,0,2021/10/02
,426,1,,,,Conte di Cavour級,,426|427,,,,1,,0,0,0,1,0,0,0,0,2021/10/02
,426,1,,,,Гангут級,,426|427,,,,1,,0,0,0,0,0,0,0,0,2021/10/02
305mm/46 三連装砲:427,427,*,,,,Conte di Cavour級,,,,,,2,,0,0,0,0,0,0,0,0,2021/10/02
,427,*,,,,Гангут級,,,,,,1,,0,0,0,0,0,0,0,0,2021/10/02
320mm/44 連装砲:428,428,*,,,,Conte di Cavour級,,,,,,3,,0,0,0,1,0,0,0,0,2021/10/02
,428,*,,,,V.Veneto級,,,,,,1,,0,0,0,2,0,0,0,0,2021/10/02
,428,*,,,,Гангут級,,,,,,2,,0,0,0,1,0,0,0,0,2021/10/02
,428,1,,,,Conte di Cavour級|V.Veneto級,,428|429,,,,2,,0,0,0,1,0,0,0,0,2021/10/02
,428,1,,,,Гангут級,,428|429,,,,1,,0,0,0,0,0,0,0,0,2021/10/02
320mm/44 三連装砲:429,429,*,,,,Conte di Cavour級,,,,,,2,,0,0,0,0,0,0,0,0,2021/10/02
,429,*,,,,Гангут級,,,,,,1,,0,0,0,0,0,0,0,0,2021/10/02
35.6cm連装砲(ダズル迷彩) 金剛改二,104,*,,,金剛改二|金剛改二丙,,,,,,,2,,0,0,0,0,0,0,,,2023/01/02
35.6cm連装砲(ダズル迷彩) 榛名改二,104,*,,,榛名改二,,,,,,,2,,0,1,0,2,0,0,,,2023/01/02
35.6cm連装砲(ダズル迷彩) 比叡改二|霧島改二,104,*,,,比叡改二|比叡改二丙|霧島改二,,,,,,,1,,0,0,0,0,0,0,,,2023/01/02
16inch Mk.I三連装砲,298,*,,,,Nelson級,,,,,,2,,0,0,0,0,0,1,,,
,298,*,,,,Queen Elizabeth級,,,,,,2,,0,0,0,-2,0,1,,,
,298,*,,,,金剛型改二,,,,,,1,,0,0,0,-3,0,1,,,
16inch Mk.I三連装砲＋AFCT改,299,*,,,,Nelson級,,,,,,2,,0,0,0,0,0,1,,,
,299,*,,,,Queen Elizabeth級,,,,,,2,,0,0,0,-2,0,1,,,
,299,*,,,,金剛型改二,,,,,,1,,0,0,0,-3,0,1,,,
16inch Mk.I三連装砲改＋FCR type284,300,*,,,,Nelson級,,,,,,2,,0,0,0,0,0,1,,,
,300,*,,,,Queen Elizabeth級,,,,,,2,,0,0,0,-2,0,1,,,
,300,*,,,,金剛型改二,,,,,,1,,0,0,0,-3,0,1,,,
35.6cm連装砲改,328,*,,,金剛改二丙,,,,,,,3,,1,0,0,1,0,0,,,
,328,*,,,比叡改二丙,,,,,,,3,,0,1,0,1,0,0,,,2020/04/27
,328,*,,,金剛改|榛名改|比叡改|霧島改,金剛型改二,,,,,,2,,0,0,0,1,0,0,,,
,328,*,,,金剛|榛名|比叡|霧島,扶桑型|伊勢型|改伊勢型,,,,,,1,,0,0,0,0,0,0,,,
35.6cm連装砲改二,329,*,,,金剛改二丙|比叡改二丙,,,,,,,4,,2,1,0,1,0,0,,,2020/04/27
,329,*,,,,金剛型改二,,,,,,3,,0,1,0,1,0,0,,,
,329,*,,,金剛改|榛名改|比叡改|霧島改,,,,,,,2,,0,0,0,1,0,0,,,
,329,*,,,金剛|榛名|比叡|霧島,扶桑型|伊勢型|改伊勢型,,,,,,1,,0,0,0,0,0,0,,,
16inch Mk.I連装砲,330,*,,,Nelson改|長門改二|陸奥改二,,,,,,,2,,0,0,0,0,0,0,,,
,330,*,,,長門|長門改|陸奥|陸奥改,Colorado級,,,,,,1,,0,0,0,0,0,0,,,
16inch Mk.V連装砲,331,*,,,Colorado改,,,,,,,2,,0,0,0,1,0,0,,,
,331,*,,,Nelson改|長門改二|陸奥改二,,,,,,,2,,0,0,0,0,0,0,,,
,331,*,,,長門|長門改|陸奥|陸奥改|Colorado,,,,,,,1,,0,0,0,0,0,0,,,2021/01/08
16inch Mk.VIII連装砲改,332,*,,,Colorado改,,,,,,,2,,0,1,0,0,0,0,,,
,332,*,,,Nelson改|長門改二|陸奥改二,,,,,,,2,,0,0,0,0,0,0,,,
,332,*,,,長門|長門改|陸奥|陸奥改|Colorado,,,,,,,1,,0,0,0,0,0,0,,,2020/06/15
16inch三連装砲 Mk.6,381,*,,,,Colorado級|North Carolina級|Iowa級,,,,,,1|1|1|1|1|1|2||||,,0,0,0,0,0,0,,,2020/12/06
,381,*,,,,South Dakota級,,,,,,2|2|2|2|2|2|3||||,,0,0,0,0,0,0,,,2020/08/08
16inch三連装砲 Mk.6 mod.2,385,*,,,,金剛型|改金剛型|Bismarck級|V.Veneto級|Richelieu級|Гангут級|Conte di Cavour級,,,,,,1,,0,0,0,0,0,0,,,2022/02/22
,385,*,,,,Colorado級|Iowa級,,,,,,2||||||3||||3,,0,0,0,0,0,0||||||0||||1,,,2020/07/03
,385,*,,,,North Carolina級|South Dakota級,,,,,,3||||||4||||4,,0,0,0,0,0,1||||||1||||2,,,2020/12/06
16inch三連装砲 Mk.6＋GFCS,390,*,,,,金剛型|改金剛型|Bismarck級|V.Veneto級|Richelieu級|Гангут級,,,,,,1,,0,0,0,0,0,0,0,,2020/10/02
,390,*,,,,Colorado級|Iowa級,,,,,,2|2|2|3|3|3|3|3|3|3|,,0,0,0,0|0|0|0|0|0|1|1|1|1|,0,0,0,,2020/10/02
,390,*,,,,North Carolina級|South Dakota級,,,,,,3|3|3|4|4|4|4|4|4|4|,,0,0,0,0|0|0|0|0|0|1|1|1|1|,0,1,0,,2020/12/06
試製51cm三連装砲,465,*,,,大和改二重,,,,,,,2,,0,0,0,8,0,2,0,,2022/06/08
,465,*,,,大和改二|武蔵改二,,,,,,,1,,0,0,0,2,0,1,0,,2022/06/08
,465,1,,,,大和型|改大和型,,142,,,,2,,0,0,0,0,0,2,0,,2022/06/08
,465,1,,,大和改二重,,,460,,,,2,,0,0,0,2,0,3,0,,2022/06/08
,465,1,,,大和改二|武蔵改二,,,460,,,,2,,0,0,0,1,0,3,0,,2022/06/08
,465,1,,,大和|大和改|武蔵|武蔵改,,,460,,,,1,,0,0,0,0,0,2,0,,2022/06/08
38cm四連装砲改 deux,468,*,,,,Richelieu級,,,,,,3,,0,0,0,0,0,0,1,0,2023/03/23
38cm四連装砲改 deux 改修ボーナス,468,*,,,,Richelieu級,,,,,,0|0|0|0|1|1|1|1|2|2|2,,0,0,0,0,0,0,0|0|0|0|1|1|1|1|2|2|3,0,2023/03/23
15.5cm三連装副砲,12,*,,,,大和型|改大和型,,,,,,1,,0,0,0,1,0,0,1,0,2022/06/08
,12,1,,,,大和型|改大和型,,142|460,,,,0,,0,0,0,1,0,0,1,0,2022/06/08
8cm高角砲:66,66,*,,,能代改二|矢矧改二|矢矧改二乙,,,,,,,0,,0,2,0,1,0,0,0,0,2021/04/04
,66,*,,,最上改二|最上改二特,,,,,,,1,,0,2,0,2,0,0,0,0,2021/04/04
,66|220,1,,1,能代改二|矢矧改二|矢矧改二乙|最上改二|最上改二特,,,,対空電探,,,0,,0,1,0,2,0,0,0,0,2021/04/04
8cm高角砲改＋増設機銃:220,220,*,,,能代改二|矢矧改二|矢矧改二乙,,,,,,,1,,0,5,0,3,0,0,0,0,2021/04/04
,220,*,,,最上改二|最上改二特,,,,,,,2,,0,5,0,4,0,0,0,0,2021/04/04
,220,1,,,能代改二|矢矧改二|矢矧改二乙|最上改二|最上改二特,,,,対空電探,,,0,,0,4,0,5,0,0,0,0,2021/10/02
15.5cm三連装副砲改,234,*,,,,大和型|改大和型,,,,,,1,,0,1,0,1,0,0,1,0,2022/06/08
,234,1,,,,大和型|改大和型,,142|460,,,,0,,0,1,0,1,0,0,1,0,2022/06/08
15.2cm三連装砲,247,*,,,,Richelieu級|C.Teste,,,,,,2,,0,0,0,0,0,0,2,0,2023/03/23
15.2cm三連装砲 改修ボーナス,247,*,,,,Richelieu級|C.Teste,,,,,,0|0|0|0|1|1|1|1|2|2|2,,0,0,0,0|0|0|0|0|0|0|0|1|1|2,0,0,0|0|0|0|1|1|1|1|2|2|3,0,2023/03/23
15.2cm三連装砲 混合シナジー,247,*,,,,Richelieu級,,245|246|468,,,,2,,0,0,0,2,0,0,2,0,2023/03/23
10cm連装高角砲改＋増設機銃 鳳翔改二|鳳翔改二戦,275,*,,,鳳翔改二|鳳翔改二戦,,,,,,,1,,0,3,0,2,0,0,0,0,2023/01/03
10cm連装高角砲改＋増設機銃 鳳翔改二|鳳翔改二戦 対空電探,275,*,,,鳳翔改二|鳳翔改二戦,,,,対空電探,,,0,,0,3,0,3,0,0,0,0,2023/01/03
10cm連装高角砲改＋増設機銃 鳳翔改二|鳳翔改二戦 改修ボーナス,275,*,,,鳳翔改二|鳳翔改二戦,,,,,,,0|0|0|0|0|0|0|0|0|0|1,,0,0|0|0|0|0|0|0|1|1|1|2,0,0|0|0|0|0|0|0|1|1|1|1,0,0,0|0|0|0|0|0|0|0|0|0|1,0,2023/01/03
5inch 単装高角砲群,358,*,,,,Colorado級|North Carolina級|South Dakota級|Iowa級|Lexington級|Yorktown級|Essex級|Illustrious級|Casablanca級|St. Louis級|Atlanta級|Queen Elizabeth級|Nelson級|Ark Royal級,,,,,,1,,0,1,0,1,0,0,0,0,2021/10/02
,358,*,,,,Brooklyn級|Northampton級,,,,,,2,,0,3,0,3,0,0,,,2021/06/07
65mm/64 単装速射砲改:430,430,*,,,,Conte di Cavour級,,,,,,0,,0,3,0,2,0,0,0,0,2021/10/02
,430,*,,,,V.Veneto級|Aquila級|Zara級|L.d.S.D.d.Abruzzi級,,,,,,0,,0,2,0,1,0,0,0,0,2021/10/02
15.5cm三連装副砲改二,463,*,,,大和改二|大和改二重|武蔵改二,,,,,,,2,,0,2,0,2,0,0,3,0,2022/06/08
,463,*,,,大和|大和改|武蔵|武蔵改,,,,,,,1,,0,2,0,1,0,0,1,0,2022/06/08
,463,1,,,,大和型|改大和型,,142,,,,0,,0,1,0,1,0,0,1,0,2022/06/08
,463,1,,,,大和型|改大和型,,460,,,,1,,0,1,0,2,0,0,2,0,2022/06/08
10cm連装高角砲群 集中配備,464,*,,,大和改二|大和改二重|武蔵改二,,,,,,,0,,0,5,0,4,0,0,0,0,2022/06/08
,464,*,,,,大和型,,,,,,0,,0,3,0,2,0,0,0,0,2022/06/08
,464,*,,,,金剛型|Гангут級|Conte di Cavour級,,,,,,0,,0,-2,0,-2,0,0,0,0,2022/06/08
,464,1,,,大和改二|大和改二重|武蔵改二,,,460,,,,2,,0,4,0,3,0,0,4,0,2022/06/08
,464,1,,,大和改二|大和改二重|武蔵改二,,,142,,,,0,,0,2,0,1,0,0,1,0,2022/06/08
,464,1,,,,大和型,,460,,,,0,,0,2,0,1,0,0,1,0,2022/06/08
,464,1,,,,大和型,,142,,,,0,,0,2,0,1,0,0,1,0,2022/06/08
5inch連装砲(副砲配置)集中配備,467,*,,,,Colorado級|North Carolina級|South Dakota級|Iowa級|Lexington級|Yorktown級,,,,,,1,,0,3,0,3,0,0,0,0,2022/06/18
,467,*,,,,Northampton級|Lexington級|Yorktown級|Essex級|Illustrious級|Casablanca級,,,,,,1,,0,1,0,2,0,0,0,0,2022/06/18
,467,1,,,,Colorado級|North Carolina級|South Dakota級|Iowa級|Lexington級|Yorktown級|Essex級|Casablanca級|Northampton級|Brooklyn級|St. Louis級|Atlanta級|Fletcher級|John C.Butler級,,278,,,,0,,0,2,0,2,0,0,0,0,2022/06/18
,467,1,,,,Colorado級|North Carolina級|South Dakota級|Iowa級|Lexington級|Yorktown級|Essex級|Casablanca級|Northampton級|Brooklyn級|St. Louis級|Atlanta級|Fletcher級|John C.Butler級,,279,,,,1,,0,3,0,3,0,0,2,0,2022/06/18
,467,1,,,,Colorado級|North Carolina級|South Dakota級|Iowa級|Lexington級|Yorktown級|Essex級|Casablanca級|Northampton級|Brooklyn級|St. Louis級|Atlanta級|Fletcher級|John C.Butler級,,307|315|456,,,,1,,0,1,0,1,0,0,2,0,2022/06/18
53cm連装魚雷,174,*,,,,神風型,,,,,,0,,1,0,0,2,0,0,,,
,174,*,,,由良改二|夕張改二|夕張改二特|夕張改二丁,,,,,,,2,,4,0,0,4,0,0,0,,2020/08/08
,174,*,,,金剛改二丙|比叡改二丙,,,,,,,0,,6,0,0,3,0,0,,,2020/04/27
61cm三連装(酸素)魚雷後期型,285,1|2,,,天霧改二丁,吹雪型改二|綾波型改二|暁型改二|初春型改二,,,,,,0|0|0|0|0|0|0|0|0|0|1,,2,0,0,1,0,0,0,0,2022/02/22
,285,1,,,天霧改二丁,吹雪型改二|綾波型改二|暁型改二|初春型改二,,,,,,0,,0|0|0|0|0|0|0|0|0|0|1,0,0,0,0,0,0,0,2022/02/22
,285,2|3,,,天霧改二,,,,,,,0,,0|0|0|0|0|0|0|0|0|0|2,0,0,0,0,0,0,0,2022/02/22
,285,2|3,,,天霧改二丁,,,,,,,0,,0|0|0|0|0|0|0|0|0|0|1,0,0,0,0,0,0,0,2022/02/22
,285,3,,,天霧改二丁,吹雪型改二|綾波型改二|暁型改二|初春型改二,,,,,,0,,0|0|0|0|0|0|0|0|0|0|3,0,0,0,0,0,0,0,2022/02/22
61cm四連装(酸素)魚雷後期型,286,1|2,,,丹陽,白露型改二|改白露型改二|朝潮型改二|陽炎型改二|改陽炎型改二|夕雲型改二,,,,,,0|0|0|0|0|0|0|0|0|0|1,,2,0,0,1,0,0,0,0,2021/10/02
,286,1|2,,,丹陽,陽炎型改二|改陽炎型改二,,,,,,0,,0|0|0|0|0|1|1|1|1|1|1,0,0,0,0,0,0,0,2021/01/08
,286,1,,,竹|竹改,,,,,,,0,,7|7|7|7|7|7|7|9|9|9|11,0,0,2,0,0,0,0,2021/01/08
,286,*,,,能代改二|矢矧改二|矢矧改二乙,,,,,,,0,,2,0,0,0,0,0,0,0,2021/04/04
,286,1,,,能代改二|矢矧改二|矢矧改二乙,,,,水上電探,,,0,,3,0,0,2,0,0,0,0,2021/04/04
533mm 三連装魚雷,283,*,,,Верный,Ташкент級,,,,,,1,,3,0,0,0,0,1,,,
533mm五連装魚雷(初期型),314,*,,,,Fletcher級|John C.Butler級,,,,,,1,,3,0,0,0,0,0,,,
533mm五連装魚雷(後期型),376,*,,,,Fletcher級|John C.Butler級|Northampton級|Brooklyn級|St. Louis級|Atlanta級|Gato級,,,,,,2,,4,0,0,0,0,0,0,0,2022/02/22
,376,*,,,,J級|Town級,,,,,,1,,2,0,0,0,0,0,0,,2020/08/08
,376,*,,,,Perth級,,,,,,1,,1,0,0,0,0,0,0,,2020/08/08
533mm 三連装魚雷(53-39型):400,400,*,,,Верный,Ташкент級,,,,,,1,,5,0,0,2,0,1,0,0,2021/01/08
61cm四連装(酸素)魚雷,15,1|2,,,丹陽,陽炎型改二|改陽炎型改二,,,,,,0,,2,0,0,0,0,0,0,0,2021/01/08
,15,1,,,竹|竹改,,,,,,,0,,5,0,0,1,0,0,0,0,2021/01/08
61cm五連装(酸素)魚雷,58,*,,,,島風型|秋月型,重雷装巡洋艦,,,,,0,,1,0,0,0,0,0,,,
試製61cm六連装(酸素)魚雷,179,*,,,,秋月型,,,,,,0,,1,0,0,0,0,0,,,
53cm艦首(酸素)魚雷,67,*,,,*,,,,,,,0,,-5,0,0,0,0,0,,,
,67,*,,,,,潜水艦|潜水空母,,,,,0,,5,0,0,0,0,0,,,
後期型53cm艦首魚雷(8門),383,*,,,[伊58],,,,,,,0,,1,0,0,0,0,0,,,2020/07/03
,383,*,,,[伊400]|[伊401],,,,,,,0,,2,0,0,0,0,0,,,2020/07/03
,383,*,,,伊47,,,,,,,0,,3,0,0,0,0,0,0,0,2021/01/08
,383,*,,,伊47改,,,,,,,0,,4,0,0,0,0,0,0,0,2021/01/08
後期型潜水艦搭載電探＆逆探,384,*,,,[伊58],,,,,,,0,,0,0,0,2,0,0,0,0,2021/01/08
,384,*,,,[伊400]|[伊401]|[伊47],,,,,,,0,,0,0,0,3,0,0,0,0,2021/01/08
,384,1,,,,,潜水艦|潜水空母,213|214|383,,,,0,,3,0,0,2,0,0,,,2020/08/08
甲標的 丁型改(蛟龍改),364,*,,,*,,,,,,,-1,,0,0,0,-7,0,0,,,2020/02/12
,364,*,,,夕張改二特,,,,,,,2,,4,0,0,5,0,0,,,2020/02/12
,364,*,,,北上改二,,,,,,,1,,2,0,0,5,0,0,,,2020/02/12
,364,*,,,大井改二|球磨改二丁|矢矧改二乙|最上改二特,日進型,,,,,,1,,1,0,0,5,0,0,0,0,2021/04/04
21inch艦首魚雷発射管6門(初期型:440/後期型:441),440|441,1,,1,,Gato級,,,,,,0,,2,0,0,0,0,0,0,0,2022/02/22
潜水艦後部魚雷発射管4門(初期型:442/後期型:443),442|443,1,,1,,Gato級,,,,,,0,,2,0,0,0,0,0,0,0,2022/02/22
後期型艦首魚雷(4門)(無印:457/熟練聴音員:461),457|461,1,,,,潜高型,,,,,,0,,3,0,0,3,0,0,0,0,2022/05/28
,457|461,1,,,,巡潜甲型改二|巡潜丙型,,,,,,0,,2,0,0,2,0,0,0,0,2022/05/28
,457|461,1,,,,潜特型,,,,,,0,,1,0,0,4,0,0,0,0,2022/05/28
水上偵察機,25|59|102|118|238|239|115|163|171|304|370|371|414|415,1,,1,能代改二|矢矧改二|矢矧改二乙,,,,,,,2,,0,0,3,1,0,0,0,0,2021/10/02
,25|59|102|118|238|239|115|163|171|304|370|371|414|415,1,,1,最上改二|最上改二特,,,,,,,2,,0,0,0,0,0,0,0,0,2021/10/02
零式水上観測機:59,59,1,,,最上改二|最上改二特,,,,,,,0,,0,1,0,1,0,0,0,0,2021/04/04
紫雲:118,118,*,,,,大淀型,,,,,,1|1|1|1|1|1|1|1|1|1|3,,0,0,0,2,2|2|2|2|2|2|2|2|2|2|3,0,0,0,2021/03/07
零式水上偵察機11型乙:238 熟練:239,238|239,1,,1,最上改二|最上改二特,,,,,,,0,,1,0,0,1,0,0,0,0,2021/04/04
Ar196改:115,115,*,,,,Bismarck級|Admiral Hipper級,,,,,,2|2|2|2|2|2|2|2|2|2|3,,0,0,0,1|1|1|1|1|1|1|1|1|1|2,2,0,0,0,2021/03/07
OS2U:171,171,1,,,,Colorado級|North Carolina級|South Dakota級|Iowa級,,,,,,1|1|1|1|1|1|1|1|1|1|2,,0,0,0,0|0|0|0|0|1|1|1|1|1|1,1|1|1|2|2|2|2|2|3|3|3,0,0,0,2021/06/07
,171,1,,,,Northampton級|Brooklyn級|St. Louis級|Atlanta級,,,,,,0|0|0|0|0|0|0|0|0|0|1,,0,0,0,0|0|0|0|0|1|1|1|1|1|1,0,0,0,0,2021/06/07
S9 Osprey,304,*,,,,球磨型|改装球磨型|長良型|川内型|阿賀野型|改阿賀野型,,,,,,1,,0,0,1,1,0,0,,,2021/02/15
能代改二は水偵+阿賀野型ボーナス,304,*,,,,Gotland級,,,,,,1,,0,0,2,2,0,0,,,
Swordfish Mk.II改(水偵型),370,*,,,,Gotland級,,,,,,1,,0,0,3,1,2,0,,,2020/04/03
,370,*,,,,C.Teste級,,,,,,1,,0,0,3,1,1,0,,,2020/04/03
,370,*,,,,瑞穂型|神威型,,,,,,1,,0,0,2,1,1,0,,,2020/04/03
,370,*,,,,Queen Elizabeth級,,,,,,6,,0,0,3,3,3,0,,,2020/04/03
,370,*,,,,Town級|Nelson級,,,,,,2,,0,0,3,2,2,0,0,0,2021/01/08
Fairey Seafox改,371,*,,,Gotland|Gotland改,,,,,,,4,,0,0,2,3,6,0,,,2020/04/27
,371,*,,,Gotland andra,,,,,,,6,,0,0,2,5,9,0,,,2020/04/27
,371,*,,,,C.Teste級,,,,,,2,,0,0,1,2,4,0,,,2020/04/03
,371,*,,,,Town級|Queen Elizabeth級,,,,,,3,,0,0,1,2,3,0,0,0,2021/01/08
,371,*,,,,Nelson級,,,,,,6,,0,0,1,4,5,0,,,2020/08/08
,371,*,,,,Richelieu級,,,,,,2,,0,0,0,1,3,0,,,2020/04/03
SOC Seagull:414,414,1,,,,Northampton級|Brooklyn級|St. Louis級|Atlanta級,,,,,,1||||1||||1||2,,0,0,0,0||||0||||2||2,2||||3||||3||3,0,0,0,2021/06/07
,414,1,,,,Colorado級|North Carolina級|South Dakota級|Iowa級,,,,,,0,,0,0,0,0||||0||||1||1,1,0,0,0,2021/05/07
SO3C Seamew改:415,415,1,,,,Northampton級|Brooklyn級|St. Louis級|Atlanta級,,,,,,1,,0,0,1,0,1,0,0,0,2021/06/07
,415,1,,,,Colorado級|North Carolina級|South Dakota級|Iowa級,,,,,,0,,0,0,1,0,1,0,0,0,2021/06/07
Loire 130M,471,*,,,,Richelieu級,,,,,,4|4|4|4|4|4|4|4|5|5|5,,0,0,0,2|2|2|2|2|2|3|3|4|4|4,0,0,3|3|3|3|3|3|4|4|5|5|5,0,2022/07/28
,471,*,,,,C.Teste級,,,,,,2|2|2|2|2|2|2|2|3|3|3,,0,0,0,2|2|2|2|2|2|3|3|4|4|4,0,0,2|2|2|2|2|2|3|3|4|4|4,0,2022/07/28
水上爆撃機(全て),26|62|79|80|81|194|207|208|237|322|323|367|368|369,1,,1,能代改二|矢矧改二|矢矧改二乙,,,,,,,1,,0,0,1,1,0,0,0,0,2021/04/04
,26|62|79|80|81|194|207|208|237|322|323|367|368|369,1,,1,最上改二|最上改二特,,,,,,,1,,0,0,0,1,0,0,0,0,2021/04/04
水上爆撃機(国産1),26|62|79|80|81|207|208,1,,1,能代改二,,,,,,,2,,0,0,0,1,0,0,0,0,2021/02/15
,26|62|79|80|81|207|208,1,,1,矢矧改二|矢矧改二乙,,,,,,,2,,0,0,0,0,0,0,0,0,2021/04/04
,26|62|79|80|81|207|208,*,,,矢矧改二|矢矧改二乙,,,,,,,0,,0,1,0,1,0,0,0,0,2021/04/04
,26|62|79|80|81|207|208,1,,1,最上改二|最上改二特,,,,,,,2,,0,0,0,0,0,0,0,0,2021/04/04
,26|62|79|80|81|207|208,*,,,最上改二|最上改二特,,,,,,,0,,0,1,0,1,0,0,0,0,2021/04/04
つよい水上爆撃機(国産2),237|322|323|490,1,,1,能代改二,,,,,,,3,,0,0,0,1,0,0,0,0,2023/02/28
,237|322|323|490,*,,,最上改二|最上改二特|伊勢改二|日向改二|矢矧改二|矢矧改二乙,,,,,,,3,,0,1,0,2,0,0,0,0,2023/02/28
瑞雲(六三四空),79,*,,,伊勢改|日向改,扶桑型,,,,,,2,,0,0,0,0,0,0,,,
,79,*,,,日向改二|伊勢改二,,,,,,,3,,0,0,0,0,0,0,,,
瑞雲12型(六三四空),81,*,,,伊勢改|日向改,扶桑型,,,,,,2,,0,0,0,0,0,0,,,
,81,*,,,日向改二|伊勢改二,,,,,,,3,,0,0,0,0,0,0,,,
瑞雲(六三四空／熟練),237,*,,,,扶桑型,,,,,,2,,0,0,0,0,0,0,,,
,237,*,,,伊勢改|日向改,,,,,,,3,,0,0,0,1,0,0,,,
,237,*,,,日向改二|伊勢改二,,,,,,,4,,0,0,0,2,0,0,,,
瑞雲改二(六三四空),322,*,,,日向改二|伊勢改二,,,,,,,5,,0,2,1,2,0,0,,,
瑞雲改二(六三四空／熟練),323,*,,,日向改二|伊勢改二,,,,,,,6,,0,3,2,3,0,0,,,
Swordfish(水上機型),367,*,,,,Gotland級,,,,,,2,,0,0,1,1,1,0,,,2020/03/30
,367,*,,,,C.Teste級,,,,,,1,,0,0,1,1,1,0,,,2020/03/30
,367,*,,,,瑞穂型|神威型,,,,,,1,,0,0,0,1,1,0,,,2020/03/30
Swordfish Mk.III改(水上機型),368,*,,,,Gotland級,,,,,,4,,0,0,3,2,3,0,,,2020/04/12
,368,1,,,Gotland andra,,,,,,,2,,2,0,0,1,1,0,,,2020/04/27
,368,*,,,,C.Teste級,,,,,,2,,0,0,3,1,2,0,,,2020/04/12
,368,*,,,,瑞穂型|神威型,,,,,,1,,0,0,2,1,2,0,,,2020/04/12
Swordfish Mk.III改(水上機型/熟練),369,*,,,,Gotland級,,,,,,5,,0,0,4,4,3,0,,,2020/04/03
,369,1,,,Gotland andra,,,,,,,3,,3,0,0,2,2,0,,,2020/04/27
,369,*,,,,C.Teste級,,,,,,3,,0,0,3,2,3,0,,,2020/04/03
,369,*,,,,瑞穂型|神威型,,,,,,2,,0,0,2,1,2,0,,,2020/04/03
Late 298B,194,*,,,Richelieu改,,,,,,,1,,0,0,0,2,2,0,,,
,194,*,,,,C.Teste級,,,,,,3,,0,0,0,2,2,0,,,
,194,*,,,,瑞穂型|神威型,,,,,,0,,0,0,0,1,2,0,,,
二式水戦改:165 熟練:216,165|216,1,,1,最上改二|最上改二特,,,,,,,0,,0,2,0,2,0,0,0,0,2021/04/04
強風改:217,217,*,,,最上改二|最上改二特,,,,,,,1,,0,5,0,3,0,0,0,0,2021/10/02
強風改二:485 最上改二,485,*,,,最上改二|最上改二特,,,,,,,1,,0,5,0,3,0,0,1,0,2022/11/30
強風改二:485 最上型,485,*,,,三隈改|鈴谷改|熊野改,,,,,,,1,,0,3,0,2,0,0,0,0,2022/11/30
強風改二:485 改修ボーナス,485,1,,,Italia|Roma改|Conte di Cavour nouvo|Zara改|Zara due|Pola改|長門改|長門改二|陸奥改|陸奥改二|大和改|大和改二|大和改二重|武蔵改|武蔵改二|比叡改二丙|由良改二|球磨改二|多摩改二|矢矧改二乙|神威改母,改風早型|陸軍特種船(R1),航空戦艦|航空巡洋艦|潜水空母|水上機母艦|潜水母艦,,,,,0|0|0|1|1|1|1|1|1|1|1,,0,0|0|0|0|0|1|1|1|1|1|1,0,0|0|0|0|0|0|0|1|1|1|1,0,0,0|0|0|0|0|0|0|0|0|0|1,0,2022/12/27
九六式艦戦,19,*,,,,,軽空母,,,,,0,,0,1,0,1,0,0,,,
,19,*,,,,鳳翔型|改鳳翔型,,,,,,2,,0,2,2,2,0,0,,,2020/03/30
,19,*,,,鳳翔改二|鳳翔改二戦,,,,,,,1,,0,1,1,1,0,0,0,0,2022/12/06
,19,*,,,春日丸|八幡丸,大鷹型,,,,,,2,,0,0,3,0,0,0,,,2022/02/22
九六式艦戦改,228,*,,,,,軽空母,,,,,0,,0,1,2,1,0,0,,,
,228,*,,,,鳳翔型|改鳳翔型,,,,,,3,,0,3,4,4,0,0,,,2020/03/30
,228,*,,,春日丸|八幡丸,大鷹型,,,,,,2,,0,1,5,1,0,0,,,2022/02/22
,228,*,,,鳳翔改二|鳳翔改二戦,,,,,,,1,,0,2,2,2,0,0,,,2023/01/03
紫電改四:271,271,*,,,鈴谷航改二|熊野航改二|龍鳳改二|龍鳳改二戊,,,,,,,0|0|0|0|1|1|1|1|1|1|2,,0,0|0|0|0|0|0|2|2|2|2|2,0,0|0|0|0|0|0|0|0|2|2|2,0,0,0,0,2021/10/02
烈風改(試製艦載型),335,*,,,赤城改|加賀改,,,,,,,0,,0,1,0,1,0,0,,,
,335,*,,,赤城改二|赤城改二戊|[加賀改二],,,,,,,0,,0,2,0,1,0,0,,,2020/08/29
烈風改二,336,*,,,赤城改|加賀改,,,,,,,1,,0,1,0,1,0,0,,,
,336,*,,,赤城改二|赤城改二戊|[加賀改二],,,,,,,1,,0,2,0,1,0,0,,,2020/08/29
烈風改二戊型,338,*,,,赤城改|加賀改,,,,,,,1,,0,1,0,2,0,0,,,
,338,*,,,赤城改二|加賀改二|加賀改二護,,,,,,,1,,0,2,0,3,0,0,,,2020/08/29
,338,*,,,赤城改二戊|加賀改二戊,,,,,,,4,,0,3,0,4,0,0,,,2020/08/29
烈風改二戊型(一航戦／熟練),339,*,,,赤城改|加賀改,,,,,,,1,,0,2,0,2,0,0,,,
,339,*,,,赤城改二|加賀改二|加賀改二護,,,,,,,1,,0,3,0,4,0,0,,,2020/08/29
,339,*,,,赤城改二戊|加賀改二戊,,,,,,,6,,0,4,0,5,0,0,,,2020/08/29
Re.2001 OR改,184,*,,,,Aquila級,,,,,,1,,0,2,0,3,0,0,,,
Re.2005 改,189,*,,,,Aquila級|Graf Zeppelin級,,,,,,0,,0,1,0,2,0,0,,,
XF5U,375,*,,,,Lexington級|Yorktown級|Essex級|Casablanca級,,,,,,3,,0,3,3,3,0,0,0,,2020/08/08
,375,*,,,,加賀型|改加賀型,,,,,,1,,0,1,1,1,0,0,0,,2020/08/29
FR-1 Fireball:422,422,*,,,,Casablanca級,,,,,,3,,0,2,0,3,0,0,0,0,2021/07/18
,422,*,,,,Essex級,,,,,,2,,0,1,0,1,0,0,0,0,2021/07/18
,422,*,,,,Lexington級|Yorktown級|Illustrious級|Ark Royal級,,,,,,1,,0,0,0,1,0,0,0,0,2021/10/02
Corsair Mk.II:434,434|435,*,,,,Illustrious級,,,,,,2,,0,3,0,5,0,0,0,0,2021/10/02
Corsair Mk.II(Ace):435,434|435,*,,,,Ark Royal級,,,,,,1,,0,2,0,3,0,0,0,0,2021/10/02
,434|435,*,,,,Lexington級|Yorktown級|Essex級|Casablanca級,,,,,,1,,0,1,0,2,0,0,0,0,2021/10/02
試製 陣風:437,437,*,,,鳳翔改,,,,,,,3,,0,3,0,4,0,0,0,0,2021/10/02
,437,*,,,鳳翔改二|鳳翔改二戦,,,,,,,4,,0,4,0,4,0,0,0,0,2022/12/06
,437,*,,,蒼龍改二|飛龍改二,,,,,,,2,,0,2,0,3,0,0,0,0,2021/10/02
,437,*,,,鈴谷航改二|熊野航改二|加賀改二護,,,,,,,2,,0,2,0,2,0,0,0,0,2021/10/02
,437,*,,,龍鳳改二戊|龍鳳改二|伊勢改二|日向改二,,,,,,,1,,0,2,0,2,0,0,0,0,2021/10/02
F4U-2 Night Corsair,473,1,,,,Lexington級|Yorktown級|Essex級|Renger級|Casablanca級|Independence級|,,,,,,1,,0,1,0,1,0,0,0,0,2022/08/26
,473,1,,,,Ark Royal級|Illustrious級,,,,,,1,,0,0,0,1,0,0,0,0,2022/08/26
零式艦戦64型(制空戦闘機仕様) 改修ボーナス,486,*,,,,,,,,,,0|0|0|0|0|0|0|0|0|0|1,,0,0|0|0|0|0|0|0|0|1|1|1,0,0|0|0|0|0|0|1|1|2|2|2,0,0,0|0|0|0|0|0|1|1|1|1|2,0,2022/12/08
零式艦戦64型(制空戦闘機仕様) 龍鳳改二|龍鳳改二戊,486,*,,,龍鳳改二|龍鳳改二戊,,,,,,,2,,0,2,0,2,0,0,1,0,2022/12/08
零式艦戦64型(制空戦闘機仕様) 鳳翔改二|鳳翔改二戦,486,*,,,鳳翔改二|鳳翔改二戦,,,,,,,4,,0,4,0,3,0,0,2,0,2022/12/08
彗星/彗星一二型甲/彗星(六〇一空),24,*,,,日向改二|伊勢改二,,,,,,,2,,0,0,0,0,0,0,,,
,57,*,,,日向改二|伊勢改二,,,,,,,2,,0,0,0,0,0,0,,,
,111,*,,,日向改二|伊勢改二,,,,,,,2,,0,0,0,0,0,0,,,
九九式艦爆(江草隊),99,1,,,飛龍|飛龍改|飛龍改二,,,,,,,1,,0,0,0,0,0,0,,,
,99,1,,,蒼龍|蒼龍改|蒼龍改二,,,,,,,4,,0,0,0,0,0,0,,,
九九式艦爆二二型:391,391,*,,,龍鳳改,祥鳳型|翔鶴型|飛鷹型,,,,,,1,,0,0,0,0,0,0,0,0,2021/01/08
,391,*,,,[瑞鳳改二]|龍鳳改,,,,,,,0,,0,0,0,1,0,0,0,0,2021/01/08
九九式艦爆二二型(熟練):392,392,*,,,[瑞鳳改二],,,,,,,3,,0,0,0,2,0,0,0,,2020/10/23
,392,*,,,瑞鳳改|祥鳳改|龍鳳改|[翔鶴改]|[瑞鶴改],,,,,,,2,,0,0,0,2,0,0,0,,2020/10/23
,392,*,,,瑞鳳|龍鳳,,,,,,,2,,0,0,0,1,0,0,0,,2020/10/23
,392,*,,,飛鷹改|隼鷹改二,,,,,,,1,,0,0,0,1,0,0,0,,2020/10/23
彗星(江草隊),100,1,,,飛龍改二,,,,,,,3,,0,0,0,0,0,0,0,,2020/10/23
,100,1,,,蒼龍改二,,,,,,,6,,0,0,0,0,0,0,0,,2020/10/23
,100,*,,,日向改二|伊勢改二,,,,,,,4,,0,0,0,0,0,0,0,,2021/04/04
彗星二二型(六三四空),291,*,,,日向改二|伊勢改二,,,,,,,6,,0,0,0,1,0,0,,,
彗星二二型(六三四空／熟練),292,*,,,日向改二|伊勢改二,,,,,,,8,,0,1,0,2,0,0,,,
彗星一二型(六三四空／三号爆弾搭載機),319,*,,,日向改二|伊勢改二,,,,,,,7,,0,3,0,2,0,0,,,
彗星一二型(三一号光電管爆弾搭載機),320,*,,,飛龍改二|蒼龍改二,,,,,,,3,,0,0,0,0,0,0,,,
,320,*,,,鈴谷航改二|熊野航改二|日向改二,,,,,,,4,,0,0,0,0,0,0,,,
,320,*,,,伊勢改二,,,,,,,2,,0,0,0,0,0,0,,,
零式艦戦62型(爆戦):60 零戦62型(爆戦/岩井隊):154,60|154|219,*,,,,祥鳳型|龍鳳型|飛鷹型|千歳型,,,,,,1,,0,1,0,1,0,0,0,0,2021/05/07
零式艦戦63型(爆戦):219,60|154|219,*,,,,改龍鳳型,,,,,,2,,0,1,0,2,0,0,0,0,2021/05/07
Ju87C改二(KMX搭載機):305,305|306,*,,,,Aquila級|Graf Zeppelin級,,,,,,1,,0,0,0,1,0,0,0,0,2022/02/22
Ju87C改二(KMX搭載機／熟練):306,305|306,*,,,,大鷹型,,,,,,0,,0,0,1,1,0,0,0,0,2022/02/22
,305|306,*,,,[神鷹],,,,,,,0,,0,0,2,1,0,0,0,0,2022/02/22
Re.2001 CB改,316,*,,,,Aquila級,,,,,,4,,0,1,0,1,0,0,,,
SBD,195,*,,,,Lexington級|Yorktown級|Essex級|Casablanca級,,,,,,1,,0,0,0,0,0,0,0,0,2021/06/07
SBD-5:419,419,*,,,,Lexington級|Yorktown級|Essex級|Casablanca級,,,,,,2|2|3|3|3|3|3|4|4|4|4,,0,0,0,0,0,0,0,0,2021/07/07
SB2C-3:420,420,*,,,,Essex級,,,,,,2|||3,,0,0,0,0,0,0,0,0,2021/07/07
,420,*,,,,Lexington級|Yorktown級|Illustrious級|Casablanca級,,,,,,1|||2,,0,0,0,0,0,0,0,0,2021/10/02
,420,*,,,,Ark Royal級,,,,,,0|||1,,0,0,0,0,0,0,0,0,2021/07/07
,420,*,,,,,軽空母,,,,,-2,,0,0,0,-1,0,-2,0,0,2021/07/07
SB2C-5:421,421,*,,,,Essex級,,,,,,3|||||4,,0,0,0,0,0,0,0,0,2021/07/07
,421,*,,,,Lexington級|Yorktown級|Illustrious級|Casablanca級,,,,,,2|||||3,,0,0,0,0,0,0,0,0,2022/02/22
,421,*,,,,Ark Royal級,,,,,,1|||||2,,0,0,0,0,0,0,0,0,2021/07/07
,421,*,,,,,軽空母,,,,,-2,,0,0,0,-1,0,-2,0,0,2021/07/07
零式艦戦64型(複座KMX搭載機) 春日丸|八幡丸|大鷹型,447,*,,,春日丸|八幡丸,大鷹型,,,,,,1,,0,0,1,2,0,0,0,0,2023/01/03
零式艦戦64型(複座KMX搭載機) 八幡丸,447,*,,,八幡丸,,,,,,,1,,0,0,1,1,0,0,0,0,2023/01/03
零式艦戦64型(複座KMX搭載機) 鳳翔型|龍鳳型|改龍鳳型,447,*,,,,鳳翔型|改鳳翔型|龍鳳型|改龍鳳型,,,,,,1,,0,0,2,1,0,0,0,0,2023/01/03
零式艦戦64型(複座KMX搭載機) 鳳翔改二|鳳翔改二戦,447,*,,,鳳翔改二|鳳翔改二戦,,,,,,,1,,0,1,1,1,0,0,0,0,2023/01/03
零式艦戦64型(複座KMX搭載機) 改修ボーナス,447,*,,,,,,,,,,0|0|1|1|1|1|1|1|1|1|1,,0,0|0|0|0|1|1|1|1|1|1|1,0|0|0|0|0|0|1|1|1|1|2,0|0|0|0|0|0|0|0|1|1|1,0,0,0,0,2023/01/03
FM-2:277,277,*,,,,Casablanca級,,,,,,2,,0,1,0,2,0,0,0,0,2021/07/18
,277,*,,,,Lexington級|Yorktown級|Essex級|Ark Royal級|Illustrious級,,,,,,1,,0,0,0,1,0,0,0,0,2021/10/02
F4U-4,474,1,,,Gambier Bay Mk.II|Langley改,,,,,,,3,,0,1,0,2,0,0,0,0,2022/08/26
,474,1,,,,Lexington級|Yorktown級|Essex級|Renger級|Casablanca級|Independence級|,,,,,,2,,0,1,0,1,0,0,0,0,2022/08/26
,474,1,,,,Ark Royal級|Illustrious級,,,,,,1,,0,1,0,1,0,0,0,0,2022/08/26
零式艦戦64型(熟練爆戦) 改修ボーナス,487,*,,,,,,,,,,0|0|0|0|0|0|1|1|1|1|2,,0,0|0|0|0|0|0|0|0|1|1|1,0,0|0|0|0|0|0|1|1|1|1|1,0,0,0|0|0|0|0|0|0|0|1|1|2,0,2022/12/08
零式艦戦64型(熟練爆戦) 龍鳳改二|龍鳳改二戊,487,*,,,龍鳳改二|龍鳳改二戊,,,,,,,3,,0,1,0,1,0,0,2,0,2022/12/08
零式艦戦64型(熟練爆戦) 鳳翔改二|鳳翔改二戦,487,*,,,鳳翔改二|鳳翔改二戦,,,,,,,5,,0,3,0,2,0,0,4,0,2022/12/08
流星,18,*,,,赤城改|加賀改|大鳳改,,,,,,,1,,0,0,0,0,0,0,,,
,18,*,,,赤城改二|加賀改二|加賀改二護,,,,,,,1,,0,0,0,1,0,0,,,2020/08/29
,18,*,,,赤城改二戊|加賀改二戊,,,,,,,2,,0,0,0,1,0,0,,,2020/08/29
流星改,52,*,,,赤城改|加賀改|大鳳改,,,,,,,1,,0,0,0,0,0,0,,,
,52,*,,,赤城改二|加賀改二|加賀改二護,,,,,,,1,,0,0,0,1,0,0,,,2020/08/29
,52,*,,,赤城改二戊|加賀改二戊,,,,,,,2,,0,0,0,1,0,0,,,2020/08/29
流星改(一航戦),342,*,,,赤城改|加賀改|翔鶴改二|翔鶴改二甲|瑞鶴改二|瑞鶴改二甲,,,,,,,1,,0,0,0,0,0,0,,,
,342,*,,,赤城改二|加賀改二|加賀改二護,,,,,,,2,,0,1,0,1,0,0,,,2020/08/29
,342,*,,,赤城改二戊|加賀改二戊,,,,,,,3,,0,2,0,2,0,0,,,2020/08/29
流星改(一航戦／熟練),343,*,,,翔鶴改二|翔鶴改二甲|瑞鶴改二|瑞鶴改二甲,,,,,,,1,,0,0,0,0,0,0,,,
,343,*,,,赤城改|加賀改,,,,,,,2,,0,0,0,0,0,0,,,
,343,*,,,赤城改二|加賀改二|加賀改二護,,,,,,,3,,0,2,0,1,0,0,,,2020/08/29
,343,*,,,赤城改二戊|加賀改二戊,,,,,,,5,,0,3,0,3,0,0,,,2020/08/29
九七式艦攻(友永隊),93,1,,,飛龍|飛龍改|飛龍改二,,,,,,,3,,0,0,0,0,0,0,,,
,93,1,,,蒼龍|蒼龍改|蒼龍改二,,,,,,,1,,0,0,0,0,0,0,,,
天山一二型(友永隊),94,1,,,飛龍改二,,,,,,,7,,0,0,0,0,0,0,,,
,94,1,,,蒼龍改二,,,,,,,3,,0,0,0,0,0,0,,,
九七式艦攻(村田隊),143,1,,,赤城改|[赤城改二],,,,,,,3,,0,0,0,0,0,0,0,,2020/08/29
,143,1,,,加賀改|[加賀改二]|[翔鶴],,,,,,,2,,0,0,0,0,0,0,0,,2020/08/29
,143,1,,,龍驤改二|[瑞鶴],,,,,,,1,,0,0,0,0,0,0,0,,2020/08/29
天山(村田隊),144,1,,,翔鶴改二|翔鶴改二甲,,,,,,,4,,0,0,0,0,0,0,0,,2020/08/29
,144,1,,,赤城改|赤城改二|赤城改二戊,,,,,,,3,,0,0,0,0,0,0,0,,2020/08/29
,144,1,,,加賀改|[加賀改二]|翔鶴|翔鶴改|瑞鶴改二|瑞鶴改二甲,,,,,,,2,,0,0,0,0,0,0,0,,2020/08/29
,144,1,,,瑞鶴|瑞鶴改|[龍驤],,,,,,,1,,0,0,0,0,0,0,0,0,2021/01/08
九七式艦攻(九三一空),82,*,,,,大鷹型,,,,,,0,,0,0,1,1,0,0,,,
九七式艦攻(九三一空／熟練),302,*,,,,大鷹型,,,,,,0,,0,0,1,1,0,0,,,
Re.2001 G改,188,*,,,,Aquila級,,,,,,3,,0,1,0,1,0,0,,,
九七式艦攻改 試製三号戊型(空六号電探改装備機),344,*,,,龍鳳改,,,,,,,4,,0,0,1,0,0,0,,,
,344,*,,,龍鳳改二戊,,,,,,,5,,0,0,2,0,0,0,0,0,2021/05/07
,344,*,,,龍鳳改二,,,,,,,4,,0,0,2,0,0,0,0,0,2021/05/07
,344,*,,,瑞鳳改二|瑞鳳改二乙,,,,,,,2,,0,0,2,0,0,0,,,
,344,*,,,赤城改二戊|加賀改二戊,,,,,,,3,,0,0,0,0,0,0,0,0,2021/01/08
,344,*,,,祥鳳改,,,,,,,2,,0,0,1,0,0,0,,,
九七式艦攻改(熟練) 試製三号戊型(空六号電探改装備機),345,*,,,龍鳳改,,,,,,,5,,0,0,1,2,0,0,,,
,345,*,,,龍鳳改二戊,,,,,,,5,,0,0,2,3,0,0,0,0,2021/05/07
,345,*,,,龍鳳改二,,,,,,,4,,0,0,2,2,0,0,0,0,2021/05/07
,345,*,,,瑞鳳改二|瑞鳳改二乙,,,,,,,3,,0,0,2,3,0,0,,,
,345,*,,,赤城改二戊,,,,,,,3,,0,0,0,1,0,0,,,
,345,*,,,祥鳳改,,,,,,,3,,0,0,1,1,0,0,,,
天山一二型甲,372,*,,,[翔鶴]|[瑞鶴]|[大鳳],,,,,,,1,,0,0,0,0,0,0,,,2020/06/16
,372,*,,,[飛鷹]|[隼鷹]|[千歳]|[千代田],,,,,,,1,,0,0,0,0,0,0,,,2020/06/16
,372,*,,,龍鳳改二|龍鳳改二戊,,,,,,,2,,2,0,1,0,0,0,0,0,2021/05/07
,372,*,,,[祥鳳]|[瑞鳳]|龍鳳改,,,,,,,0,,0,0,1,0,0,0,,,2021/05/07
,372,*,,,瑞鳳改二|瑞鳳改二乙|龍鳳改,,,,,,,1,,0,0,0,0,0,0,,,2020/06/16
天山一二型甲改(空六号電探改装備機),373,*,,,[翔鶴],,,,,,,2,,0,0,0,0,0,0,0,0,2020/11/30
,373,*,,,[瑞鶴]|[大鳳]|鈴谷航改二|熊野航改二,千歳型|飛鷹型,,,,,,1,,0,0,0,0,0,0,0,0,2020/11/30
,373,*,,,祥鳳|瑞鳳,,,,,,,0,,0,0,1,0,0,0,0,0,2020/11/30
,373,*,,,祥鳳改|瑞鳳改|龍鳳,,,,,,,1,,0,0,1,0,0,0,0,0,2020/11/30
,373,*,,,瑞鳳改二|瑞鳳改二乙|龍鳳改,,,,,,,1,,0,0,2,0,0,0,0,0,2020/11/30
,373,*,,,龍鳳改二戊|龍鳳改二,,,,,,,1,,0,0,2,0,0,0,0,0,2021/05/07
,373,1,,,[翔鶴]|[大鳳]|鈴谷航改二|熊野航改二,,,,,,,0,,2,0,0,2,0,0,0,0,2020/11/30
,373,1,,,[瑞鶴],,,,,,,0,,2,0,0,3,0,0,0,0,2020/11/30
,373,1,,,祥鳳改|瑞鳳改|龍鳳|千歳航改|千代田航改,,,,,,,0,,1,0,0,0,0,0,0,0,2020/11/30
,373,1,,,瑞鳳改二|瑞鳳改二乙|龍鳳改|千歳航改二|千代田航改二,飛鷹型,,,,,,0,,1,0,0,1,0,0,0,0,2020/11/30
,373,1,,,龍鳳改二戊,,,,,,,0,,3,0,0,4,0,0,0,0,2021/05/07
,373,1,,,龍鳳改二,,,,,,,1,,2,0,0,2,0,0,0,0,2021/05/07
天山一二型甲改(熟練/空六号電探改装備機),374,*,,,翔鶴改二|翔鶴改二甲,,,,,,,3,,3,0,0,3,0,0,0,0,2020/11/30
,374,*,,,瑞鶴改二|瑞鶴改二甲,,,,,,,2,,3,0,0,4,0,0,0,0,2020/11/30
,374,*,,,大鳳改,,,,,,,2,,3,0,0,2,0,0,0,0,2020/11/30
,374,*,,,瑞鳳改二|瑞鳳改二乙|龍鳳改,,,,,,,1,,1,0,3,2,0,0,0,0,2020/11/30
,374,*,,,龍鳳改二戊|龍鳳改二,,,,,,,3,,2,0,3,3,0,0,0,0,2021/05/07
,374,*,,,鈴谷航改二|熊野航改二,,,,,,,1,,2,0,2,3,0,0,0,0,2020/11/30
,374,*,,,"千歳航改二|千代田航改二 ",,,,,,,1,,1,0,1,1,0,0,0,0,2020/11/30
,374,*,,,飛鷹改|隼鷹改二,,,,,,,1,,2,0,0,2,0,0,0,0,2020/11/30
,374,*,,,"祥鳳改 ",,,,,,,1,,1,0,2,1,0,0,0,0,2020/11/30
Swordfish:242,242,*,,,,Ark Royal級,,,,,,2,,0,0,0,1,0,0,0,0,2021/02/15
,242,*,,,,鳳翔型|改鳳翔型,,,,,,1,,0,0,0,0,0,0,0,0,2021/02/15
Swordfish Mk.II(熟練):243,243,*,,,,Ark Royal級,,,,,,3,,0,0,0,1,0,0,0,0,2021/02/15
,243,*,,,,鳳翔型|改鳳翔型,,,,,,2,,0,0,0,0,0,0,0,0,2021/02/15
Swordfish Mk.III(熟練):244,244,*,,,,Ark Royal級,,,,,,4,,0,0,0,2,0,0,0,0,2021/02/15
,244,*,,,,鳳翔型|改鳳翔型,,,,,,3,,0,0,0,0,0,0,0,0,2021/02/15
TBM-3W ＋ 3S,389,*,,,赤城改二|赤城改二戊,,,,,,,2,,0,0,0,2,0,0,0,0,2020/11/30
,389,*,,,加賀改二|加賀改二戊,,,,,,,3,,0,0,0,2,0,0,0,0,2020/11/30
,389,*,,,加賀改二護,,,,,,,4,,0,0,4,3,0,0,0,0,2020/11/30
,389,*,,,,Lexington級|Yorktown級|Essex級|Casablanca級,,,,,,2,,0,0,3,1,0,0,0,0,2020/11/30
+回転翼機,389,1,,,加賀改二護,,,,回転翼機,,,3,,0,0,6,0,0,0,0,0,2020/11/30
+ヘリ,389,1,,,加賀改二護,,,326|327,,,,5,,0,0,4,0,0,0,0,0,2020/11/30
Barracuda Mk.II:424,424,*,,,,Ark Royal級|Illustrious級,,,,,,2||3||||4||||,,3,0,0,0,0,0,0,0,2021/10/02
Barracuda Mk.III:425,425,*,,,,Ark Royal級|Illustrious級,,,,,,||2||||3,,1,0,||3||||4,0,1,0,0,0,2021/10/02
流星改(熟練),466,*,,,赤城改|加賀改|蒼龍改|飛龍改|翔鶴改|瑞鶴改|大鳳改,,,,,,,1,,0,0,0,0,0,0,1,0,2022/11/04
,466,*,,,翔鶴改二|翔鶴改二甲|瑞鶴改二|瑞鶴改二甲,,,,,,,2,,0,0,0,0,2,0,1,0,2022/11/05
,466,*,,,[赤城改二]|[加賀改二]|蒼龍改二|飛龍改二,,,,,,,1,,0,0,0,0,1,0,2,0,2022/11/06
艦偵共通,54|61|151|273|423,1,,1,,改伊勢型,軽空母|正規空母|装甲空母,,,,,0|0|0|0|1|1|1|1|1|1|2,,0,0,0,0,0|0|1|1|1|1|2|2|2|2|3,0,0,0,2021/08/05
二式艦上偵察機:61,61,1,,,飛龍|飛龍改|飛龍改二,,,,,,,0|2|2|2|2|2|2|2|2|2|2,,0,0,0,0,0|2|2|2|2|2|2|2|2|2|2,0,0,0,2020/11/29
彩雲:54　彩雲(偵四):273　試製景雲(艦偵型):151,61,1,,,蒼龍|蒼龍改|蒼龍改二,,,,,,,0|3|3|3|3|3|3|3|4|4|4,,0,0,0,0,0|3|3|3|3|3|3|3|4|4|4,0,0,0,2020/11/29
,61,1,,,飛龍改二|蒼龍改二,,,,,,,0,,0,0,0,0,0,0,5,1,2020/11/29
,61,1,,,瑞鳳改二乙|鈴谷航改二|熊野航改二,,,,,,,0|1|1|1|1|1|1|1|1|1|1,,0,0,0,0,0|1|1|1|1|1|1|1|1|1|1,0,0,0,2020/11/29
,61,1,,,伊勢改二,,,,,,,3,,0,0,0,2,0,1,5,1,2020/11/29
,61,1,,,日向改二,,,,,,,3,,0,0,0,3,0,3,5,1,2020/11/29
Fulmar(戦闘偵察/熟練):423,423,1,,,,Ark Royal級|Illustrious級,,,,,,4,,0,4,0,4,4,0,0,0,2021/10/02
,423,1,,,,Lexington級|Yorktown級|Essex級|Casablanca級,,,,,,1,,0,1,0,1,1,0,0,0,2021/10/02
新型高温高圧缶,87,1,,,金剛改二丙|比叡改二丙,,,,,,,0|0|0|0|0|0|0|0|0|0|1,,1|1|1|1|1|1|1|1|2|2|2,0,0,2|2|2|2|2|2|3|3|3|3|3,0,0,0,,2020/08/08
13号対空電探改:106,106|450,*,,,潮改二|時雨改二|初霜改二|榛名改二|長門改二,,,,,,,1,,0,2,0,3,0,1,0,0,2022/03/02
13号対空電探改(後期型):450,106|450,*,,,[矢矧]|[霞]|[雪風]|丹陽|[磯風]|[浜風]|[朝霜]|[涼月],,,,,,,0,,0,2,0,2,0,1,0,0,2022/03/02
,106|450,1,,1,矢矧改二,,,,,,,1,,0,1,0,1,0,1,0,0,2022/03/02
,106|450,1,,1,矢矧改二乙,,,,,,,1,,0,2,0,2,0,1,0,0,2022/03/02
,106|450,*,,,大淀|大淀改|響|響改|Верный|鹿島|鹿島改,,,,,,,0,,0,1,0,3,0,1,0,0,2022/03/02
,450,*,,,,松型,,,,,,1,,0,2,0,3,0,1,0,0,2022/03/02
,450,*,,,,,海防艦,,,,,0,,0,1,0,2,0,1,0,0,2022/03/02
GFCS Mk.37,307,*,,,,Colorado級|North Carolina級|South Dakota級|Iowa級|Lexington級|Yorktown級|Essex級|Casablanca級|Northampton級|Brooklyn級|St. Louis級|Atlanta級|Fletcher級|John C.Butler級,,,,,,1,,0,1,0,1,0,0,0,0,2021/06/07
SG レーダー(初期型),315,*,,,,Fletcher級|John C.Butler級,,,,,,3,,0,0,0,3,4,0,0,0,2020/11/29
,315,*,,,,Colorado級|North Carolina級|South Dakota級|Iowa級|Lexington級|Yorktown級|Essex級|Casablanca級|Northampton級|Brooklyn級|St. Louis級|Atlanta級,,,,,,2,,0,0,0,3,4,0,0,0,2021/06/07
,315,1,,,丹陽|雪風改二,,,,,,,2,,0,0,0,2,3,0,0,0,2020/11/29
,315,1,,,丹陽|雪風改二,Fletcher級|John C.Butler級,,,,,,0,,0,0,0,0,0,0,0,1,2020/11/29
SG レーダー(後期型):456,456,*,,,,Fletcher級|John C.Butler級,,,,,,4,,0,0,0,4,4,0,0,0,2022/05/28
,456,*,,,,Colorado級|North Carolina級|South Dakota級|Iowa級|Lexington級|Yorktown級|Essex級|Casablanca級|Northampton級|Brooklyn級|St. Louis級|Atlanta級,,,,,,3,,0,0,0,4,4,0,0,0,2022/05/28
,456,*,,,,Queen Elizabeth級|Nelson級|Ark Royal級|Illustrious級|Town級|Perth級|J級,,,,,,2,,0,0,0,2,2,0,0,0,2022/05/28
,456,1,,,丹陽|雪風改二,,,,,,,2,,0,0,0,2,3,0,0,0,2022/05/28
,456,1,,,丹陽|雪風改二,Fletcher級|John C.Butler級,,,,,,0,,0,0,0,0,0,0,0,1,2022/05/28
21号対空電探:30,30,1,,,最上改二|最上改二特,秋月型,,,,,,0,,0,3,0,2,2,0,0,0,2021/04/04
21号対空電探改二:410,410,1,,,最上改二|最上改二特,秋月型,,,,,,1,,0,5,0,4,2,1,0,0,2021/04/04
SKレーダー,278,1,,,,Colorado級|North Carolina級|South Dakota級|Iowa級|Lexington級|Yorktown級|Essex級|Casablanca級|Northampton級|Brooklyn級|St. Louis級|Atlanta級,,,,,,0,,0,1,0,3,1,0,0,,2021/06/07
,278,1,,,,Queen Elizabeth級|Nelson級|Ark Royal級|Illustrious級|Town級,,,,,,0,,0,1,0,2,0,0,0,,2021/10/02
,278,1,,,,Perth級,,,,,,0,,0,1,0,1,0,0,0,,2020/08/08
SK+SGレーダー,279,1,,,,Colorado級|North Carolina級|South Dakota級|Iowa級|Lexington級|Yorktown級|Essex級|Casablanca級|Northampton級|Brooklyn級|St. Louis級|Atlanta級,,,,,,2,,0,2,0,3,2,0,0,,2021/06/07
,279,1,,,,Queen Elizabeth級|Nelson級|Ark Royal級|Illustrious級|Town級,,,,,,1,,0,1,0,2,1,0,0,,2021/10/02
,279,1,,,,Perth級,,,,,,1,,0,1,0,1,0,0,0,,2020/08/08
42号対空電探改二:411,411,*,,,榛名改二|扶桑改二|山城改二,,,,,,,3||||4|4|4|4|4||5,,0,4||||5|5|5|5|5||6,0,0,0,0,0,0,2021/04/04
,411,*,,,長門改二|陸奥改二|伊勢改二|日向改二,,,,,,,2||||3|3|3|3|3||4,,0,2||||3|3|3|3|3||4,0,0,0,0,0,0,2021/04/04
,411,*,,,,,重巡洋艦|航空巡洋艦|改装航空巡洋艦|特殊改装航空巡洋艦,,,,,0,,0,0,0,-5,0,0,0,0,2021/04/04
,411,*,,,,,練習巡洋艦,,,,,0,,0,0,0,-6,0,0,0,0,2021/04/04
,411,*,,,,,軽巡洋艦|軽(航空)巡洋艦|防空巡洋艦|兵装実験軽巡|重改装軽巡洋艦|重雷装巡洋艦,,,,,0,,0,0,0,-7,0,0,0,0,2021/04/04
,411,*,,,,,駆逐艦,,,,,0,,0,0,0,-9,0,0,0,0,2021/04/04
小型対空電探(汎用),27|106|307|315|450|456,1,,1,沖波改二|秋雲改二,,,,,,,1,,0,2,0,3,0,0,0,,2022/05/28
国産ソナー,46|47|149|438,1,,1,,香取型,,,,,,0,,0,0,2,3,0,0,0,0,2021/10/02
三式水中探信儀,47,*,,,[神風]|[春風]|[時雨]|[山風]|[舞風]|[朝霜],,,,,,,1,,0,0,3,2,0,0,0,,2020/08/08
,47,*,,,^潮|^雷|[山雲]|[磯風]|[浜風]|[岸波],,,,,,,0,,0,0,2,2,0,0,0,,2022/02/22
四式水中聴音機,149,1,,,,秋月型,,,,,,0,,0,0,1,2,0,0,,,2020/02/12
,149,1,,,雪風改二|五十鈴改二|由良改二|那珂改二|夕張改二|夕張改二特,,,,,,,0,,0,0,1,3,0,0,,,2020/11/15
,149,1,,,夕張改二丁,,,,,,,0,,0,0,3,5,0,0,,,2020/02/12
,149,1,,,能代改二,,,,,,,0,,0,0,2,4,0,0,0,0,2021/10/02
三式水中探信儀改:438,438,1,,,五十鈴改二|由良改二|那珂改二|[石垣]|[御蔵],,日本駆逐艦,,,,,0,,0,0,1,1,0,0,0,0,2021/10/02
,438,1,,,[海風]|[江風]|[涼風]|[舞風]|潮|潮改|潮改二|[雷]|[山雲]|[磯風]|[浜風],,,,,,,0,,0,0,1,0,0,0,0,0,2021/10/02
,438,1,,,神風改|春風改|時雨改二|山風改二|山風改二丁|朝霜改二,,,,,,,0,,0,0,0|0|0|0|1|1|1|1|2|2|2,0|0|0|0|0|0|1|1|1|1|2,0,0,0,0,2021/10/02
,438,1,,,[神風]|[春風]|[時雨]|[山風],,,,,,,0,,0,0,1,1,0,0,0,0,2021/10/02
,438,*,,,[神風]|[春風]|[時雨]|[山風]|[舞風]|[朝霜],,,,,,,1,,0,0,3,2,0,0,0,0,2021/10/02
,438,*,,,潮|潮改|潮改二|[雷]|[山雲]|[磯風]|[浜風]|[岸波],,,,,,,0,,0,0,2,2,0,0,0,0,2021/10/02
国産爆雷投射機,44|45|287|288,*,,,,香取型,,,,,,0,,0,0,3,2,0,0,0,0,2021/03/07
三式爆雷投射機 集中配備,287,*,,,雪風改二|五十鈴改二|由良改二|那珂改二|夕張改二丁,,,,,,,0,,0,0,1,1,0,0,,,2020/11/15
,287,*,,,能代改二,,,,,,,0,,0,0,3,0,0,0,0,0,2021/02/15
試製15cm9連装対潜噴進砲,288,*,,,五十鈴改二|由良改二|那珂改二|雪風改二,,,,,,,0,,0,0,2,1,0,0,,,2020/11/15
,288,*,,,夕張改二丁,,,,,,,1,,0,0,3,2,0,0,,,2022/02/22
,288,*,,,能代改二,,,,,,,0,,0,0,4,1,0,0,0,0,2021/02/15
RUR-4A Weapon Alpha改:377,377,*,,,,Fletcher級|John C.Butler級|Brooklyn級|St. Louis級|Atlanta級,,,,,,0,,0,0,2,1,0,0,0,,2021/06/07
,377,*,,,丹陽|雪風改二,,,,,,,0,,0,0,1,2,0,0,0,,2020/11/15
,377,*,,,,J級|Perth級|Town級,,,,,,0,,0,0,1,1,0,0,0,0,2021/01/08
,377,*,,,Fletcher Mk.II,,,,,,,0,,0,0,1,2,0,0,0,,2020/08/08
対潜短魚雷(試作初期型),378,*,,,,Fletcher級|John C.Butler級|Brooklyn級|St. Louis級|Atlanta級,,,,,,0,,0,0,3,1,0,0,0,,2021/06/07
,378,*,,,,J級|Town級,,,,,,0,,0,0,2,1,0,0,0,0,2021/01/08
,378,*,,,丹陽|雪風改二,Perth級,,,,,,0,,0,0,1,1,0,0,0,,2020/11/15
,378,*,,,Fletcher Mk.II,,,,,,,0,,0,0,1,1,0,0,0,,2020/08/08
Hedgehog(初期型):439,439,1,,,,,練習巡洋艦|軽巡洋艦|駆逐艦|海防艦,,,,,0,,0,0,1,1,0,0,0,0,2021/11/07
,439,1,,,,松型,海防艦,,,,,0,,0,0,1,0,0,0,0,0,2021/11/07
,439,1,,,,Brooklyn級|St. Louis級|Atlanta級|Fletcher級|John C.Butler級|Town級|J級,,,,,,0,,0,0,2,0,0,0,0,0,2021/11/07
Mk.32 対潜魚雷(Mk.2落射機),472,1,,,Samuel B.Roberts Mk.II,,,,,,,0,,0,0,3,1,0,0,1,,2022/08/04
,472,1,,,,Brooklyn級|St. Louis級|Atlanta級|Fletcher級|John C.Butler級,,,,,,0,,0,0,2,0,0,0,0,,2022/08/04
,472,1,,,,Town級|J級,,,,,,0,,0,0,1,0,0,0,0,,2022/08/04
,472,1,,,,,海防艦,,,,,0,,0,0,0,1,0,0,0,,2022/08/04
二式爆雷改二 日本駆逐,488,,,,,,日本駆逐艦,,,,,0,,0,0,1,1,0,0,0,,2023/01/02
二式爆雷改二 海防艦,488,,,,,,海防艦,,,,,0,,0,0,1,1,0,0,0,,2023/01/02
二式爆雷改二 時雨改二,488,*,,,時雨改二,,,,,,,0,,0,0,5,5,0,0,2,,2023/01/02
二式爆雷改二 雪風改|丹陽|雪風改二|時雨改|磯風乙改|浜風乙改,488,*,,,雪風改|丹陽|雪風改二|時雨改|磯風乙改|浜風乙改,,,,,,,0,,0,0,2,1,0,0,1,,2023/01/02
二式爆雷改二 時雨|響改|潮改二|初霜改二|涼月改|冬月改|矢矧改二|矢矧改二乙|扶桑改二|山城改二,488,*,,,時雨|響改|潮改二|初霜改二|涼月改|冬月改|矢矧改二|矢矧改二乙|扶桑改二|山城改二,,,,,,,0,,0,0,1,0,0,0,0,,2023/01/02
二式爆雷改二 改修ボーナス,488,1,,,時雨|時雨改|時雨改二|雪風改|丹陽|雪風改二|磯風乙改|浜風乙改|響改|潮改二|初霜改二|涼月改|冬月改|矢矧改二|矢矧改二乙|扶桑改二|山城改二,,,,,,,0,,0,0,0|0|0|0|0|1|1|1|1|2|2,0|0|0|0|0|0|0|0|0|1|1,0,0,0|0|0|0|0|0|0|1|1|1|1,,2023/01/02
三式弾,35,1,,,金剛改二|金剛改二丙|比叡改二丙,,,,,,,1,,0,1,0,0,0,0,,,2020/04/27
,35,1,,,比叡改二,,,,,,,0,,0,1,0,0,0,0,,,
,35,1,,,榛名改二,,,,,,,0,,0,1,0,1,0,0,,,
,35,1,,,霧島改二,,,,,,,1,,0,0,0,0,0,0,,,
三式弾改,317,1,,,金剛|榛名|比叡|霧島|金剛改|榛名改|比叡改|霧島改,,,,,,,1,,0,1,0,0,0,0,,,
,317,1,,,金剛改二|金剛改二丙|比叡改二丙,,,,,,,3,,0,3,0,0,0,0,,,2020/04/27
,317,1,,,比叡改二,,,,,,,2,,0,2,0,0,0,0,,,
,317,1,,,榛名改二,,,,,,,2,,0,2,0,1,0,0,,,
,317,1,,,霧島改二,,,,,,,3,,0,2,0,0,0,0,,,
,317,1,,,長門改二,,,,,,,1,,0,2,0,0,0,0,,,
,317,1,,,陸奥改二,,,,,,,2,,0,2,0,1,0,0,,,
三式弾改二,483,1,,,金剛改二丙,,,,,,,4,,0,4,0,1,0,0,0|0|0|0|0|0|0|1|1|1,0,2022/09/30
,483,1,,,比叡改二丙,,,,,,,3,,0,3,0,2,0,0,0|0|0|0|0|0|0|1|1|1,0,2022/09/30
,483,1,,,金剛改二|霧島改二,,,,,,,3,,0,3,0,0,0,0,0|0|0|0|0|0|0|1|1|1,0,2022/09/30
,483,1,,,比叡改二,,,,,,,2,,0,2,0,0,0,0,0|0|0|0|0|0|0|1|1|1,0,2022/09/30
,483,1,,,榛名改二,,,,,,,2,,0,3,0,2,0,0,0|0|0|0|0|0|0|1|1|1,0,2022/09/30
,483,1,,,金剛|榛名|比叡|霧島|金剛改|榛名改|比叡改|霧島改,,,,,,,1,,0,1,0,0,0,0,0,0,2022/09/30
,483,1,,,大和改二|大和改二重|武蔵改二,,,,,,,2,,0,2,0,2,0,0,0|0|0|0|0|0|0|1|1|1,0,2022/09/30
,483,1,,,長門改二|扶桑改二|山城改二,,,,,,,1,,0,2,0,0,0,0,0,0,2022/09/30
,483,1,,,陸奥改二,,,,,,,2,,0,2,0,1,0,0,0,0,2022/09/30
,483,1,,,伊勢改二|日向改二,,,,,,,1,,0,2,0,1,0,0,0,0,2022/09/30
一式徹甲弾改,365,1,,,,金剛型|改金剛型|扶桑型|伊勢型|改伊勢型|長門型|大和型,,,,,,1,,0,0,0,0,0,0,0,,2020/08/08
一式徹甲弾改,365,1,,,,金剛型|改金剛型|扶桑型|伊勢型|改伊勢型|長門型|大和型|改大和型,,,,,,1,,0,0,0,0,0,0,0,,2020/08/08
,365,1,,,武蔵改|武蔵改二|大和改|大和改二|大和改二重|長門改二|陸奥改二,,,,,,,1,,0,0,0,0,0,0,0,,2020/08/08
,365,1,,,武蔵改|武蔵改二|大和改|長門改二|陸奥改二,,,,,,,1,,0,0,0,0,0,0,0,,2020/08/08
20連装7inch UP Rocket Launchers,301,*,,,,Queen Elizabeth級|Nelson級|Ark Royal級|Illustrious級|J級|Town級,,,,,,0,,0,2,0,1,0,1,0,0,2021/10/02
熟練甲板要員+航空整備員,478,1,,,Conte di Cavour nuovo|Zara due|球磨改二|多摩改二|由良改二|能代改二|矢矧改二|矢矧改二乙|秋津洲改,Gotland級|日進型|C.Teste級|陸軍特種船(R1),軽空母|正規空母|装甲空母|航空戦艦|航空巡洋艦|補給艦,,,,,0|1|1|1|1|1|1|2|2|2|3,0|0|0|0|1|1|1|1|1|1|1,0|0|0|0|0|1|1|1|1|1|1|1,0|0|0|0|0|0|1|1|1|1|1|,0,0|0|0|1|1|1|1|1|1|2|2,0,0,0|0|1|1|1|1|1|1|2|2|2,0,2022/08/26
北方迷彩(＋北方装備),268,1,,,多摩改|多摩改二|木曾改|木曾改二,,,,,,,0,,0,0,0,7,0,2,,,
探照灯,74,1,,,[神通],,,,,,,8,,8,0,0,-1,0,0,0,0,2021/02/15
,74,1,,,能代改二|矢矧改二|矢矧改二乙,,,,,,,4,,2,0,0,0,0,0,0,0,2021/04/04
,74,1,,,[比叡]|[霧島]|[鳥海]|[暁],,,,,,,4,,0,0,0,-1,0,0,0,,2020/08/08
,74,*,,,[秋雲],,,,,,,2,,0,0,0,0,0,0,0,,2020/08/08
,74,*,,,[雪風]|丹陽,,,,,,,1,,0,1,0,0,0,0,0,,2020/11/15
,74,1,,,秋雲改二,,,267|366,,,,3,,0,0,0,-3,0,0,0,,2020/10/23
96式150cm探照灯,140,1,,,[比叡]|[霧島],,,,,,,6,,0,0,0,-2,0,0,,,2020/08/08
,140,1,,,比叡改二丙,,,,,,,3,,3,0,0,0,0,0,,,2020/08/08
,140,1,,,,大和型,,,,,,4,,0,0,0,-1,0,0,,,2020/03/30
+53cm連装魚雷,140,1,,,比叡改二丙,,,174,,,,0,,5,0,0,0,0,0,,,2020/04/27
回転翼機,69|324|325|326|327,1,,1,能代改二,,,,,,,0,,0,0,4,1,0,0,0,0,2021/02/15
,69|324|325|326|327,1,,1,矢矧改二|矢矧改二乙,,,,,,,0,,0,0,3,1,0,0,0,0,2021/04/04
カ号観測機,69,*,,,伊勢改二,,,,,,,1,,0,0,1,0,0,0,0,,2020/08/29
,69,*,,,日向改二,,,,,,,1,,0,0,2,0,0,0,0,,2020/08/29
,69,*,,,加賀改二護,,,,,,,1,,0,0,2,0,0,0,0,,2020/08/29
オ号観測機改:324,324|325,*,,,伊勢改二,,,,,,,1,,0,0,2,1,0,0,0,,2020/08/29
オ号観測機改二:325,324|325,*,,,日向改二,,,,,,,2,,0,0,3,1,0,0,0,,2020/08/29
,324|325,*,,,加賀改二護,,,,,,,2,,0,0,3,1,0,0,0,,2020/08/29
S-51J,326,*,,,伊勢改二,,,,,,,1,,0,0,3,1,0,0,0,,2020/08/29
,326,*,,,日向改二,,,,,,,3,,0,0,4,2,0,0,0,,2020/08/29
,326,*,,,加賀改二護,,,,,,,3,,0,0,5,3,0,0,0,,2020/08/29
S-51J改,327,*,,,伊勢改二,,,,,,,2,,0,0,4,1,0,0,0,,2020/08/29
,327,*,,,日向改二,,,,,,,4,,0,0,5,2,0,0,0,,2020/08/29
,327,*,,,加賀改二護,,,,,,,5,,0,0,6,4,0,0,0,,2020/08/29
三式指揮連絡機(対潜):70,70,*,,,,特2TL型,,,,,,1,,0,0,1,0,0,0,0,0,2022/03/02
三式指揮連絡機改:451,451,*,,,,特2TL型,,,,,,1,,0,0,3,0,0,0,0,0,2022/03/02
,451,*,,,,特種船丙型,,,,,,1,,0,0,2,0,0,0,0,0,2022/03/02
一式戦 隼II型改(20戦隊),489|491,*,,,,特種船丙型|特2TL型,,,,,,1,,0,2,1,1,0,0,1,0,2023/02/28
一式戦 隼II型改(20戦隊),489|491,*,,,山汐丸改,,,,,,,2,,0,2,1,2,0,0,1,0,2023/02/28
一式戦 隼II型改(20戦隊),489|491,*,,,伊勢改二|日向改二|加賀改二護,特種船丙型|特2TL型,軽空母,,,,,0|0|0|0|0|0|0|0|0|0|1,,0,0,0|0|0|0|0|0|1|1|1|1|1,0|0|0|1|1|1|1|1|1|1|1,0,0,0|0|0|0|0|0|0|1|1|1,0,2023/02/28
艦本新設計 増設バルジ(大型艦),204,1,,,金剛改二丙|比叡改二丙,,,,,,,0,,1|1|1|1|1|1|1|1|1|1|2,0,0,0,0,1|1|1|1|1|1|1|2|2|2|2,0,,2020/08/08
プリエーゼ式水中防御隔壁:136,136,1,,,,Conte di Cavour級|V.Veneto級|Aquila級,,,,,,0,,0,0,0,1,0,2|2|2|3|3|3|4|4|4|4|5,0,0,2022/02/22
,136,1,,,Conte di Cavour改|Conte di Cavour nuovo,,,,,,,0,,0,0,0,1,0,1,0,0,2021/10/02
94式高射装置:121,121,1,,,,秋月型,,,,,,0,,0,4,0,2,0,0,0,0,2021/04/04
,121,1,,,,秋月型,,,対空電探,,,0,,0,2,0,2,0,0,0,0,2021/04/04
熟練見張員,129,*,,,,,日本駆逐艦,,,,,1,,2,0,2,2,1,0,,,2020/03/29
,129,*,,,矢矧改二|矢矧改二乙,,日本軽巡洋艦|日本実験軽巡洋艦|日本練習巡洋艦|日本重雷装巡洋艦,,,,,1,,2,0,0,2,3,0,0,0,2021/04/04
,129,*,,,最上改二|最上改二特,,日本重巡洋艦|日本航空巡洋艦,,,,,1,,0,0,0,2,3,0,0,0,2021/04/04
,129,1,,,秋雲改二,,,267|366,,,,2,,0,2,0,3,0,0,0,,2020/10/23
水雷戦隊 熟練見張員:412,412,1,,,,,日本駆逐艦,,,,,2|2|||3||||3,,4|4|||4||||5,0,2,0,0,0,0,0,2021/06/07
,412,1,,,,,日本軽巡洋艦|日本練習巡洋艦|日本重雷装巡洋艦,,,,,3|3|||4||||4,,3|3|||3||||4,0,0,0,0,0,0,0,2021/06/07
,412,1,,,,,日本重巡洋艦|日本航空巡洋艦,,,,,1,,0,0,0,0,0,0,0,0,2021/06/07
,412,*,,,,,日本駆逐艦,,,,,0,,0,0,0,3,1,0,0,0,2021/06/07
,412,*,,,,,日本軽巡洋艦|日本練習巡洋艦|日本重雷装巡洋艦,,,,,0,,0,0,0,2,3,0,0,0,2021/06/07
,412,*,,,,,日本重巡洋艦|日本航空巡洋艦,,,,,0,,0,0,0,1,1,0,0,0,2021/06/07
,412,1,,,秋雲改二,,,267|366,,,,2,,0,2,0,3,0,0,0,0,2021/05/07
精鋭水雷戦隊 司令部:413,413,*,,,長波改二,,,,,,,2,,1,0,0,1,0,0,0,0,2021/05/12
,413,*,,,[照月],,,,,,,1,,1,0,0,0,0,0,0,0,2021/05/12
,413,*,,,,夕雲型|秋月型,,,,,,4,,5,0,0,7,0,0,0,0,2021/05/12
,413,*,,,初霜改二,,,,,,,2,,2,1,0,0,0,0,0,0,2022/02/22
,413,*,,,霞改二|不知火改二|雪風改二,白露型,,,,,,2,,2,0,0,4,0,0,0,0,2021/06/07
,413,*,,,,天龍型|夕張型,,,,,,4,,3,2,0,3,0,0,0,0,2021/05/12
,413,*,,,神通改二,,,,,,,3,,1,0,0,0,0,0,0,0,2021/05/12
,413,*,,,[川内]|神通|神通改,,,,,,,1,,1,0,0,0,0,0,0,0,2021/05/12
,413,*,,,[由良]|[那珂]|[能代]|[矢矧],,,,,,,0,,0,1,0,1,0,0,0,0,2021/05/12
,413,*,,,,川内型|球磨型|長良型|阿賀野型|大淀型,,,,,,5,,4,0,0,4,0,0,0,0,2021/05/12
,413,*,,,,香取型,,,,,,4,,2,0,0,2,0,0,0,0,2021/05/12
25mm系機銃,49|39|40|131,*,,,能代改二|矢矧改二,,,,,,,0,,0,2,0,1,0,0,0,0,2021/04/04
,49|39|40|131,*,,,矢矧改二乙,,,,,,,0,,0,3,0,2,0,0,0,0,2021/04/04
,49|39|40|131,*,,,,香取型,,,,,,1,,0,2,0,2,0,0,0,0,2021/03/07
2cm 四連装FlaK 38:84,84,*,,,*,,,,,,,0|0|0|0|0|0|0|1|1|1|1,,0,0|0|0|0|1|1|1|2|2|2|3,0,0|0|0|0|1|1|1|1|1|1|2,0,0,0,0,2022/02/22
,84,1,,,*,,,,対空電探,,,0,,0,0|0|0|0|1|1|1|1|1|1|1,0,0,0,0,0,0,2022/02/22
,84,*,,,Luigi Torelli|Luigi Torelli改|UIT-25|U-511,Bismarck級|Graf Zeppelin級|Admiral Hipper級|Z1型|Conte di Cavour級|V.Veneto級|Aquila級|Zara級|L.d.S.D.d.Abruzzi級|Maestrale級,,,,,,0,,0,0|0|0|0|1|1|1|1|1|1|1,0,0|0|0|0|1|1|1|1|1|1|1,0,0,0,0,2022/02/22
,84,1,,,Luigi Torelli|Luigi Torelli改|UIT-25|U-511,Bismarck級|Graf Zeppelin級|Admiral Hipper級|Z1型|Conte di Cavour級|V.Veneto級|Aquila級|Zara級|L.d.S.D.d.Abruzzi級|Maestrale級,,,,,,0|0|0|0|0|0|0|0|0|0|1,,0,0,0,0,0,0,0,0,2022/02/22
装甲艇(AB艇):408,408,*,,,,陸軍特種船(R1),,,,,,2,,0,0,0,2,2,0,0,0,2021/03/01
,408,*,,,,特種船丙型,,,,,,1,,0,0,1,1,1,0,0,0,2021/03/01
,408,*,,,,,駆逐艦,,,,,1,,0,0,0,-5,1,0,0,0,2021/03/01
武装大発:409,409,*,,,,陸軍特種船(R1),,,,,,2,,0,2,0,3,0,0,0,0,2021/03/01
,409,*,,,,特種船丙型,,,,,,1,,0,1,1,1,0,0,0,0,2021/03/01