id,name,kana,shipType,lv,HP,firepowerRaw,firepower,torpedoRaw,torpedo,antiairRaw,antiair,armorRaw,armor,evasionRaw,evasionEq,evasion,accuracyEq,luck,boss,lastModified
1501,駆逐イ級,くちくいきゅう,駆逐艦,1,20,5,6,15,15,6,6,5,5,14,0,14,0,1,0,2021/08/09
1514,駆逐イ級elite,くちくいきゅうえりーと,駆逐艦,1,30,15,16,32,37,10,10,12,12,30,0,30,0,10,0,
1564,駆逐イ級flagship,くちくいきゅうふらぐしっぷ,駆逐艦,1,39,32,32,60,60,24,29,24,24,60,3,63,24,30,0,
1575,駆逐イ級後期型,くちくいきゅうこうきがた,駆逐艦,1,35,38,40,60,60,30,30,22,22,48,0,48,0,30,0,
1621,駆逐イ級後期型elite,くちくいきゅうこうきがたえりーと,駆逐艦,1,39,48,52,76,76,40,46,30,30,65,3,68,5,50,0,
1502,駆逐ロ級,くちくろきゅう,駆逐艦,1,22,7,9,16,16,7,7,6,6,15,0,15,0,1,0,
1515,駆逐ロ級elite,くちくろきゅうえりーと,駆逐艦,1,35,20,22,32,37,12,12,14,14,30,0,30,0,10,0,
1552,駆逐ロ級flagship,くちくろきゅうふらぐしっぷ,駆逐艦,1,43,33,35,60,70,24,24,24,24,52,0,52,0,20,0,
1576,駆逐ロ級後期型,くちくろきゅうこうきがた,駆逐艦,1,37,38,40,66,66,32,32,26,26,52,0,52,0,36,0,
1622,駆逐ロ級後期型elite,くちくろきゅうこうきがたえりーと,駆逐艦,1,43,58,62,88,88,44,50,36,36,70,3,73,5,60,0,
1503,駆逐ハ級,くちくはきゅう,駆逐艦,1,24,6,8,16,18,6,6,7,7,16,0,16,0,1,0,
1516,駆逐ハ級elite,くちくはきゅうえりーと,駆逐艦,1,40,15,17,32,42,14,14,16,16,35,0,35,0,10,0,
1553,駆逐ハ級flagship,くちくはきゅうふらぐしっぷ,駆逐艦,1,47,30,32,60,70,24,24,27,27,54,0,54,0,20,0,
1577,駆逐ハ級後期型,くちくはきゅうこうきがた,駆逐艦,1,38,44,46,72,82,36,36,29,29,56,0,56,0,42,0,
1623,駆逐ハ級後期型elite,くちくはきゅうこうきがたえりーと,駆逐艦,1,46,58,60,76,76,48,54,36,36,75,3,78,5,70,0,
1504,駆逐ニ級,くちくにきゅう,駆逐艦,1,28,8,10,24,26,8,8,9,9,18,0,18,0,5,0,
1517,駆逐ニ級elite,くちくにきゅうえりーと,駆逐艦,1,45,20,22,40,50,18,18,18,18,40,0,40,0,10,0,
1578,駆逐ニ級後期型,くちくにきゅうこうきがた,駆逐艦,1,40,48,50,84,94,38,38,33,33,66,0,66,0,48,0,
1624,駆逐ニ級後期型elite,くちくにきゅうこうきがたえりーと,駆逐艦,1,49,64,68,98,98,48,54,48,48,80,3,83,5,80,0,
1858,駆逐ニ級改,くちくにきゅうかい,駆逐艦,1,39,34,39,48,53,28,40,19,19,,11,,44,,0,
1859,駆逐ニ級改後期型,くちくにきゅうかいこうきがた,駆逐艦,1,49,54,59,88,93,48,60,39,39,,11,,44,,0,
1860,駆逐ニ級改後期型elite,くちくにきゅうかいこうきがたえりーと,駆逐艦,1,49,64,69,98,103,58,70,49,49,,11,,44,,0,
1861,駆逐ニ級改後期型flagship,くちくにきゅうかいこうきがたふらぐしっぷ,駆逐艦,1,49,68,73,98,103,68,80,59,59,,11,,44,,0,
1505,軽巡ホ級,けいじゅんほきゅう,軽巡洋艦,1,33,14,16,24,24,10,13,15,15,15,0,15,0,1,0,
1518,軽巡ホ級elite,けいじゅんほきゅうえりーと,軽巡洋艦,1,48,30,32,40,40,20,23,30,30,24,0,24,0,10,0,
1554,軽巡ホ級flagship,けいじゅんほきゅうふらぐしっぷ,軽巡洋艦,1,53,42,44,72,72,27,29,36,36,44,0,44,0,20,0,
1506,軽巡ヘ級,けいじゅんへきゅう,軽巡洋艦,1,36,16,19,28,28,12,16,18,18,15,0,15,0,1,0,
1519,軽巡ヘ級elite,けいじゅんへきゅうえりーと,軽巡洋艦,1,52,34,37,48,48,23,27,32,32,26,0,26,0,10,0,
1555,軽巡ヘ級flagship,けいじゅんへきゅうふらぐしっぷ,軽巡洋艦,1,57,48,51,80,80,30,34,39,39,46,0,46,0,20,0,
1905,軽巡ヘ級改flagship,けいじゅんへきゅうかいふらぐしっぷ,軽巡洋艦,1,150,78,84,90,90,50,56,89,89,,0,,0,,0,
1904,軽巡ヘ級改flagship,けいじゅんへきゅうかいふらぐしっぷ,軽巡洋艦,1,115,58,64,80,80,40,46,69,69,,0,,0,,0,
1507,軽巡ト級,けいじゅんときゅう,軽巡洋艦,1,39,24,27,28,30,12,16,20,20,15,0,15,0,5,0,
1520,軽巡ト級elite,けいじゅんときゅうえりーと,軽巡洋艦,1,55,36,39,48,50,24,28,36,36,28,0,28,0,10,0,
2012,軽巡ト級elite,けいじゅんときゅうえりーと,軽巡洋艦,1,63,46,50,58,58,48,85,56,56,,6,,26,,0,
1998,軽巡ト級flagship,けいじゅんときゅうふらぐしっぷ,軽巡洋艦,1,73,69,76,72,72,68,112,69,69,,7,,28,,0,
1508,雷巡チ級,らいじゅんちきゅう,重雷装巡洋艦,1,48,18,20,48,52,10,12,22,22,18,0,18,0,5,0,
1521,雷巡チ級elite,らいじゅんちきゅうえりーと,重雷装巡洋艦,1,50,35,38,72,82,20,23,34,34,30,0,30,0,10,0,
1559,雷巡チ級flagship,らいじゅんちきゅうふらぐしっぷ,重雷装巡洋艦,1,70,50,53,120,140,30,33,60,60,55,0,55,0,30,0,
1509,重巡リ級,じゅうじゅんりきゅう,重巡洋艦,1,58,32,40,32,34,16,19,28,28,12,0,12,0,1,0,
1522,重巡リ級elite,じゅうじゅんりきゅうえりーと,重巡洋艦,1,60,58,69,42,42,30,37,60,60,20,0,20,0,10,0,
1527,重巡リ級flagship,じゅうじゅんりきゅうふらぐしっぷ,重巡洋艦,1,76,68,79,48,58,40,46,70,70,50,0,50,0,20,0,
1566,重巡リ級改flagship,じゅうじゅんりきゅうかいふらぐしっぷ,重巡洋艦,1,88,88,104,80,90,58,64,80,80,57,0,57,0,40,0,
1999,重巡リ級IIflagship,じゅうじゅんりきゅうつーふらぐしっぷ,重巡洋艦,1,80,78,102,67,82,48,52,72,72,,6,,32,,0,
1510,軽母ヌ級,けいぼぬきゅう,軽空母,1,65,0,65,0,4,15,17,25,25,3,0,3,0,1,0,
1523,軽母ヌ級elite,けいぼぬきゅうえりーと,軽空母,1,70,0,65,0,4,15,20,35,35,10,0,10,0,10,0,
1762,軽母ヌ級elite,けいぼぬきゅうえりーと,軽空母,1,70,15,118,0,13,15,29,35,35,10,0,10,6,10,0,
1777,軽母ヌ級elite,けいぼぬきゅうえりーと,軽空母,1,70,15,143,0,15,15,37,35,35,,3,,12,,0,
1776,軽母ヌ級elite,けいぼぬきゅうえりーと,軽空母,1,70,15,140,0,0,15,41,35,41,,6,,17,,0,
1560,軽母ヌ級flagship,けいぼぬきゅうふらぐしっぷ,軽空母,1,84,18,113,0,6,36,41,70,70,40,0,40,0,30,0,
1763,軽母ヌ級flagship,けいぼぬきゅうふらぐしっぷ,軽空母,1,84,18,122,0,13,36,68,70,70,40,2,42,22,30,0,
1764,軽母ヌ級flagship,けいぼぬきゅうふらぐしっぷ,軽空母,1,84,18,134,0,16,36,71,70,70,40,4,44,25,30,0,
1734,軽母ヌ級改elite,けいぼぬきゅうかいえりーと,軽空母,1,88,35,182,0,0,48,69,73,79,,6,,16,,0,
1765,軽母ヌ級改elite,けいぼぬきゅうかいえりーと,軽空母,1,88,35,179,0,13,48,70,73,76,,3,,14,,0,
1778,軽母ヌ級改elite,けいぼぬきゅうかいえりーと,軽空母,1,88,35,202,0,30,48,76,73,73,,3,,17,,0,
1735,軽母ヌ級改flagship,けいぼぬきゅうかいふらぐしっぷ,軽空母,1,118,45,218,0,0,68,91,93,99,,8,,18,,0,
1766,軽母ヌ級改flagship,けいぼぬきゅうかいふらぐしっぷ,軽空母,1,118,45,217,0,16,68,94,93,96,,6,,18,,0,
1780,軽母ヌ級改flagship,けいぼぬきゅうかいふらぐしっぷ,軽空母,1,118,48,236,0,16,68,99,93,96,,7,,21,,0,
1779,軽母ヌ級改flagship,けいぼぬきゅうかいふらぐしっぷ,軽空母,1,118,48,203,0,32,68,90,93,93,,2,,12,,0,
1511,戦艦ル級,せんかんるきゅう,戦艦,1,90,65,92,0,0,70,79,70,70,3,0,3,0,5,0,
1524,戦艦ル級elite,せんかんるきゅうえりーと,戦艦,1,90,85,132,0,0,70,83,85,85,16,0,16,10,10,0,
1529,戦艦ル級flagship,せんかんるきゅうふらぐしっぷ,戦艦,1,98,90,130,0,0,80,91,99,99,40,0,40,10,20,0,
1567,戦艦ル級改flagship,せんかんるきゅうかいふらぐしっぷ,戦艦,1,130,110,150,0,0,88,100,110,110,43,0,43,15,50,0,
1512,空母ヲ級,くうぼおきゅう,正規空母,1,85,0,65,0,4,30,32,40,40,3,0,3,0,1,0,
1525,空母ヲ級elite,くうぼおきゅうえりーと,正規空母,1,88,0,74,0,6,40,45,55,55,12,0,12,0,10,0,
1528,空母ヲ級flagship,くうぼおきゅうふらぐしっぷ,正規空母,1,96,25,112,0,6,50,55,80,80,45,0,45,0,20,0,
1579,空母ヲ級flagship,くうぼおきゅうふらぐしっぷ,正規空母,1,96,25,152,0,26,50,68,80,80,45,0,45,8,30,0,
1615,空母ヲ級flagship,くうぼおきゅうふらぐしっぷ,正規空母,1,96,25,169,0,32,50,72,80,80,45,2,47,12,30,0,
1614,空母ヲ級flagship,くうぼおきゅうふらぐしっぷ,正規空母,1,96,25,157,0,29,50,71,80,80,45,2,47,10,30,0,
1565,空母ヲ級改flagship,くうぼおきゅうかいふらぐしっぷ,正規空母,1,160,40,158,0,22,90,107,120,120,50,0,50,0,30,0,
1618,空母ヲ級改flagship,くうぼおきゅうかいふらぐしっぷ,正規空母,1,160,40,191,0,32,90,112,120,120,50,2,52,12,30,0,
1617,空母ヲ級改flagship,くうぼおきゅうかいふらぐしっぷ,正規空母,1,160,40,179,0,29,90,111,120,120,50,2,52,10,30,0,
1616,空母ヲ級改flagship,くうぼおきゅうかいふらぐしっぷ,正規空母,1,160,40,175,0,26,90,108,120,120,50,0,50,8,30,0,
1715,空母ヲ級改flagship,くうぼおきゅうかいふらぐしっぷ,正規空母,1,160,40,208,0,0,90,117,120,120,50,0,50,7,30,0,
1714,空母ヲ級改flagship,くうぼおきゅうかいふらぐしっぷ,正規空母,1,160,40,178,0,0,90,111,120,120,50,0,50,4,30,0,
1513,輸送ワ級,ゆそうわきゅう,補給艦,1,70,0,0,0,0,0,0,10,10,1,0,1,0,1,0,
1526,輸送ワ級elite,ゆそうわきゅうえりーと,補給艦,1,80,15,18,0,0,0,2,35,35,6,0,6,0,10,0,
1558,輸送ワ級flagship,ゆそうわきゅうふらぐしっぷ,補給艦,1,130,55,62,0,0,40,47,65,65,10,0,10,0,20,0,
2013,輸送ワ級IIelite,ゆそうわきゅうつーえりーと,補給艦,1,480,33,43,0,0,33,66,55,55,,22,,60,,0,
2014,輸送ワ級IIflagship,ゆそうわきゅうつーふらぐしっぷ,補給艦,1,480,66,83,0,0,55,117,77,77,,13,,36,,0,
1530,潜水カ級,せんすいかきゅう,潜水艦,50,19,0,0,42,46,0,0,7,7,1,0,1,0,1,0,
1532,潜水カ級elite,せんすいかきゅうえりーと,潜水艦,50,27,0,0,64,78,0,0,21,21,5,0,5,0,10,0,
1534,潜水カ級flagship,せんすいかきゅうふらぐしっぷ,潜水艦,50,37,0,0,86,108,0,0,30,30,10,0,10,0,20,0,
1531,潜水ヨ級,せんすいよきゅう,潜水艦,50,24,0,0,52,62,0,0,9,9,1,0,1,0,5,0,
1533,潜水ヨ級elite,せんすいよきゅうえりーと,潜水艦,50,34,0,0,74,94,0,0,27,27,5,0,5,0,10,0,
1535,潜水ヨ級flagship,せんすいよきゅうふらぐしっぷ,潜水艦,50,44,0,0,96,121,0,0,36,36,10,0,10,0,20,0,
1541,戦艦タ級,せんかんたきゅう,高速戦艦,1,84,60,97,0,0,60,72,80,80,20,0,20,0,10,0,
1542,戦艦タ級elite,せんかんたきゅうえりーと,高速戦艦,1,88,75,117,0,0,65,77,88,88,40,0,40,10,20,0,
1543,戦艦タ級flagship,せんかんたきゅうふらぐしっぷ,高速戦艦,1,90,85,125,0,0,70,81,96,96,55,0,55,15,30,0,
1561,戦艦レ級,せんかんれきゅう,航空戦艦,1,180,90,117,100,110,80,96,110,110,45,0,45,0,60,0,
1562,戦艦レ級elite,せんかんれきゅうえりーと,航空戦艦,1,270,130,157,120,138,100,116,130,130,50,0,50,5,70,0,
1570,潜水ソ級,せんすいそきゅう,潜水艦,,33,24,25,70,80,0,1,15,15,5,0,5,0,15,0,
1571,潜水ソ級elite,せんすいそきゅうえりーと,潜水艦,,45,30,31,100,120,0,1,30,30,10,0,10,0,30,0,
1572,潜水ソ級flagship,せんすいそきゅうふらぐしっぷ,潜水艦,,48,30,30,135,165,0,0,42,42,15,0,15,0,45,0,
1591,軽巡ツ級,けいじゅんつきゅう,軽巡洋艦,1,48,58,62,84,84,88,107,55,55,69,0,69,6,55,0,
1592,軽巡ツ級elite,けいじゅんつきゅうえりーと,軽巡洋艦,1,66,64,68,92,92,96,115,68,68,74,0,74,6,66,0,
1862,軽巡ツ級flagship,けいじゅんつきゅうふらぐしっぷ,軽巡洋艦,1,130,122,126,98,98,108,127,108,108,,0,,6,,0,
1594,重巡ネ級,じゅうじゅんねきゅう,重巡洋艦,1,80,73,89,66,76,72,77,82,82,60,0,60,0,60,0,
1595,重巡ネ級elite,じゅうじゅんねきゅうえりーと,重巡洋艦,1,88,79,95,74,84,79,84,89,89,68,0,68,0,70,0,
1761,重巡ネ級flagship,じゅうじゅんねきゅうふらぐしっぷ,航空巡洋艦,1,220,108,127,74,74,78,96,112,115,,6,,13,,0,
1897,重巡ネ級改,じゅうじゅんねきゅうかい,重巡洋艦,1,390,148,168,138,153,98,104,255,255,,3,,31,,0,
1896,重巡ネ級改,じゅうじゅんねきゅうかい,重巡洋艦,1,360,128,148,128,143,88,94,222,222,,3,,31,,0,
1895,重巡ネ級改,じゅうじゅんねきゅうかい,重巡洋艦,1,330,118,138,108,123,78,84,144,144,,3,,31,,0,
1739,駆逐ナ級,くちくなきゅう,駆逐艦,1,60,66,68,91,91,63,69,51,51,,3,,5,,0,
1740,駆逐ナ級elite,くちくなきゅうえりーと,駆逐艦,1,63,69,71,95,95,69,75,55,55,,3,,5,,0,
1741,駆逐ナ級flagship,くちくなきゅうふらぐしっぷ,駆逐艦,1,66,79,81,99,99,79,85,59,59,,3,,5,,0,
1742,駆逐ナ級後期型,くちくなきゅうこうきがた,駆逐艦,1,63,69,71,103,116,76,76,59,59,,0,,3,,0,
1743,駆逐ナ級後期型elite,くちくなきゅうこうきがたえりーと,駆逐艦,1,66,79,81,113,126,86,86,63,63,,0,,3,,0,
1744,駆逐ナ級後期型flagship,くちくなきゅうこうきがたふらぐしっぷ,駆逐艦,1,69,89,91,123,136,96,96,69,69,,0,,3,,0,
1951,駆逐ナ級後期型IIelite,くちくなきゅうこうきがたつーえりーと,駆逐艦,1,66,79,89,113,131,86,119,69,69,,19,,61,,0,
1952,駆逐ナ級後期型IIflagship,くちくなきゅうこうきがたつーふらぐしっぷ,駆逐艦,1,69,89,99,123,141,96,129,79,79,,19,,61,,0,
2050,駆逐ナ級IIe(量産型),くちくなきゅうつーりょうさんがた,駆逐艦,1,63,69,79,104,122,63,77,61,61,,16,,45,,0,2022/02/22
2051,駆逐ナ級IIe(量産型)elite,くちくなきゅうつーりょうさんがたえりーと,駆逐艦,1,66,79,89,114,132,69,83,67,67,,16,,45,,0,2022/02/22
2052,駆逐ナ級IIe(量産型)flagship,くちくなきゅうつーりょうさんがたふらぐしっぷ,駆逐艦,1,69,89,99,124,142,79,93,77,77,,16,,45,,0,2022/03/20
1536,浮遊要塞,ふゆうようさい,航空戦艦,1,88,50,58,40,40,20,27,40,40,5,0,5,0,1,0,
1537,浮遊要塞,ふゆうようさい,航空戦艦,1,88,50,58,40,46,20,27,40,40,5,0,5,0,1,0,
1538,浮遊要塞,ふゆうようさい,航空戦艦,1,88,50,58,40,46,20,27,40,40,5,0,5,0,1,0,
1539,泊地棲鬼,はくちせいき,航空戦艦,1,180,90,105,60,60,70,75,80,80,10,0,10,5,30,1,
1540,泊地棲姫,はくちせいき,航空戦艦,1,300,96,111,90,90,80,85,90,90,20,0,20,5,40,1,
1544,装甲空母鬼,そうこうくうぼき,航空戦艦,1,150,70,85,80,80,60,69,80,80,10,0,10,0,10,1,
1545,装甲空母姫,そうこうくうぼき,航空戦艦,1,270,90,105,90,96,70,79,90,90,20,0,20,0,20,1,
1549,護衛要塞,ごえいようさい,航空戦艦,1,66,55,63,45,45,20,27,50,50,5,0,5,0,1,0,
1550,護衛要塞,ごえいようさい,航空戦艦,1,66,55,63,45,51,20,27,50,50,5,0,5,0,1,0,
1551,護衛要塞,ごえいようさい,航空戦艦,1,66,55,63,45,51,20,27,50,50,5,0,5,0,1,0,
1546,南方棲鬼,なんぽうせいき,航空戦艦,1,210,90,118,80,80,70,87,118,118,20,3,23,24,30,1,
1547,南方棲戦鬼,なんぽうせいせんき,航空戦艦,1,240,120,140,90,90,80,90,10,10,25,0,25,0,40,1,
1548,南方棲戦姫,なんぽうせいせんき,航空戦艦,1,380,160,200,100,100,80,100,188,188,30,3,33,24,50,1,
1556,飛行場姫,ひこうじょうき,陸上施設,1,500,70,179,0,6,120,130,140,140,1,0,1,0,10,1,
1633,飛行場姫,ひこうじょうき,陸上施設,1,500,95,274,0,32,140,162,190,190,30,2,32,12,60,1,
1632,飛行場姫,ひこうじょうき,陸上施設,1,500,90,262,0,29,130,151,175,175,20,2,22,11,50,1,
1631,飛行場姫,ひこうじょうき,陸上施設,1,500,85,247,0,29,120,141,160,160,10,2,12,10,40,1,
1652,飛行場姫(空襲),ひこうじょうき,陸上施設,1,500,70,265,0,0,120,136,140,140,,0,,6,,1,
1651,飛行場姫(空襲),ひこうじょうき,陸上施設,1,500,60,239,0,0,120,134,140,140,,0,,5,,1,
1650,飛行場姫(空襲),ひこうじょうき,陸上施設,1,500,50,215,0,0,120,132,140,140,,,,,,1,
1891,飛行場姫(偵察),ひこうじょうき,陸上施設,1,500,,,,,,,,,,0,,28,,1,
1890,飛行場姫(偵察),ひこうじょうき,陸上施設,1,500,,,,,,,,,,0,,16,,1,
1889,飛行場姫(偵察),ひこうじょうき,陸上施設,1,500,,,,,,,,,,0,,9,,1,
1894,飛行場姫(重爆),ひこうじょうき,陸上施設,1,500,,,,,,,,,,0,,28,,1,
1893,飛行場姫(重爆),ひこうじょうき,陸上施設,1,500,,,,,,,,,,0,,16,,1,
1892,飛行場姫(重爆),ひこうじょうき,陸上施設,1,500,,,,,,,,,,0,,9,,1,
1557,戦艦棲姫,せんかんせいき,戦艦,1,400,180,227,0,0,80,93,160,160,30,0,30,15,40,1,
1573,港湾棲姫,こうわんせいき,陸上施設,1,380,100,233,0,12,150,159,135,135,1,0,1,0,20,1,
1613,港湾棲姫,こうわんせいき,陸上施設,1,490,180,406,0,13,170,174,177,183,37,0,37,15,65,1,
1574,離島棲鬼,りとうせいき,陸上施設,1,450,150,323,0,22,100,117,150,150,10,0,10,0,50,1,
1636,離島棲鬼,りとうせいき,陸上施設,1,450,180,401,0,32,120,142,185,185,35,2,37,12,70,1,
1635,離島棲鬼,りとうせいき,陸上施設,1,450,165,376,0,16,110,127,170,170,25,2,27,12,60,1,
1634,離島棲鬼,りとうせいき,陸上施設,1,450,150,349,0,13,100,116,155,155,15,2,17,11,50,1,
1581,北方棲姫,ほっぽうせいき,陸上施設,1,360,90,223,0,6,130,141,135,135,10,0,10,3,40,1,
1582,北方棲姫,ほっぽうせいき,陸上施設,1,500,170,353,0,13,160,176,145,145,20,0,20,6,50,1,
1589,北方棲姫,ほっぽうせいき,陸上施設,1,300,60,178,0,6,100,111,110,110,5,0,5,3,35,1,
1587,北方棲姫,ほっぽうせいき,陸上施設,1,300,80,208,0,6,120,131,125,125,15,0,15,3,40,1,
1590,北方棲姫,ほっぽうせいき,陸上施設,1,390,140,308,0,13,120,136,125,125,15,0,15,6,40,1,
1588,北方棲姫,ほっぽうせいき,陸上施設,1,390,140,308,0,13,140,156,140,140,25,0,25,6,50,1,
1583,中間棲姫,ちゅうかんせいき,陸上施設,1,550,100,257,0,13,140,156,135,135,15,0,15,6,50,1,
1584,中間棲姫,ちゅうかんせいき,陸上施設,1,600,180,358,0,0,180,210,180,180,30,2,32,20,60,1,
1585,空母棲鬼,くうぼせいき,正規空母,1,250,120,275,0,13,100,132,138,138,46,2,48,22,50,1,
1619,空母棲鬼,くうぼせいき,正規空母,1,250,120,287,0,16,100,135,138,138,46,4,50,25,50,1,
1586,空母棲姫,くうぼせいき,正規空母,1,350,180,365,0,13,130,162,150,150,53,2,55,22,70,1,
1620,空母棲姫,くうぼせいき,正規空母,1,350,180,377,0,16,130,165,150,150,53,4,57,25,70,1,
1782,空母棲姫,くうぼせいき,正規空母,1,350,190,436,0,31,160,182,220,220,,3,,15,,1,
1781,空母棲姫,くうぼせいき,正規空母,1,350,180,409,0,31,130,152,180,180,,3,,15,,1,
1598,駆逐棲姫,くちくせいき,駆逐艦,1,190,69,73,90,100,60,60,115,115,70,0,70,0,80,1,
1597,駆逐棲姫,くちくせいき,駆逐艦,1,150,59,63,90,100,60,60,100,100,55,0,55,0,70,1,
1600,空母水鬼,くうぼすいき,正規空母,1,390,190,380,0,13,140,172,190,190,69,2,71,22,70,1,
1599,空母水鬼,くうぼすいき,正規空母,1,370,140,305,0,13,110,142,170,170,60,2,62,22,70,1,
1602,軽巡棲鬼,けいじゅんせいき,軽巡洋艦,1,270,69,75,98,98,60,67,170,170,77,0,77,15,90,1,
1601,軽巡棲鬼,けいじゅんせいき,軽巡洋艦,1,210,59,65,88,88,60,67,135,135,52,0,52,15,70,1,
1604,戦艦水鬼,せんかんすいき,戦艦,1,500,198,252,0,0,96,105,200,200,48,0,48,21,90,1,
1603,戦艦水鬼,せんかんすいき,戦艦,1,415,188,242,0,0,88,97,168,168,40,0,40,21,60,1,
1608,港湾水鬼,こうわんすいき,陸上施設,1,500,160,397,0,0,160,178,160,160,20,0,20,10,75,1,
1607,港湾水鬼,こうわんすいき,陸上施設,1,500,140,367,0,0,140,158,140,140,15,0,15,10,70,1,
1606,港湾水鬼,こうわんすいき,陸上施設,1,450,130,352,0,0,120,138,140,140,10,0,10,10,65,1,
1605,港湾水鬼,こうわんすいき,陸上施設,1,450,120,337,0,0,100,118,120,120,10,0,10,10,60,1,
1612,泊地水鬼,はくちすいき,陸上施設,1,430,150,404,0,0,110,118,240,240,25,0,25,14,85,1,
1611,泊地水鬼,はくちすいき,陸上施設,1,430,140,389,0,0,100,108,220,220,20,0,20,14,80,1,
1610,泊地水鬼,はくちすいき,陸上施設,1,330,130,338,0,0,90,98,220,220,15,0,15,14,75,1,
1609,泊地水鬼,はくちすいき,陸上施設,1,330,120,323,0,0,80,88,200,200,15,0,15,14,70,1,
1627,水母棲姫,すいぼせいき,水上機母艦,1,350,115,119,98,116,90,117,195,195,75,0,75,14,90,1,
1626,水母棲姫,すいぼせいき,水上機母艦,1,350,95,99,98,116,80,107,175,175,65,0,65,14,80,1,
1625,水母棲姫,すいぼせいき,水上機母艦,1,350,75,79,88,106,70,92,150,150,60,0,60,12,70,1,
1630,防空棲姫,ぼうくうせいき,駆逐艦,1,255,190,200,95,95,390,425,273,273,98,3,101,34,90,1,
1629,防空棲姫,ぼうくうせいき,駆逐艦,1,255,160,170,90,90,360,395,223,223,88,3,91,34,85,1,
1628,防空棲姫,ぼうくうせいき,駆逐艦,1,255,130,140,85,85,300,335,193,193,80,3,83,34,80,1,
1640,PT小鬼群,ぴーてぃーこおにぐん,駆逐艦,1,18,18,18,118,138,24,24,39,39,,0,,0,,0,
1639,PT小鬼群,ぴーてぃーこおにぐん,駆逐艦,1,15,15,15,98,118,18,18,29,29,,0,,0,,0,
1638,PT小鬼群,ぴーてぃーこおにぐん,駆逐艦,1,9,9,9,98,118,18,18,29,29,,0,,0,,0,
1637,PT小鬼群,ぴーてぃーこおにぐん,駆逐艦,1,9,9,9,88,98,12,12,19,19,,0,,0,,0,
1643,軽巡棲姫,けいじゅんせいき,軽巡洋艦,1,330,79,83,99,109,55,55,185,185,75,0,75,0,95,1,
1642,軽巡棲姫,けいじゅんせいき,軽巡洋艦,1,290,74,78,96,106,55,55,175,175,65,0,65,0,85,1,
1641,軽巡棲姫,けいじゅんせいき,軽巡洋艦,1,230,64,68,93,103,50,50,145,145,50,0,50,0,75,1,
1646,潜水棲姫,せんすいせいき,潜水艦,1,160,90,90,170,216,0,0,89,89,68,0,68,10,70,1,
1645,潜水棲姫,せんすいせいき,潜水艦,1,130,70,70,155,193,0,0,73,73,48,0,48,5,60,1,
1644,潜水棲姫,せんすいせいき,潜水艦,1,110,50,50,140,170,0,0,53,53,38,0,38,0,50,1,
1649,駆逐水鬼,くちくすいき,駆逐艦,1,255,140,144,130,148,90,95,180,180,,3,,29,,1,
1648,駆逐水鬼,くちくすいき,駆逐艦,1,255,120,124,120,130,80,85,170,170,,3,,24,,1,
1647,駆逐水鬼,くちくすいき,駆逐艦,1,255,100,104,110,120,70,75,150,150,,3,,24,,1,
1678,駆逐水鬼,くちくすいき,駆逐艦,1,240,140,144,130,148,90,95,170,170,,3,,29,,1,
1677,駆逐水鬼,くちくすいき,駆逐艦,1,220,120,124,120,130,80,85,160,160,,3,,24,,1,
1676,駆逐水鬼,くちくすいき,駆逐艦,1,200,100,104,110,120,70,75,155,155,,3,,24,,1,
1655,集積地棲姫,しゅうせきちせいき,陸上施設,1,600,130,532,118,118,80,96,160,160,20,0,20,6,70,1,
1654,集積地棲姫,しゅうせきちせいき,陸上施設,1,600,90,431,98,98,70,84,130,130,15,0,15,5,65,1,
1653,集積地棲姫,しゅうせきちせいき,陸上施設,1,600,70,377,88,88,60,72,100,100,10,0,10,4,60,1,
1658,集積地棲姫-壊,しゅうせきちせいきかい,陸上施設,1,480,190,631,118,118,90,108,190,190,25,0,25,7,75,1,
1657,集積地棲姫-壊,しゅうせきちせいきかい,陸上施設,1,430,160,547,98,98,80,96,160,160,20,0,20,6,70,1,
1656,集積地棲姫-壊,しゅうせきちせいきかい,陸上施設,1,380,130,491,88,88,70,84,130,130,15,0,15,5,65,1,
1664,重巡棲姫,じゅうじゅんせいき,重巡洋艦,1,390,190,206,90,108,93,97,218,218,,0,,8,,1,
1661,重巡棲姫,じゅうじゅんせいき,重巡洋艦,1,390,160,176,82,92,86,90,195,195,,0,,3,,1,
1663,重巡棲姫,じゅうじゅんせいき,重巡洋艦,1,370,160,176,82,100,86,90,188,188,,0,,8,,1,
1660,重巡棲姫,じゅうじゅんせいき,重巡洋艦,1,370,130,146,74,84,79,83,175,175,,0,,3,,1,
1662,重巡棲姫,じゅうじゅんせいき,重巡洋艦,1,350,130,146,74,92,79,83,158,158,,0,,8,,1,
1659,重巡棲姫,じゅうじゅんせいき,重巡洋艦,1,350,100,116,66,76,72,76,145,145,,0,,3,,1,
1864,重巡棲姫,じゅうじゅんせいき,重巡洋艦,1,540,220,236,130,148,98,102,277,277,,0,,8,,1,
1863,重巡棲姫,じゅうじゅんせいき,重巡洋艦,1,540,180,196,110,120,90,94,227,227,,0,,3,,1,
1672,離島棲姫,りとうせいき,陸上施設,1,480,180,186,0,0,120,136,190,194,,0,,22,,1,
1671,離島棲姫,りとうせいき,陸上施設,1,480,180,364,0,0,120,134,190,194,,0,,10,,1,
1669,離島棲姫,りとうせいき,陸上施設,1,480,150,362,0,0,120,142,190,190,,0,,7,,1,
1668,離島棲姫,りとうせいき,陸上施設,1,480,150,368,0,0,120,138,190,190,,0,,6,,1,
1667,砲台小鬼,ほうだいこおに,陸上施設,1,130,100,108,0,0,85,112,100,102,,0,,24,,0,
1666,砲台小鬼,ほうだいこおに,陸上施設,1,130,100,103,0,0,75,99,105,107,,0,,19,,0,
1665,砲台小鬼,ほうだいこおに,陸上施設,1,130,100,106,0,0,65,77,110,114,,0,,22,,0,
1675,駆逐古鬼,くちくこき,駆逐艦,1,190,96,98,120,138,81,86,167,167,,3,,29,,1,
1674,駆逐古鬼,くちくこき,駆逐艦,1,180,88,90,110,128,64,69,158,158,,3,,29,,1,
1673,駆逐古鬼,くちくこき,駆逐艦,1,170,80,82,100,118,58,63,149,149,,3,,29,,1,
1681,リコリス棲姫,りこりすせいき,陸上施設,1,680,190,418,0,0,140,169,140,140,,2,,8,,1,
1680,リコリス棲姫,りこりすせいき,陸上施設,1,640,170,377,0,0,130,157,120,120,,2,,7,,1,
1679,リコリス棲姫,りこりすせいき,陸上施設,1,600,150,338,0,0,120,145,100,100,,2,,6,,1,
1683,リコリス棲姫(空襲),りこりすせいき,陸上施設,1,600,150,358,0,0,120,149,100,100,,2,,8,,1,
1682,リコリス棲姫(空襲),りこりすせいき,陸上施設,1,600,150,347,0,0,120,147,100,100,,2,,7,,1,
1686,中枢棲姫,ちゅうすうせいき,陸上施設,1,900,200,251,100,100,180,191,240,242,,0,,32,,1,
1685,中枢棲姫,ちゅうすうせいき,陸上施設,1,800,160,211,90,90,120,131,210,212,,0,,32,,1,
1684,中枢棲姫,ちゅうすうせいき,陸上施設,1,600,110,161,80,80,100,111,180,182,,0,,32,,1,
1689,中枢棲姫-壊,ちゅうすうせいきかい,陸上施設,1,900,230,281,160,160,180,191,270,272,,0,,32,,1,
1688,中枢棲姫-壊,ちゅうすうせいきかい,陸上施設,1,800,180,231,140,140,140,151,240,242,,0,,32,,1,
1687,中枢棲姫-壊,ちゅうすうせいきかい,陸上施設,1,600,150,201,120,120,100,111,210,212,,0,,32,,1,
1692,駆逐古姫,くちくこき,駆逐艦,1,195,130,134,140,158,90,96,167,167,,3,,10,,1,
1691,駆逐古姫,くちくこき,駆逐艦,1,190,110,114,130,148,80,86,158,158,,3,,10,,1,
1690,駆逐古姫,くちくこき,駆逐艦,1,185,90,94,120,138,70,76,149,149,,3,,10,,1,
1695,潜水夏姫flagship,せんすいなつきふらぐしっぷ,潜水艦,1,180,90,90,170,209,0,0,58,58,,0,,9,,1,
1694,潜水夏姫flagship,せんすいなつきふらぐしっぷ,潜水艦,1,140,70,70,155,191,0,0,48,48,,0,,6,,1,
1693,潜水夏姫flagship,せんすいなつきふらぐしっぷ,潜水艦,1,110,50,50,140,163,0,0,38,38,,0,,3,,1,
1698,戦艦夏姫,せんかんなつき,戦艦,1,530,195,242,0,0,88,101,168,168,,0,,15,,1,
1697,戦艦夏姫,せんかんなつき,戦艦,1,450,185,232,0,0,84,97,158,158,,0,,0,,1,
1696,戦艦夏姫,せんかんなつき,戦艦,1,400,180,220,0,0,80,90,148,148,,0,,0,,1,
1701,港湾夏姫,こうわんなつき,陸上施設,1,750,200,455,0,0,188,198,167,173,,0,,12,,1,
1700,港湾夏姫,こうわんなつき,陸上施設,1,650,188,428,0,0,180,188,157,163,,0,,11,,1,
1699,港湾夏姫,こうわんなつき,陸上施設,1,500,170,391,0,0,170,176,147,153,,0,,10,,1,
1704,港湾夏姫-壊,こうわんなつきかい,陸上施設,1,750,200,455,0,0,188,198,214,220,,0,,12,,1,
1703,港湾夏姫-壊,こうわんなつきかい,陸上施設,1,650,188,428,0,0,180,188,184,190,,0,,11,,1,
1702,港湾夏姫-壊,こうわんなつきかい,陸上施設,1,500,170,391,0,0,170,176,164,170,,0,,10,,1,
1707,重巡夏姫,じゅうじゅんなつき,重巡洋艦,1,550,170,186,90,100,86,90,189,189,,0,,3,,1,
1706,重巡夏姫,じゅうじゅんなつき,重巡洋艦,1,450,140,156,82,92,79,83,169,169,,0,,3,,1,
1705,重巡夏姫,じゅうじゅんなつき,重巡洋艦,1,400,110,126,74,84,72,76,139,139,,0,,3,,1,
1710,水母水姫,すいぼすいき,水上機母艦,1,390,175,184,110,128,120,142,215,223,,0,,21,,1,
1709,水母水姫,すいぼすいき,水上機母艦,1,380,135,144,100,118,110,132,195,203,,0,,21,,1,
1708,水母水姫,すいぼすいき,水上機母艦,1,370,95,104,90,108,100,122,175,183,,0,,21,,1,
1713,深海海月姫,しんかいくらげひめ,正規空母,1,800,240,492,0,16,140,181,190,206,,16,,23,,1,
1712,深海海月姫,しんかいくらげひめ,正規空母,1,700,220,462,0,16,130,171,170,186,,16,,23,,1,
1711,深海海月姫,しんかいくらげひめ,正規空母,1,600,180,378,0,16,120,149,140,140,,4,,11,,1,
1718,深海双子棲姫,しんかいふたごせいき,航空戦艦,1,800,220,266,190,203,160,176,218,221,,6,,15,,1,
1717,深海双子棲姫,しんかいふたごせいき,航空戦艦,1,800,210,256,160,173,140,156,188,191,,6,,15,,1,
1716,深海双子棲姫,しんかいふたごせいき,航空戦艦,1,800,200,246,130,143,120,136,168,171,,6,,15,,1,
1721,深海双子棲姫-壊,しんかいふたごせいきかい,航空戦艦,1,660,240,286,180,193,150,166,239,242,,6,,15,,1,
1720,深海双子棲姫-壊,しんかいふたごせいきかい,航空戦艦,1,660,230,276,150,163,130,146,209,212,,6,,15,,1,
1719,深海双子棲姫-壊,しんかいふたごせいきかい,航空戦艦,1,660,220,266,120,133,110,126,189,192,,6,,15,,1,
1724,護衛棲姫,ごえいせいき,軽空母,1,480,150,364,0,0,90,118,193,199,,8,,18,,1,
1723,護衛棲姫,ごえいせいき,軽空母,1,440,120,319,0,0,80,108,173,179,,8,,18,,1,
1722,護衛棲姫,ごえいせいき,軽空母,1,400,90,274,0,0,70,98,163,169,,8,,18,,1,
1727,北端上陸姫,ほくたんじょうりくき,陸上施設,1,690,190,391,0,0,108,121,186,193,,4,,31,,1,
1726,北端上陸姫,ほくたんじょうりくき,陸上施設,1,670,170,361,0,0,98,111,166,173,,4,,31,,1,
1725,北端上陸姫,ほくたんじょうりくき,陸上施設,1,650,150,331,0,0,88,101,136,143,,4,,31,,1,
1730,北方水姫,ほっぽうすいき,航空戦艦,1,770,188,223,95,105,96,110,217,224,,7,,26,,1,
1729,北方水姫,ほっぽうすいき,航空戦艦,1,770,178,213,85,95,88,102,177,184,,7,,26,,1,
1728,北方水姫,ほっぽうすいき,航空戦艦,1,770,168,203,75,85,88,102,157,164,,7,,26,,1,
1733,北方水姫-壊,ほっぽうすいきかい,航空戦艦,1,770,188,225,130,140,82,97,239,246,,8,,27,,1,
1732,北方水姫-壊,ほっぽうすいきかい,航空戦艦,1,770,178,215,118,128,64,79,209,216,,8,,27,,1,
1731,北方水姫-壊,ほっぽうすいきかい,航空戦艦,1,770,168,205,105,115,64,79,189,196,,8,,27,,1,
1738,潜水新棲姫flagship,せんすいしんせいきふらぐしっぷ,潜水艦,1,377,47,47,177,216,0,0,47,47,,0,,9,,1,
1737,潜水新棲姫flagship,せんすいしんせいきふらぐしっぷ,潜水艦,1,277,37,37,147,186,0,0,42,42,,0,,9,,1,
1736,潜水新棲姫flagship,せんすいしんせいきふらぐしっぷ,潜水艦,1,177,27,27,117,156,0,0,37,37,,0,,9,,1,
1789,潜水新棲姫flagship,せんすいしんせいきふらぐしっぷ,潜水艦,1,177,27,27,117,156,0,0,17,17,,0,,9,,1,
1751,空母夏鬼,くうぼなつき,正規空母,1,340,140,306,0,13,120,152,137,137,,2,,22,,1,
1754,集積地夏姫,しゅうせきちなつき,陸上施設,1,690,135,328,128,128,84,94,159,163,,0,,10,,1,
1753,集積地夏姫,しゅうせきちなつき,陸上施設,1,690,115,298,108,108,73,83,129,133,,0,,10,,1,
1747,戦艦仏棲姫,せんかんふつせいき,航空戦艦,1,730,242,293,0,0,94,116,256,263,,8,,29,,1,
1746,戦艦仏棲姫,せんかんふつせいき,航空戦艦,1,730,242,293,0,0,84,106,239,246,,8,,29,,1,
1745,戦艦仏棲姫,せんかんふつせいき,航空戦艦,1,730,202,253,0,0,80,102,196,203,,8,,29,,1,
1750,戦艦仏棲姫-壊,せんかんふつせいきかい,航空戦艦,1,730,282,333,0,0,94,116,270,277,,8,,29,,1,
1749,戦艦仏棲姫-壊,せんかんふつせいきかい,航空戦艦,1,730,262,313,0,0,84,106,239,246,,8,,29,,1,
1748,戦艦仏棲姫-壊,せんかんふつせいきかい,航空戦艦,1,730,222,273,0,0,80,102,210,217,,8,,29,,1,
1752,空母夏姫,くうぼなつき,正規空母,,440,190,380,0,13,140,172,149,149,,2,,22,,1,
1963,空母夏姫,くうぼなつき,正規空母,,640,200,436,0,16,168,185,189,189,,2,,13,,1,
1962,空母夏姫,くうぼなつき,正規空母,,540,190,422,0,16,148,165,169,169,,2,,13,,1,
1961,空母夏姫,くうぼなつき,正規空母,,440,180,407,0,16,128,145,149,149,,2,,13,,1,
1757,欧州棲姫,おうしゅうせいき,航空戦艦,1,880,330,371,0,0,150,180,269,274,,10,,33,,1,
1756,欧州棲姫,おうしゅうせいき,航空戦艦,1,880,310,351,0,0,140,170,236,241,,10,,33,,1,
1755,欧州棲姫,おうしゅうせいき,航空戦艦,1,880,300,341,0,0,130,160,205,210,,10,,33,,1,
1760,欧州棲姫-壊,おうしゅうせいきかい,航空戦艦,1,880,390,431,155,168,180,204,289,294,,7,,31,,1,
1759,欧州棲姫-壊,おうしゅうせいきかい,航空戦艦,1,880,360,401,125,138,160,184,256,261,,7,,31,,1,
1758,欧州棲姫-壊,おうしゅうせいきかい,航空戦艦,1,880,330,371,105,118,140,164,225,230,,7,,31,,1,
1769,海峡夜棲姫,かいきょうやせいき,航空戦艦,1,800,144,183,90,109,69,86,242,251,,10,,44,,1,
1768,海峡夜棲姫,かいきょうやせいき,航空戦艦,1,800,120,159,80,99,69,86,202,211,,10,,44,,1,
1767,海峡夜棲姫,かいきょうやせいき,航空戦艦,1,800,102,141,70,89,69,86,182,191,,10,,44,,1,
1772,海峡夜棲姫-壊,かいきょうやせいきかい,航空戦艦,1,800,202,241,120,139,39,56,262,271,,10,,44,,1,
1771,海峡夜棲姫-壊,かいきょうやせいきかい,航空戦艦,1,800,182,221,105,124,39,56,222,231,,10,,44,,1,
1770,海峡夜棲姫-壊,かいきょうやせいきかい,航空戦艦,1,800,162,201,90,109,39,56,202,211,,10,,44,,1,
1775,防空埋護姫,ぼうくうまいごひめ,航空戦艦,1,655,220,230,140,159,240,270,250,250,,0,,19,,1,
1774,防空埋護姫,ぼうくうまいごひめ,航空戦艦,1,655,170,180,130,149,220,250,210,210,,0,,19,,1,
1773,防空埋護姫,ぼうくうまいごひめ,航空戦艦,1,655,140,150,120,139,200,230,190,190,,0,,19,,1,
1785,護衛棲水姫,ごえいせいすいき,軽空母,1,650,144,590,150,184,118,140,228,228,,3,,21,,1,
1784,護衛棲水姫,ごえいせいすいき,軽空母,1,650,124,530,130,164,108,130,198,198,,3,,21,,1,
1783,護衛棲水姫,ごえいせいすいき,軽空母,1,650,104,470,110,144,98,120,168,168,,3,,21,,1,
1788,護衛棲水姫-壊,ごえいせいすいきかい,軽空母,1,650,188,671,160,194,128,150,278,278,,3,,21,,1,
1787,護衛棲水姫-壊,ごえいせいすいきかい,軽空母,1,650,148,581,140,174,118,140,228,228,,3,,21,,1,
1786,護衛棲水姫-壊,ごえいせいすいきかい,軽空母,1,650,128,521,120,154,108,130,208,208,,3,,21,,1,
1792,戦艦棲姫改,せんかんせいきかい,戦艦,1,700,240,306,0,0,108,121,248,260,,12,,42,,1,
1791,戦艦棲姫改,せんかんせいきかい,戦艦,1,700,220,286,0,0,98,111,208,220,,12,,42,,1,
1790,戦艦棲姫改,せんかんせいきかい,戦艦,1,700,200,266,0,0,88,101,188,200,,12,,42,,1,
1795,戦艦水鬼改,せんかんすいきかい,戦艦,1,800,278,359,0,0,108,121,270,285,,0,,60,,1,
1794,戦艦水鬼改,せんかんすいきかい,戦艦,1,800,248,329,0,0,108,121,230,245,,0,,60,,1,
1793,戦艦水鬼改,せんかんすいきかい,戦艦,1,800,228,309,0,0,98,111,200,215,,0,,60,,1,
1798,戦艦水鬼改-壊,せんかんすいきかいかい,戦艦,1,800,308,389,0,0,108,121,290,305,,0,,60,,1,
1797,戦艦水鬼改-壊,せんかんすいきかいかい,戦艦,1,800,278,359,0,0,108,121,250,265,,0,,60,,1,
1796,戦艦水鬼改-壊,せんかんすいきかいかい,戦艦,1,800,258,339,0,0,98,111,220,235,,0,,60,,1,
1801,深海鶴棲姫,しんかいかくせいき,正規空母,1,800,138,533,108,123,88,119,280,283,,,,,,1,
1800,深海鶴棲姫,しんかいかくせいき,正規空母,1,800,138,533,108,123,88,119,240,243,,,,,,1,
1799,深海鶴棲姫,しんかいかくせいき,正規空母,1,800,138,533,108,123,88,119,220,223,,7,,21,,1,
1804,深海鶴棲姫-壊,しんかいかくせいきかい,正規空母,1,800,207,667,128,143,108,139,298,301,,7,,21,,1,
1803,深海鶴棲姫-壊,しんかいかくせいきかい,正規空母,1,800,207,667,128,143,108,139,268,271,,7,,21,,1,
1802,深海鶴棲姫-壊,しんかいかくせいきかい,正規空母,1,800,207,667,128,143,108,139,248,251,,7,,21,,1,
1808,潜水新棲姫 バカンスmodeflagship,せんすいしんせいきばかんすもーどふらぐしっぷ,潜水艦,1,388,48,48,188,245,0,0,54,54,,0,,27,,1,
1807,潜水新棲姫 バカンスmodeflagship,せんすいしんせいきばかんすもーどふらぐしっぷ,潜水艦,1,288,48,48,168,225,0,0,42,42,,0,,27,,1,
1806,潜水新棲姫 バカンスmodeflagship,せんすいしんせいきばかんすもーどふらぐしっぷ,潜水艦,1,188,38,38,148,187,0,0,30,30,,0,,9,,1,
1805,潜水新棲姫 バカンスmodeflagship,せんすいしんせいきばかんすもーどふらぐしっぷ,潜水艦,1,188,28,28,128,167,0,0,18,18,,0,,9,,1,
1811,集積地棲姫 バカンスmode,しゅうせきちせいきばかんすもーど,陸上施設,1,720,178,605,144,163,98,103,198,202,,0,,17,,1,
1810,集積地棲姫 バカンスmode,しゅうせきちせいきばかんすもーど,陸上施設,1,720,148,527,122,141,90,95,168,172,,0,,17,,1,
1809,集積地棲姫 バカンスmode,しゅうせきちせいきばかんすもーど,陸上施設,1,720,118,452,102,121,80,85,138,142,,0,,17,,1,
1814,集積地棲姫 バカンスmode-壊,しゅうせきちせいきばかんすもーどかい,陸上施設,1,720,198,225,188,207,108,142,228,231,,3,,32,,1,
1813,集積地棲姫 バカンスmode-壊,しゅうせきちせいきばかんすもーどかい,陸上施設,1,720,168,195,144,165,98,132,188,191,,3,,32,,1,
1812,集積地棲姫 バカンスmode-壊,しゅうせきちせいきばかんすもーどかい,陸上施設,1,720,138,165,122,141,90,124,158,161,,3,,32,,1,
1817,泊地水鬼 バカンスmode,はくちすいきばかんすもーど,航空戦艦,1,490,160,245,0,15,98,116,270,270,,0,,14,,1,
1816,泊地水鬼 バカンスmode,はくちすいきばかんすもーど,航空戦艦,1,490,150,235,0,15,90,108,230,230,,0,,14,,1,
1815,泊地水鬼 バカンスmode,はくちすいきばかんすもーど,航空戦艦,1,490,140,225,0,15,90,108,200,200,,0,,14,,1,
1820,泊地水鬼 バカンスmode,はくちすいきばかんすもーど,戦艦,1,490,230,311,130,149,108,120,290,290,,0,,18,,1,
1819,泊地水鬼 バカンスmode,はくちすいきばかんすもーど,戦艦,1,490,200,281,120,139,98,110,250,250,,0,,18,,1,
1818,泊地水鬼 バカンスmode,はくちすいきばかんすもーど,戦艦,1,490,170,251,110,129,88,100,220,220,,0,,18,,1,
1823,護衛独還姫,ごえいどくかんき,軽空母,1,570,150,395,0,0,120,165,284,287,,5,,27,,1,
1822,護衛独還姫,ごえいどくかんき,軽空母,1,570,130,360,0,0,110,155,244,247,,5,,27,,1,
1821,護衛独還姫,ごえいどくかんき,軽空母,1,570,110,335,0,0,100,145,214,217,,5,,27,,1,
1826,護衛独還姫-壊,ごえいどくかんきかい,軽空母,1,570,190,455,0,0,140,185,293,296,,5,,27,,1,
1825,護衛独還姫-壊,ごえいどくかんきかい,軽空母,1,570,160,415,0,0,130,175,263,266,,5,,27,,1,
1824,護衛独還姫-壊,ごえいどくかんきかい,軽空母,1,570,130,365,0,0,120,165,233,236,,5,,27,,1,
1829,船渠棲姫,せんきょせいき,駆逐艦,1,700,182,182,0,57,112,112,260,260,,0,,27,,1,
1828,船渠棲姫,せんきょせいき,駆逐艦,1,700,162,162,0,57,92,92,230,230,,0,,27,,1,
1827,船渠棲姫,せんきょせいき,駆逐艦,1,700,132,132,0,57,72,72,200,200,,0,,27,,1,
1832,船渠棲姫-壊,せんきょせいきかい,駆逐艦,1,700,202,202,0,57,122,122,300,300,,0,,27,,1,
1831,船渠棲姫-壊,せんきょせいきかい,駆逐艦,1,700,182,182,0,57,102,102,270,270,,0,,27,,1,
1830,船渠棲姫-壊,せんきょせいきかい,駆逐艦,1,700,152,152,0,57,82,82,240,240,,0,,27,,1,
1836,戦艦仏棲姫 バカンスmode,せんかんふつせいきばかんすもーど,航空戦艦,1,770,272,323,0,0,94,116,224,231,,8,,29,,1,
1835,戦艦仏棲姫 バカンスmode,せんかんふつせいきばかんすもーど,航空戦艦,1,770,252,303,0,0,84,106,184,191,,8,,29,,1,
1834,戦艦仏棲姫 バカンスmode,せんかんふつせいきばかんすもーど,航空戦艦,1,770,212,263,0,0,80,102,144,151,,8,,29,,1,
1839,戦艦仏棲姫 バカンスmode-壊,せんかんふつせいきばかんすもーどかい,航空戦艦,1,770,292,343,0,0,94,116,254,261,,8,,29,,1,
1838,戦艦仏棲姫 バカンスmode-壊,せんかんふつせいきばかんすもーどかい,航空戦艦,1,770,272,323,0,0,84,106,214,221,,8,,29,,1,
1837,戦艦仏棲姫 バカンスmode-壊,せんかんふつせいきばかんすもーどかい,航空戦艦,1,770,232,288,0,0,80,102,174,181,,8,,29,,1,
1842,欧州水姫,おうしゅうすいき,航空戦艦,1,900,330,395,0,0,150,176,285,300,,14,,66,,1,
1841,欧州水姫,おうしゅうすいき,航空戦艦,1,900,310,375,0,0,140,166,255,270,,14,,66,,1,
1840,欧州水姫,おうしゅうすいき,航空戦艦,1,900,300,365,0,0,130,156,225,240,,14,,66,,1,
1845,欧州水姫-壊,おうしゅうすいきかい,航空戦艦,1,900,390,455,160,179,180,200,330,345,,11,,70,,1,
1844,欧州水姫-壊,おうしゅうすいきかい,航空戦艦,1,900,360,425,130,149,160,180,280,295,,11,,70,,1,
1843,欧州水姫-壊,おうしゅうすいきかい,航空戦艦,1,900,330,395,110,129,140,160,250,265,,11,,70,,1,
1848,深海雨雲姫,しんかいあまぐもひめ,駆逐艦,1,370,177,189,0,19,99,110,190,190,,21,,69,,1,
1847,深海雨雲姫,しんかいあまぐもひめ,駆逐艦,1,370,144,156,0,19,88,99,160,160,,21,,69,,1,
1846,深海雨雲姫,しんかいあまぐもひめ,駆逐艦,1,370,111,123,0,19,77,88,130,130,,21,,69,,1,
1851,深海雨雲姫-壊,しんかいあまぐもひめかい,駆逐艦,1,490,188,200,0,19,99,110,230,230,,21,,69,,1,
1850,深海雨雲姫-壊,しんかいあまぐもひめかい,駆逐艦,1,490,166,178,0,19,88,99,200,200,,21,,69,,1,
1849,深海雨雲姫-壊,しんかいあまぐもひめかい,駆逐艦,1,490,133,145,0,19,77,88,170,170,,21,,69,,1,
1854,深海日棲姫,しんかいにっせいき,水上機母艦,1,888,288,312,166,184,128,147,244,256,,18,,55,,1,
1853,深海日棲姫,しんかいにっせいき,水上機母艦,1,888,233,257,122,140,108,127,222,234,,18,,55,,1,
1852,深海日棲姫,しんかいにっせいき,水上機母艦,1,888,199,223,102,120,88,107,200,212,,18,,55,,1,
1857,深海日棲姫-壊,しんかいにっせいきかい,水上機母艦,1,888,288,304,166,220,128,139,288,292,,12,,35,,1,
1856,深海日棲姫-壊,しんかいにっせいきかい,水上機母艦,1,888,233,249,122,176,108,119,255,259,,12,,35,,1,
1855,深海日棲姫-壊,しんかいにっせいきかい,水上機母艦,1,888,199,215,102,161,88,99,233,237,,12,,35,,1,
1867,北方棲妹,ほっぽうせいまい,陸上施設,1,790,190,640,150,169,96,105,250,256,,7,,33,,1,
1866,北方棲妹,ほっぽうせいまい,陸上施設,1,790,180,580,120,139,88,97,230,236,,7,,33,,1,
1865,北方棲妹,ほっぽうせいまい,陸上施設,1,790,170,550,110,129,88,97,200,206,,7,,33,,1,
1870,北方棲妹-壊,ほっぽうせいまいかい,陸上施設,1,790,190,692,180,198,104,120,290,294,,19,,50,,1,
1869,北方棲妹-壊,ほっぽうせいまいかい,陸上施設,1,790,180,632,150,168,94,110,260,264,,19,,50,,1,
1868,北方棲妹-壊,ほっぽうせいまいかい,陸上施設,1,790,170,587,130,148,94,110,240,244,,19,,50,,1,
1873,太平洋深海棲姫,たいへいようしんかいせいき,戦艦,1,960,350,419,120,135,142,154,252,261,,3,,76,,1,
1872,太平洋深海棲姫,たいへいようしんかいせいき,戦艦,1,930,330,399,110,125,122,134,232,241,,3,,76,,1,
1871,太平洋深海棲姫,たいへいようしんかいせいき,戦艦,1,900,320,389,90,105,102,114,212,221,,3,,76,,1,
1876,太平洋深海棲姫-壊,たいへいようしんかいせいきかい,戦艦,1,960,380,449,150,165,152,164,292,301,,3,,76,,1,
1875,太平洋深海棲姫-壊,たいへいようしんかいせいきかい,戦艦,1,930,360,429,130,145,132,144,262,271,,3,,76,,1,
1874,太平洋深海棲姫-壊,たいへいようしんかいせいきかい,戦艦,1,900,340,409,110,125,112,124,242,251,,3,,76,,1,
1879,深海地中海棲姫,しんかいちちゅうかいせいき,軽巡洋艦,1,790,200,228,125,140,95,126,248,248,,6,,52,,1,
1878,深海地中海棲姫,しんかいちちゅうかいせいき,軽巡洋艦,1,740,180,208,105,120,80,111,188,188,,6,,52,,1,
1877,深海地中海棲姫,しんかいちちゅうかいせいき,軽巡洋艦,1,700,150,178,95,110,70,101,88,88,,6,,52,,1,
1882,深海地中海棲姫-壊,しんかいちちゅうかいせいきかい,軽巡洋艦,1,790,230,258,195,210,125,156,288,288,,6,,52,,1,
1881,深海地中海棲姫-壊,しんかいちちゅうかいせいきかい,軽巡洋艦,1,740,200,228,175,190,100,131,228,228,,6,,52,,1,
1880,深海地中海棲姫-壊,しんかいちちゅうかいせいきかい,軽巡洋艦,1,700,170,198,155,170,85,116,148,148,,6,,52,,1,
1885,アンツィオ沖棲姫,あんつぃおおきせいき,駆逐艦,1,888,188,200,228,243,88,106,299,299,,18,,63,,1,
1884,アンツィオ沖棲姫,あんつぃおおきせいき,駆逐艦,1,840,178,190,178,193,77,95,269,269,,18,,63,,1,
1883,アンツィオ沖棲姫,あんつぃおおきせいき,駆逐艦,1,800,158,170,158,173,66,84,229,229,,18,,63,,1,
1888,アンツィオ沖棲姫-壊,あんつぃおおきせいきかい,駆逐艦,1,888,199,211,299,314,99,117,339,339,,18,,63,,1,
1887,アンツィオ沖棲姫-壊,あんつぃおおきせいきかい,駆逐艦,1,840,189,201,249,264,88,106,299,299,,18,,63,,1,
1886,アンツィオ沖棲姫-壊,あんつぃおおきせいきかい,駆逐艦,1,800,179,191,209,224,77,95,249,249,,18,,63,,1,
1900,バタビア沖棲姫,ばたびあおきせいき,高速戦艦,1,790,230,254,150,165,100,106,266,266,,3,,33,,1,
1899,バタビア沖棲姫,ばたびあおきせいき,高速戦艦,1,790,190,214,130,145,90,96,233,233,,3,,33,,1,
1898,バタビア沖棲姫,ばたびあおきせいき,高速戦艦,1,690,160,184,110,125,80,86,166,166,,3,,33,,1,
1903,バタビア沖棲姫-壊,ばたびあおきせいきかい,高速戦艦,1,790,270,294,190,205,130,136,333,333,,3,,33,,1,
1902,バタビア沖棲姫-壊,ばたびあおきせいきかい,高速戦艦,1,790,220,244,160,175,110,116,244,244,,3,,33,,1,
1901,バタビア沖棲姫-壊,ばたびあおきせいきかい,高速戦艦,1,690,200,224,130,145,90,96,222,222,,3,,33,,1,
1917,潜水棲姫改flagship,せんすいせいきかいふらぐしっぷ,潜水艦,,490,95,95,195,252,0,0,69,69,,0,,27,,1,
1916,潜水棲姫改flagship,せんすいせいきかいふらぐしっぷ,潜水艦,,390,75,75,175,232,0,0,39,39,,0,,27,,1,
1915,潜水棲姫改flagship,せんすいせいきかいふらぐしっぷ,潜水艦,,290,55,55,155,212,0,0,19,19,,0,,27,,1,
1920,潜水棲姫改-壊flagship,せんすいせいきかいかいふらぐしっぷ,潜水艦,,490,98,98,239,296,0,0,74,74,,0,,27,,1,
1919,潜水棲姫改-壊flagship,せんすいせいきかいかいふらぐしっぷ,潜水艦,,390,78,78,209,266,0,0,44,44,,0,,27,,1,
1918,潜水棲姫改-壊flagship,せんすいせいきかいかいふらぐしっぷ,潜水艦,,290,68,68,169,226,0,0,24,24,,0,,27,,1,
1908,空母棲姫改,くうぼせいきかい,正規空母,,600,228,491,0,30,200,228,270,270,,3,,17,,1,
1907,空母棲姫改,くうぼせいきかい,正規空母,,550,208,457,0,31,180,207,240,240,,3,,15,,1,
1906,空母棲姫改,くうぼせいきかい,正規空母,,500,198,436,0,31,160,182,220,220,,3,,15,,1,
1997,空母棲姫改,くうぼせいきかい,正規空母,,500,168,391,0,31,130,152,150,150,,3,,15,,1,
1911,防空巡棲姫,ぼうくうじゅんせいき,軽巡洋艦,1,777,220,234,155,170,270,325,295,295,,12,,40,,1,
1910,防空巡棲姫,ぼうくうじゅんせいき,軽巡洋艦,1,755,180,194,135,150,250,305,255,255,,12,,40,,1,
1909,防空巡棲姫,ぼうくうじゅんせいき,軽巡洋艦,1,733,150,164,125,140,230,285,195,195,,12,,40,,1,
1914,防空巡棲姫-壊,ぼうくうじゅんせいきかい,軽巡洋艦,1,777,220,234,195,210,280,335,355,355,,12,,40,,1,
1913,防空巡棲姫-壊,ぼうくうじゅんせいきかい,軽巡洋艦,1,755,180,194,165,180,260,315,315,315,,12,,40,,1,
1912,防空巡棲姫-壊,ぼうくうじゅんせいきかい,軽巡洋艦,1,733,150,164,45,160,240,295,255,255,,12,,40,,1,
1923,集積地棲姫II,しゅうせきちせいきつー,陸上施設,,990,130,532,118,118,80,96,180,180,,0,,6,,1,
1922,集積地棲姫II,しゅうせきちせいきつー,陸上施設,,660,90,431,98,98,70,84,130,130,,0,,5,,1,
1921,集積地棲姫II,しゅうせきちせいきつー,陸上施設,,600,70,377,88,88,60,72,50,50,,0,,4,,1,
1994,集積地棲姫II,しゅうせきちせいきつー,陸上施設,,480,60,362,78,78,50,62,30,30,,0,,4,,1,
1926,集積地棲姫II-壊,しゅうせきちせいきつーかい,陸上施設,,990,190,631,118,118,90,108,240,240,,0,,7,,1,
1925,集積地棲姫II-壊,しゅうせきちせいきつーかい,陸上施設,,660,160,547,98,98,80,96,170,170,,0,,6,,1,
1924,集積地棲姫II-壊,しゅうせきちせいきつーかい,陸上施設,,600,130,491,88,88,70,84,80,80,,0,,5,,1,
1995,集積地棲姫II-壊,しゅうせきちせいきつーかい,陸上施設,,480,110,461,78,78,60,74,44,44,,0,,5,,1,
1929,深海千島棲姫,しんかいちしませいき,駆逐艦,1,590,170,182,139,157,69,78,200,200,,15,,65,,1,
1928,深海千島棲姫,しんかいちしませいき,駆逐艦,1,480,140,152,119,137,59,68,160,160,,15,,65,,1,
1927,深海千島棲姫,しんかいちしませいき,駆逐艦,1,330,110,122,109,127,49,58,130,130,,15,,65,,1,
1932,深海千島棲姫-壊,しんかいちしませいきかい,駆逐艦,1,590,180,192,149,167,79,88,230,230,,15,,65,,1,
1931,深海千島棲姫-壊,しんかいちしませいきかい,駆逐艦,1,480,170,182,129,147,69,78,190,190,,15,,65,,1,
1930,深海千島棲姫-壊,しんかいちしませいきかい,駆逐艦,1,330,130,142,119,137,59,68,170,170,,15,,65,,1,
1935,集積地棲姫II 夏季上陸mode,しゅうせきちせいきつーかきじょうりくもーど,陸上施設,1,2400,200,613,128,146,80,85,170,174,,0,,13,,1,
1934,集積地棲姫II 夏季上陸mode,しゅうせきちせいきつーかきじょうりくもーど,陸上施設,1,1200,180,553,108,126,70,75,120,124,,0,,13,,1,
1933,集積地棲姫II 夏季上陸mode,しゅうせきちせいきつーかきじょうりくもーど,陸上施設,1,600,100,418,98,116,60,65,30,34,,0,,13,,1,
1938,集積地棲姫II 夏季上陸mode-壊,しゅうせきちせいきつーかきじょうりくもーどかい,陸上施設,1,2400,240,246,128,146,90,95,230,234,,0,,13,,1,
1937,集積地棲姫II 夏季上陸mode-壊,しゅうせきちせいきつーかきじょうりくもーどかい,陸上施設,1,1200,200,206,108,126,80,85,160,164,,0,,13,,1,
1936,集積地棲姫II 夏季上陸mode-壊,しゅうせきちせいきつーかきじょうりくもーどかい,陸上施設,1,600,160,166,98,116,70,75,60,64,,0,,13,,1,
1941,五島沖海底姫flagship,ごとうおきかいていき,潜水艦,,670,47,47,240,294,0,0,47,47,,12,,47,,1,
1940,五島沖海底姫flagship,ごとうおきかいていき,潜水艦,,470,47,47,200,254,0,0,33,33,,12,,47,,1,
1939,五島沖海底姫flagship,ごとうおきかいていき,潜水艦,,470,47,47,160,214,0,0,13,13,,12,,47,,1,
1944,五島沖海底姫-壊flagship,ごとうおきかいていきかい,潜水艦,,670,47,47,290,344,0,0,74,74,,12,,47,,1,
1943,五島沖海底姫-壊flagship,ごとうおきかいていきかい,潜水艦,,470,47,47,240,294,0,0,47,47,,12,,47,,1,
1942,五島沖海底姫-壊flagship,ごとうおきかいていきかい,潜水艦,,470,47,47,200,254,0,0,23,23,,12,,47,,1,
1947,駆逐林棲姫,くちくりんせいき,駆逐艦,1,700,230,233,160,175,140,170,290,290,,11,,64,,1,
1946,駆逐林棲姫,くちくりんせいき,駆逐艦,1,600,200,203,140,155,120,150,240,240,,11,,64,,1,
1945,駆逐林棲姫,くちくりんせいき,駆逐艦,1,500,170,173,120,135,100,130,190,190,,11,,64,,1,
1950,駆逐林棲姫-壊,くちくりんせいきかい,駆逐艦,1,700,270,273,200,215,170,200,350,350,,11,,64,,1,
1949,駆逐林棲姫-壊,くちくりんせいきかい,駆逐艦,1,600,220,223,180,195,150,180,300,300,,11,,64,,1,
1948,駆逐林棲姫-壊,くちくりんせいきかい,駆逐艦,1,500,200,203,160,175,130,160,250,250,,11,,64,,1,
1955,重巡ネ級改 夏mode,じゅうじゅんねきゅうかいなつもーど,重巡洋艦,1,390,138,158,138,153,88,111,211,211,,6,,42,,1,
1954,重巡ネ級改 夏mode,じゅうじゅんねきゅうかいなつもーど,重巡洋艦,1,360,128,148,118,133,78,101,133,133,,6,,42,,1,
1953,重巡ネ級改 夏mode,じゅうじゅんねきゅうかいなつもーど,重巡洋艦,1,330,118,138,108,123,68,91,111,111,,6,,42,,1,
1956,重巡ネ級改II 夏mode,じゅうじゅんねきゅうかいつーなつもーど,重巡洋艦,1,470,158,178,148,166,98,121,244,244,,3,,37,,1,
1960,軽巡棲姫II,けいじゅんせいきつー,軽巡洋艦,1,380,99,103,199,217,65,65,239,239,,0,,5,,1,
1959,軽巡棲姫II,けいじゅんせいきつー,軽巡洋艦,1,340,89,93,169,187,65,65,199,199,,0,,5,,1,
1958,軽巡棲姫II,けいじゅんせいきつー,軽巡洋艦,1,290,79,83,139,157,55,55,149,149,,0,,5,,1,
1957,軽巡棲姫II,けいじゅんせいきつー,軽巡洋艦,1,290,69,73,119,137,55,55,109,109,,0,,5,,1,
1967,南方戦艦新棲姫,なんぽうせんかんしんせいき,高速戦艦,1,950,330,387,0,0,155,198,300,306,,14,,73,,1,
1966,南方戦艦新棲姫,なんぽうせんかんしんせいき,高速戦艦,1,950,310,367,0,0,125,168,260,266,,14,,73,,1,
1965,南方戦艦新棲姫,なんぽうせんかんしんせいき,高速戦艦,1,950,300,357,0,0,115,158,200,206,,14,,73,,1,
1970,南方戦艦新棲姫-壊,なんぽうせんかんしんせいきかい,高速戦艦,1,950,360,417,0,0,185,228,370,376,,14,,73,,1,
1969,南方戦艦新棲姫-壊,なんぽうせんかんしんせいきかい,高速戦艦,1,950,340,397,0,0,145,188,310,316,,14,,73,,1,
1968,南方戦艦新棲姫-壊,なんぽうせんかんしんせいきかい,高速戦艦,1,950,320,377,0,0,135,178,255,261,,14,,73,,1,
1978,潜水夏姫IIflagship,せんすいなつきつーふらぐしっぷ,潜水艦,1,198,66,66,199,248,0,0,39,39,,6,,29,,1,
1977,潜水夏姫IIflagship,せんすいなつきつーふらぐしっぷ,潜水艦,1,198,44,44,139,188,0,0,19,19,,6,,29,,1,
1964,空母夏姫II,くうぼなつきつー,正規空母,,880,248,491,0,15,188,205,239,239,,3,,15,,1,
1973,南太平洋空母棲姫,みなみたいへいようくうぼせいき,正規空母,,888,288,583,0,15,198,220,318,318,,3,,16,,1,
1972,南太平洋空母棲姫,みなみたいへいようくうぼせいき,正規空母,,888,248,523,0,15,158,180,288,288,,3,,16,,1,
1971,南太平洋空母棲姫,みなみたいへいようくうぼせいき,正規空母,,888,208,463,0,15,138,160,218,218,,3,,16,,1,
1976,南太平洋空母棲姫-壊,みなみたいへいようくうぼせいきかい,正規空母,,888,308,613,0,15,208,230,388,388,,3,,16,,1,
1975,南太平洋空母棲姫-壊,みなみたいへいようくうぼせいきかい,正規空母,,888,278,568,0,15,178,200,328,328,,3,,16,,1,
1974,南太平洋空母棲姫-壊,みなみたいへいようくうぼせいきかい,正規空母,,888,238,508,0,15,158,180,268,268,,3,,16,,1,
1981,戦艦新棲姫,せんかんしんせいき,高速戦艦,1,980,330,387,0,0,155,198,280,286,,14,,73,,1,
1980,戦艦新棲姫,せんかんしんせいき,高速戦艦,1,980,310,367,0,0,125,168,240,246,,14,,73,,1,
1979,戦艦新棲姫,せんかんしんせいき,高速戦艦,1,980,300,357,0,0,115,158,180,186,,14,,73,,1,
1984,戦艦新棲姫-壊,せんかんしんせいきかい,高速戦艦,1,980,360,417,0,0,185,228,350,356,,14,,73,,1,
1983,戦艦新棲姫-壊,せんかんしんせいきかい,高速戦艦,1,980,340,397,0,0,145,188,290,296,,14,,73,,1,
1982,戦艦新棲姫-壊,せんかんしんせいきかい,高速戦艦,1,980,320,377,0,0,135,178,230,236,,14,,73,,1,
1987,潜水棲姫改IIflagship,せんすいせいきかいつーふらぐしっぷ,潜水艦,,390,99,99,199,248,0,0,79,79,,6,,29,,1,
1986,潜水棲姫改IIflagship,せんすいせいきかいつーふらぐしっぷ,潜水艦,,190,79,79,179,228,0,0,39,39,,6,,29,,1,
1985,潜水棲姫改IIflagship,せんすいせいきかいつーふらぐしっぷ,潜水艦,,109,59,59,159,208,0,0,19,19,,6,,29,,1,
1996,潜水棲姫改IIflagship,せんすいせいきかいつーふらぐしっぷ,潜水艦,,79,39,39,139,188,0,0,19,19,,6,,29,,1,
1990,深海竹棲姫,しんかいたけせいき,駆逐艦,1,880,237,240,260,278,130,160,305,305,,8,,59,,1,
1989,深海竹棲姫,しんかいたけせいき,駆逐艦,1,880,207,210,230,248,110,140,255,255,,8,,59,,1,
1988,深海竹棲姫,しんかいたけせいき,駆逐艦,1,880,177,180,200,218,90,120,195,195,,8,,59,,1,
1993,深海竹棲姫-壊,しんかいたけせいきかい,駆逐艦,1,880,277,280,290,308,160,190,365,365,,8,,59,,1,
1992,深海竹棲姫-壊,しんかいたけせいきかい,駆逐艦,1,880,237,240,250,268,140,170,305,305,,8,,59,,1,
1991,深海竹棲姫-壊,しんかいたけせいきかい,駆逐艦,1,880,207,210,220,238,120,150,245,245,,8,,59,,1,
2002,ルンガ沖重巡棲姫,るんがおきじゅうじゅんせいき,高速戦艦,1,870,267,291,167,182,87,91,267,267,,6,,32,,1,
2001,ルンガ沖重巡棲姫,るんがおきじゅうじゅんせいき,高速戦艦,1,770,207,231,137,152,77,81,227,227,,6,,32,,1,
2000,ルンガ沖重巡棲姫,るんがおきじゅうじゅんせいき,高速戦艦,1,670,167,191,117,132,67,71,167,167,,6,,32,,1,
2005,ルンガ沖重巡棲姫,るんがおきじゅうじゅんせいき,高速戦艦,1,870,287,311,197,212,87,91,367,367,,6,,32,,1,
2004,ルンガ沖重巡棲姫,るんがおきじゅうじゅんせいき,高速戦艦,1,770,247,271,167,182,77,81,267,267,,6,,32,,1,
2003,ルンガ沖重巡棲姫,るんがおきじゅうじゅんせいき,高速戦艦,1,670,217,241,137,152,67,71,222,222,,6,,32,,1,
2008,軽巡新棲姫,けいじゅんしんせいき,軽巡洋艦,1,960,246,275,186,186,86,124,256,256,,7,,40,,1,
2007,軽巡新棲姫,けいじゅんしんせいき,軽巡洋艦,1,960,186,215,166,166,66,104,196,196,,7,,40,,1,
2006,軽巡新棲姫,けいじゅんしんせいき,軽巡洋艦,1,960,146,172,136,136,56,87,136,136,,6,,38,,1,
2011,軽巡新棲姫-壊,けいじゅんしんせいきかい,軽巡洋艦,1,960,256,285,206,206,99,137,376,376,,7,,40,,1,
2010,軽巡新棲姫-壊,けいじゅんしんせいきかい,軽巡洋艦,1,960,196,225,186,186,88,126,276,276,,7,,40,,1,
2009,軽巡新棲姫-壊,けいじゅんしんせいきかい,軽巡洋艦,1,960,156,182,156,156,66,97,226,226,,6,,38,,1,
