numberString,shipId,rarity,name,kana,className,classNumber,shipType,shipTypeI,HP,firepowerMin,firepowerMax,armorMin,armorMax,torpedoMin,torpedoMax,evasion0,evasion99,antiairMin,antiairMax,aircraft,ASW0,ASW99,speed,LoS0,LoS99,range,luckMin,luckMax,fuel,ammo,slot,space1,space2,space3,space4,space5,upgrade,lastModified
N001a,80,6,長門,ながと,長門型,1,戦艦,,80,82,99,75,89,0,0,24,49,31,89,12,0,0,低速,12,39,長,20,79,100,130,4,3,3,3,3,0,長門改(30),2019/10/23
N001b,275,6,長門改,ながとかい,長門型,1,戦艦,,90,,99,,98,0,0,24,69,,99,12,0,0,低速,15,49,長,32,99,100,160,4,3,3,3,3,0,長門改二(88),
N002a,81,6,陸奥,むつ,長門型,2,戦艦,,80,82,99,75,89,0,0,24,49,31,89,12,0,0,低速,12,39,長,3,39,100,130,4,3,3,3,3,0,陸奥改(30),
N002b,276,6,陸奥改,むつかい,長門型,2,戦艦,,90,,99,,98,0,0,24,69,,99,12,0,0,低速,15,49,長,6,59,100,160,4,3,3,3,3,0,陸奥改二(89),
N003,77,4,伊勢,いせ,伊勢型,1,戦艦,,74,74,89,70,89,0,0,22,49,28,79,12,0,0,低速,10,36,長,15,69,85,120,4,3,3,3,3,0,伊勢改(10),
N004,87,4,日向,ひゅうが,伊勢型,2,戦艦,,74,74,94,70,89,0,0,22,49,28,79,12,0,0,低速,10,36,長,15,69,85,120,4,3,3,3,3,0,日向改(10),
N005a,20,5,雪風,ゆきかぜ,陽炎型,8,駆逐艦,,16,10,29,7,29,24,79,50,89,12,49,0,24,49,高速,6,19,短,50,99,15,20,2,0,0,0,0,0,雪風改(20),
N005b,228,5,雪風改,ゆきかぜかい,陽炎型,8,駆逐艦,,32,,59,,59,,89,67,99,,60,0,27,59,高速,8,40,短,60,99,15,20,3,0,0,0,0,0,雪風改二(88),2022/12/27
N006a,83,5,赤城,あかぎ,赤城型,1,正規空母,,69,0,39,28,54,0,0,28,49,32,69,73,0,0,高速,44,69,短,12,49,60,55,4,18,18,27,10,0,赤城改(30),
N006b,277,6,赤城改,あかぎかい,赤城型,1,正規空母,,77,7,55,50,79,0,0,28,69,41,79,82,0,0,高速,50,89,短,12,60,75,75,4,20,20,32,10,0,赤城改二(90),
N007a,84,4,加賀,かが,加賀型,1,正規空母,,71,0,39,29,59,0,0,27,49,28,69,93,0,0,高速,40,69,短,10,49,60,55,4,18,18,45,12,0,加賀改(30),
N007b,278,5,加賀改,かがかい,加賀型,1,正規空母,,79,,50,,79,0,0,27,69,,79,98,0,0,高速,50,89,短,12,60,80,80,4,20,20,46,12,0,加賀改二(82),2020/08/29
N008a,90,4,蒼龍,そうりゅう,蒼龍型,1,正規空母,,50,0,29,27,49,0,0,33,59,26,69,64,0,0,高速,42,69,短,10,49,50,50,4,12,27,18,7,0,蒼龍改(30),
N008b,279,5,蒼龍改,そうりゅうかい,蒼龍型,1,正規空母,,65,,39,,69,0,0,33,69,,79,73,0,0,高速,46,89,短,12,59,65,65,4,18,27,18,10,0,蒼龍改二(78),
N009a,91,5,飛龍,ひりゅう,飛龍型,1,正規空母,,50,0,29,27,49,0,0,37,69,26,69,64,0,0,高速,42,69,短,35,89,50,50,4,12,27,18,7,0,飛龍改(30),
N009b,280,6,飛龍改,ひりゅうかい,飛龍型,1,正規空母,,65,,39,,69,0,0,37,79,,79,73,0,0,高速,46,89,短,40,89,65,65,4,18,27,18,10,0,飛龍改二(77),
N010a,50,5,島風,しまかぜ,島風型,1,駆逐艦,,19,12,29,8,29,45,89,50,99,14,49,0,24,49,高速,7,19,短,10,49,20,25,2,0,0,0,0,0,島風改(20),
N010b,229,5,島風改,しまかぜかい,島風型,1,駆逐艦,,36,,59,,59,,99,55,99,,59,0,27,59,高速,9,39,短,12,59,20,25,3,0,0,0,0,0,,
N011a,9,2,吹雪,ふぶき,吹雪型,1,駆逐艦,,15,10,29,5,19,27,79,40,89,10,39,0,20,49,高速,5,19,短,17,49,15,20,2,0,0,0,0,0,吹雪改(20),
N011b,201,3,吹雪改,ふぶきかい,吹雪型,1,駆逐艦,,30,,49,,49,,79,45,89,,49,0,24,59,高速,7,39,短,12,49,15,20,3,0,0,0,0,0,吹雪改二(70),
N012a,10,1,白雪,しらゆき,吹雪型,2,駆逐艦,,15,10,29,5,19,27,69,40,79,10,39,0,20,49,高速,5,19,短,10,49,15,20,2,0,0,0,0,0,白雪改(20),
N012b,202,3,白雪改,しらゆきかい,吹雪型,2,駆逐艦,,30,,49,,49,,79,45,89,,49,0,24,59,高速,7,39,短,12,49,15,20,3,0,0,0,0,0,,
N013a,32,1,初雪,はつゆき,吹雪型,3,駆逐艦,,15,10,29,5,19,27,69,40,79,10,39,0,20,49,高速,5,19,短,10,49,15,20,2,0,0,0,0,0,初雪改(20),
N013b,203,3,初雪改,はつゆきかい,吹雪型,3,駆逐艦,,30,,49,,49,,79,45,89,,49,0,24,59,高速,7,39,短,12,49,15,20,3,0,0,0,0,0,,
N014a,11,1,深雪,みゆき,吹雪型,4,駆逐艦,,15,10,29,5,19,27,69,40,79,10,39,0,20,49,高速,5,19,短,10,49,15,20,2,0,0,0,0,0,深雪改(20),
N014b,204,3,深雪改,みゆきかい,吹雪型,4,駆逐艦,,30,,51,,49,,79,45,89,,49,0,24,59,高速,7,42,短,12,49,15,20,3,0,0,0,0,0,深雪改二(88),2021/09/30
N015a,33,1,叢雲,むらくも,吹雪型,5,駆逐艦,,15,10,29,5,19,27,69,40,79,10,39,0,20,49,高速,5,19,短,10,49,15,20,2,0,0,0,0,0,叢雲改(20),
N015b,205,3,叢雲改,むらくもかい,吹雪型,5,駆逐艦,,30,,49,,49,,79,45,89,,49,0,24,59,高速,7,39,短,12,49,15,20,3,0,0,0,0,0,叢雲改二(70),
N016a,12,1,磯波,いそなみ,吹雪型,9,駆逐艦,,15,10,29,5,19,27,69,40,79,10,39,0,20,49,高速,5,19,短,10,49,15,20,2,0,0,0,0,0,磯波改(20),
N016b,206,3,磯波改,いそなみかい,吹雪型,9,駆逐艦,,30,,49,,49,,79,45,89,,49,0,24,59,高速,7,39,短,12,49,15,20,3,0,0,0,0,0,磯波改二(82),2022/05/28
N017a,13,2,綾波,あやなみ,綾波型,1,駆逐艦,,15,10,29,5,19,27,79,41,89,12,39,0,20,49,高速,5,19,短,12,49,15,20,2,0,0,0,0,0,綾波改(20),
N017b,207,3,綾波改,あやなみかい,綾波型,1,駆逐艦,,30,,49,,49,,79,45,89,,49,0,24,59,高速,7,39,短,12,49,15,20,3,0,0,0,0,0,綾波改二(70),
N018a,14,1,敷波,しきなみ,綾波型,2,駆逐艦,,15,10,29,5,19,27,69,41,79,12,39,0,20,49,高速,5,19,短,10,49,15,20,2,0,0,0,0,0,敷波改(20),
N018b,208,3,敷波改,しきなみかい,綾波型,2,駆逐艦,,30,,49,,49,,79,45,89,,49,0,24,59,高速,7,39,短,12,49,15,20,3,0,0,0,0,0,敷波改二(80),2020/02/12
N019,24,4,大井,おおい,球磨型,4,軽巡洋艦,,25,14,49,11,29,24,89,37,77,13,59,0,19,59,高速,8,39,中,17,49,25,25,2,0,0,0,0,0,大井改(10),
N020,25,3,北上,きたかみ,球磨型,3,軽巡洋艦,,25,14,39,10,29,24,79,36,69,13,49,0,19,59,高速,8,39,中,15,69,25,25,2,0,0,0,0,0,北上改(10),
N021a,78,4,金剛,こんごう,金剛型,1,戦艦,巡洋戦艦,63,63,89,52,69,0,0,30,59,24,69,9,0,0,高速,13,39,長,12,49,80,110,3,3,3,3,0,0,金剛改(25),
N021b,209,5,金剛改,こんごうかい,金剛型,1,戦艦,巡洋戦艦,75,,94,,89,0,0,35,69,,79,12,0,0,高速,15,49,長,12,69,90,120,4,3,3,3,3,0,金剛改二(75),
N022a,86,4,比叡,ひえい,金剛型,2,戦艦,巡洋戦艦,63,63,89,52,69,0,0,30,59,24,69,9,0,0,高速,13,39,長,10,49,80,110,3,3,3,3,0,0,比叡改(25),
N022b,210,5,比叡改,ひえいかい,金剛型,2,戦艦,巡洋戦艦,75,,94,,89,0,0,35,69,,79,12,0,0,高速,15,49,長,12,69,90,120,4,3,3,3,3,0,比叡改二(75),
N023a,79,4,榛名,はるな,金剛型,3,戦艦,巡洋戦艦,63,63,89,52,69,0,0,30,59,24,69,9,0,0,高速,13,39,長,15,69,80,110,3,3,3,3,0,0,榛名改(25),
N023b,211,5,榛名改,はるなかい,金剛型,3,戦艦,巡洋戦艦,75,,94,,89,0,0,35,69,,79,12,0,0,高速,15,49,長,20,69,90,120,4,3,3,3,3,0,榛名改二(80),
N024a,85,4,霧島,きりしま,金剛型,4,戦艦,巡洋戦艦,63,63,89,52,69,0,0,30,59,24,69,9,0,0,高速,13,39,長,10,49,80,110,3,3,3,3,0,0,霧島改(25),
N024b,212,5,霧島改,きりしまかい,金剛型,4,戦艦,巡洋戦艦,75,,94,,89,0,0,35,69,,79,12,0,0,高速,15,49,長,12,69,90,120,4,3,3,3,3,0,霧島改二(75),
N025a,89,2,鳳翔,ほうしょう,鳳翔型,1,軽空母,,30,0,19,15,39,0,0,24,39,10,29,19,0,0,低速,32,69,短,20,69,25,25,2,8,11,0,0,0,鳳翔改(25),
N025b,285,3,鳳翔改,ほうしょうかい,鳳翔型,1,軽空母,,40,,29,,49,0,0,24,59,,39,42,0,0,低速,35,79,短,30,79,30,30,3,14,16,12,0,0,鳳翔改二(91),
N026a,26,3,扶桑,ふそう,扶桑型,1,戦艦,,67,74,94,59,79,0,0,19,39,23,79,12,0,0,低速,9,33,長,5,39,85,120,4,3,3,3,3,0,扶桑改(20),
N026b,286,4,扶桑改,ふそうかい,扶桑型,1,航空戦艦,,75,,79,,89,0,0,33,67,,89,40,0,0,低速,18,49,長,10,59,95,105,4,10,10,10,10,0,扶桑改二(80),
N027a,27,3,山城,やましろ,扶桑型,2,戦艦,,67,74,94,59,79,0,0,19,39,23,79,12,0,0,低速,9,33,長,5,39,85,120,4,3,3,3,3,0,山城改(20),
N027b,287,4,山城改,やましろかい,扶桑型,2,航空戦艦,,75,,79,,89,0,0,33,67,,89,40,0,0,低速,18,49,長,10,59,95,105,4,10,10,10,10,0,山城改二(80),
N028a,51,2,天龍,てんりゅう,天龍型,1,軽巡洋艦,,23,11,39,7,29,18,59,35,69,8,39,0,18,59,高速,7,19,中,17,49,25,20,2,0,0,0,0,0,天龍改(20),
N028b,213,3,天龍改,てんりゅうかい,天龍型,1,軽巡洋艦,,40,,59,,59,,79,42,79,,49,0,24,69,高速,10,49,中,12,59,25,25,3,0,0,0,0,0,天龍改二(84),
N029a,52,2,龍田,たつた,天龍型,2,軽巡洋艦,,23,11,39,7,29,18,59,35,69,8,39,0,18,59,高速,7,19,中,17,49,25,20,2,0,0,0,0,0,龍田改(20),
N029b,214,3,龍田改,たつたかい,天龍型,2,軽巡洋艦,,40,,59,,59,,79,42,79,,49,0,24,69,高速,10,49,中,12,59,25,25,3,0,0,0,0,0,龍田改二(80),
N030a,76,3,龍驤,りゅうじょう,龍驤型,1,軽空母,,31,0,19,17,39,0,0,27,44,16,29,38,0,0,高速,34,69,短,10,49,35,35,3,9,24,5,0,0,龍驤改(25),
N030b,281,4,龍驤改,りゅうじょうかい,龍驤型,1,軽空母,,45,,29,,59,0,0,27,59,,39,43,0,0,高速,35,79,短,12,59,40,40,4,9,24,5,5,0,龍驤改二(75),
N031a,1,2,睦月,むつき,睦月型,1,駆逐艦,,13,6,29,5,18,18,59,37,79,7,29,0,16,39,高速,4,17,短,12,49,15,15,2,0,0,0,0,0,睦月改(20),
N031b,254,3,睦月改,むつきかい,睦月型,1,駆逐艦,,24,,39,,39,,69,40,89,,39,0,18,59,高速,6,39,短,12,59,15,15,3,0,0,0,0,0,睦月改二(65),
N032a,2,1,如月,きさらぎ,睦月型,2,駆逐艦,,13,6,29,5,18,18,49,37,69,7,29,0,16,39,高速,4,17,短,10,49,15,15,2,0,0,0,0,0,如月改(20),
N032b,255,3,如月改,きさらぎかい,睦月型,2,駆逐艦,,24,,39,,39,,69,40,89,,39,0,18,59,高速,6,39,短,12,59,15,15,3,0,0,0,0,0,如月改二(65),
N033a,28,1,皐月,さつき,睦月型,5,駆逐艦,,13,6,29,5,18,18,49,37,69,7,29,0,16,39,高速,4,17,短,10,49,15,15,2,0,0,0,0,0,皐月改(20),
N033b,256,3,皐月改,さつきかい,睦月型,5,駆逐艦,,24,,39,,39,,69,40,89,,39,0,18,59,高速,6,39,短,12,59,15,15,3,0,0,0,0,0,皐月改二(75),
N034a,29,1,文月,ふみづき,睦月型,7,駆逐艦,,13,6,29,5,18,18,49,37,69,7,29,0,16,39,高速,4,17,短,10,49,15,15,2,0,0,0,0,0,文月改(20),
N034b,257,3,文月改,ふみづき,睦月型,7,駆逐艦,,24,,39,,39,,69,40,89,,39,0,18,59,高速,6,39,短,12,59,15,15,3,0,0,0,0,0,文月改二(77),
N035a,6,1,長月,ながつき,睦月型,8,駆逐艦,,13,6,29,5,18,18,49,37,69,7,29,0,16,39,高速,4,17,短,15,69,15,15,2,0,0,0,0,0,長月改(20),
N035b,258,3,長月改,ながつきかい,睦月型,8,駆逐艦,,24,,39,,39,,69,40,89,,39,0,18,59,高速,6,39,短,20,79,15,15,3,0,0,0,0,0,,
N036a,30,1,菊月,きくづき,睦月型,9,駆逐艦,,13,6,29,5,18,18,49,37,69,7,29,0,16,39,高速,4,17,短,10,49,15,15,2,0,0,0,0,0,菊月改(20),
N036b,259,3,菊月改,きくづきかい,睦月型,9,駆逐艦,,24,,39,,39,,69,40,89,,39,0,18,59,高速,6,39,短,12,59,15,15,3,0,0,0,0,0,,
N037a,7,1,三日月,みかづき,睦月型,10,駆逐艦,,13,6,29,5,18,18,49,37,69,7,29,0,16,39,高速,4,17,短,10,49,15,15,2,0,0,0,0,0,三日月改(20),
N037b,260,3,三日月改,みかづきかい,睦月型,10,駆逐艦,,24,,39,,39,,69,40,89,,39,0,18,59,高速,6,39,短,12,59,15,15,3,0,0,0,0,0,,
N038a,31,1,望月,もちづき,睦月型,11,駆逐艦,,13,6,29,5,18,18,49,37,69,7,29,0,16,39,高速,4,17,短,10,49,15,15,2,0,0,0,0,0,望月改(20),
N038b,261,3,望月改,もちづきかい,睦月型,11,駆逐艦,,24,,39,,39,,69,40,89,,39,0,18,59,高速,6,39,短,12,59,15,15,3,0,0,0,0,0,,
N039a,99,3,球磨,くま,球磨型,1,軽巡洋艦,,25,14,49,10,29,24,89,36,79,13,59,2,19,59,高速,8,39,中,12,49,25,25,2,1,1,0,0,0,球磨改(20),
N039b,215,4,球磨改,くまかい,球磨型,1,軽巡洋艦,,42,,69,,69,,89,40,79,,69,3,24,79,高速,10,49,中,12,59,25,30,3,1,1,1,0,0,球磨改二(88),2021/01/25
N040a,100,1,多摩,たま,球磨型,2,軽巡洋艦,,25,14,39,10,29,24,79,36,69,13,49,2,19,59,高速,8,39,中,10,49,25,25,2,1,1,0,0,0,多摩改(20),
N040b,216,3,多摩改,たまかい,球磨型,2,軽巡洋艦,,42,,59,,59,,79,40,79,,59,3,24,79,高速,10,49,中,12,59,25,30,3,1,1,1,0,0,多摩改二(70),
N041a,101,1,木曾,きそ,球磨型,5,軽巡洋艦,,25,14,39,10,29,24,79,36,69,13,49,2,19,59,高速,8,39,中,10,49,25,25,2,1,1,0,0,0,木曾改(20),
N041b,217,3,木曾改,きそかい,球磨型,5,軽巡洋艦,,42,,59,,59,,79,40,79,,59,3,24,79,高速,10,49,中,12,59,25,30,3,1,1,1,0,0,木曾改二(65),
N042a,21,3,長良,ながら,長良型,1,軽巡洋艦,,26,14,49,10,29,24,89,37,79,13,59,2,20,59,高速,8,39,中,12,49,25,25,2,1,1,0,0,0,長良改(20),
N042b,218,4,長良改,ながらかい,長良型,1,軽巡洋艦,,43,,69,,69,,89,40,79,,69,3,24,79,高速,10,49,中,12,59,25,30,3,1,1,1,0,0,,
N043a,22,1,五十鈴,いすず,長良型,2,軽巡洋艦,,26,14,39,10,29,24,79,37,69,13,49,2,40,79,高速,8,39,中,10,49,25,25,2,1,1,0,0,0,五十鈴改(12),
N043b,219,3,五十鈴改,いすずかい,長良型,2,軽巡洋艦,,37,,59,,59,,79,40,79,,59,3,48,79,高速,10,49,中,12,59,25,30,3,1,1,1,0,0,五十鈴改二(50),
N044a,53,1,名取,なとり,長良型,3,軽巡洋艦,,26,14,39,10,29,24,79,37,69,13,49,2,20,59,高速,8,39,中,10,49,25,25,2,1,1,0,0,0,名取改(20),
N044b,221,3,名取改,なとりかい,長良型,3,軽巡洋艦,,43,,69,,59,,89,40,79,,59,3,24,79,高速,10,49,中,12,59,25,30,3,1,1,1,0,0,,
N045a,23,1,由良,ゆら,長良型,4,軽巡洋艦,,26,14,39,10,29,24,79,37,69,13,49,2,40,79,高速,8,39,中,10,49,25,25,2,1,1,0,0,0,由良改(20),
N045b,220,3,由良改,ゆらかい,長良型,4,軽巡洋艦,,43,,59,,59,,79,40,79,,59,3,48,79,高速,10,49,中,12,59,25,30,3,1,1,1,0,0,由良改二(77),
N046a,54,3,川内,せんだい,川内型,1,軽巡洋艦,,26,14,49,11,29,24,89,38,79,13,59,2,20,69,高速,8,39,中,12,49,25,25,2,1,1,0,0,0,川内改(20),
N046b,222,4,川内改,せんだい,川内型,1,軽巡洋艦,,44,,59,,69,,79,40,79,,69,3,24,79,高速,10,49,中,12,59,25,30,3,1,1,1,0,0,川内改二(60),
N047a,55,1,神通,じんつう,川内型,2,軽巡洋艦,,26,14,39,11,29,24,79,38,69,13,49,2,20,69,高速,8,39,中,10,49,25,25,2,1,1,0,0,0,神通改(20),
N047b,223,3,神通改,じんつうかい,川内型,2,軽巡洋艦,,44,,59,,59,,79,40,79,,59,3,24,79,高速,10,49,中,12,59,25,30,3,1,1,1,0,0,神通改二(60),
N048a,56,1,那珂,なか,川内型,3,軽巡洋艦,,26,14,39,11,29,24,79,38,69,13,49,2,24,69,高速,8,39,中,10,49,25,25,2,1,1,0,0,0,那珂改(20),
N048b,224,3,那珂改,なかかい,川内型,3,軽巡洋艦,,44,,59,,59,,79,40,79,,59,3,32,79,高速,10,49,中,12,59,25,30,3,1,1,1,0,0,那珂改二(48),
N049,102,1,千歳,ちとせ,千歳型,1,水上機母艦,,40,9,29,18,39,0,0,20,39,14,29,24,0,0,高速,34,69,短,10,49,35,35,2,12,12,0,0,0,千歳改(10),
N050,103,1,千代田,ちよだ,千歳型,2,水上機母艦,,40,9,29,18,39,0,0,20,39,14,29,24,0,0,高速,34,69,短,10,49,35,35,2,12,12,0,0,0,千代田改(10),
N051,70,3,最上,もがみ,最上型,1,重巡洋艦,,41,40,59,31,59,18,69,35,69,20,59,6,0,0,高速,14,39,中,10,49,40,65,3,2,2,2,0,0,最上改(10),
N052a,59,2,古鷹,ふるたか,古鷹型,1,重巡洋艦,,36,30,54,25,34,12,59,33,69,16,59,6,0,0,高速,10,39,中,10,49,35,50,3,2,2,2,0,0,古鷹改(25),
N052b,262,3,古鷹改,ふるたかかい,古鷹型,1,重巡洋艦,,48,,70,,70,,59,38,75,,59,8,0,0,高速,12,49,中,10,59,35,55,4,2,2,2,2,0,古鷹改二(65),
N053a,60,1,加古,かこ,古鷹型,2,重巡洋艦,,36,30,49,25,34,12,49,33,59,16,49,6,0,0,高速,10,39,中,10,49,35,50,3,2,2,2,0,0,加古改(25),
N053b,263,3,加古改,かこかい,古鷹型,2,重巡洋艦,,48,,70,,70,,59,38,75,,59,8,0,0,高速,12,49,中,10,59,35,55,4,2,2,2,2,0,加古改二(65),
N054a,61,2,青葉,あおば,青葉型,1,重巡洋艦,,37,30,54,26,37,12,59,33,69,16,59,6,0,0,高速,11,39,中,20,69,35,50,3,2,2,2,0,0,青葉改(25),
N054b,264,3,青葉改,あおばかい,青葉型,1,重巡洋艦,,49,,73,,72,,59,38,81,,61,8,0,0,高速,12,49,中,30,79,35,55,4,2,2,2,2,0,,2023/02/28
N055a,62,3,妙高,みょうこう,妙高型,1,重巡洋艦,,44,40,59,32,49,24,59,34,69,16,64,6,0,0,高速,12,39,中,10,49,40,65,3,2,2,2,0,0,妙高改(25),
N055b,265,4,妙高改,みょうこうかい,妙高型,1,重巡洋艦,,55,,76,,73,,79,39,79,,69,8,0,0,高速,14,49,中,10,59,40,70,4,2,2,2,2,0,妙高改二(70),
N056a,63,1,那智,なち,妙高型,2,重巡洋艦,,44,40,54,32,49,24,49,34,59,16,54,6,0,0,高速,12,39,中,10,49,40,65,3,2,2,2,0,0,那智改(25),
N056b,266,3,那智改,なちかい,妙高型,2,重巡洋艦,,55,,76,,73,,69,39,79,,69,8,0,0,高速,14,49,中,10,59,40,70,4,2,2,2,2,0,那智改二(65),
N057a,64,1,足柄,あしがら,妙高型,3,重巡洋艦,,44,40,54,32,49,24,49,34,59,16,54,6,0,0,高速,12,39,中,10,49,40,65,3,2,2,2,0,0,足柄改(25),
N057b,267,3,足柄改,あしがらかい,妙高型,3,重巡洋艦,,55,,77,,73,,69,39,79,,69,8,0,0,高速,14,49,中,10,59,40,70,4,2,2,2,2,0,足柄改二(65),
N058a,65,1,羽黒,はぐろ,妙高型,4,重巡洋艦,,44,40,54,32,49,24,49,34,59,16,54,6,0,0,高速,12,39,中,10,49,40,65,3,2,2,2,0,0,羽黒改(25),
N058b,268,3,羽黒改,はぐろかい,妙高型,4,重巡洋艦,,55,,77,,73,,69,39,79,,69,8,0,0,高速,14,49,中,10,59,40,70,4,2,2,2,2,0,羽黒改二(65),
N059a,66,3,高雄,たかお,高雄型,1,重巡洋艦,,45,40,59,35,49,24,59,35,69,18,66,6,0,0,高速,13,39,中,10,49,40,65,3,2,2,2,0,0,高雄改(25),
N059b,269,4,高雄改,たかおかい,高雄型,1,重巡洋艦,,57,,77,,75,,79,40,80,,69,8,0,0,高速,14,49,中,10,63,40,70,4,2,2,2,2,0,,2020/09/20
N060a,67,3,愛宕,あたご,高雄型,2,重巡洋艦,,45,40,54,35,49,24,59,35,59,18,56,6,0,0,高速,13,39,中,10,49,40,65,3,2,2,2,0,0,愛宕改(25),
N060b,270,4,愛宕改,あたごかい,高雄型,2,重巡洋艦,,57,,77,,75,,79,40,79,,69,8,0,0,高速,14,49,中,10,59,40,70,4,2,2,2,2,0,,
N061a,68,1,摩耶,まや,高雄型,3,重巡洋艦,,45,40,54,35,49,24,49,35,59,18,56,6,0,0,高速,13,39,中,10,49,40,65,3,2,2,2,0,0,摩耶改(18),
N061b,271,3,摩耶改,まやかい,高雄型,3,重巡洋艦,,55,,78,,75,,69,40,79,,89,8,0,0,高速,14,49,中,10,59,40,70,4,2,2,2,2,0,摩耶改二(75),
N062a,69,1,鳥海,ちょうかい,高雄型,4,重巡洋艦,,45,40,54,35,49,24,49,35,59,18,56,6,0,0,高速,13,39,中,10,49,40,65,3,2,2,2,0,0,鳥海改(25),
N062b,272,3,鳥海改,ちょうかいかい,高雄型,4,重巡洋艦,,57,,78,,75,,69,40,79,,69,8,0,0,高速,14,49,中,10,59,40,70,4,2,2,2,2,0,鳥海改二(65),
N063a,71,3,利根,とね,利根型,1,重巡洋艦,,44,32,59,36,59,24,59,36,69,20,67,9,0,0,高速,20,59,中,10,49,45,60,3,3,3,3,0,0,利根改(25),
N063b,273,4,利根改,とねかい,利根型,1,重巡洋艦,,56,,76,,77,,79,41,79,,79,16,0,0,高速,37,79,中,10,59,45,65,4,4,4,4,4,0,利根改二(70),
N064a,72,3,筑摩,ちくま,利根型,2,重巡洋艦,,44,32,59,36,59,24,59,36,69,20,67,9,0,0,高速,20,59,中,10,49,45,60,3,3,3,3,0,0,筑摩改(25),
N064b,274,4,筑摩改,ちくまかい,利根型,2,重巡洋艦,,56,,76,,77,,79,41,79,,79,16,0,0,高速,24,79,中,10,59,45,65,4,4,4,4,4,0,筑摩改二(70),
N065a,75,3,飛鷹,ひよう,飛鷹型,1,軽空母,,40,0,19,21,39,0,0,28,54,21,59,58,0,0,低速,38,59,短,10,49,40,40,4,12,18,18,10,0,飛鷹改(25),
N065b,283,4,飛鷹改,ひようかい,飛鷹型,1,軽空母,,50,,29,,59,0,0,28,69,,69,66,0,0,低速,40,79,短,12,59,45,45,4,18,18,18,12,0,,
N066a,92,3,隼鷹,じゅんよう,飛鷹型,2,軽空母,,40,0,19,21,39,0,0,28,54,21,59,58,0,0,低速,38,59,短,20,79,40,40,4,12,18,18,10,0,隼鷹改(25),
N066b,284,4,隼鷹改,じゅんようかい,飛鷹型,2,軽空母,,50,,29,,59,0,0,28,69,,69,66,0,0,低速,40,79,短,30,79,45,45,4,18,18,18,12,0,隼鷹改二(80),
N067a,93,1,朧,おぼろ,綾波型,7,駆逐艦,,15,10,29,5,19,27,69,41,79,12,39,0,20,49,高速,5,19,短,10,49,15,20,2,0,0,0,0,0,朧改(20),
N067b,230,3,朧改,おぼろかい,綾波型,7,駆逐艦,,30,,49,,49,,79,45,89,,49,0,24,59,高速,7,39,短,12,59,15,20,3,0,0,0,0,0,,
N068a,15,1,曙,あけぼの,綾波型,8,駆逐艦,,15,10,29,5,19,27,69,41,79,12,39,0,20,49,高速,5,19,短,10,49,15,20,2,0,0,0,0,0,曙改(20),
N068b,231,3,曙改,あけぼのかい,綾波型,8,駆逐艦,,30,,49,,49,,79,45,89,,49,0,24,59,高速,7,39,短,12,59,15,20,3,0,0,0,0,0,曙改二(82),2021/03/07
N069a,94,1,漣,さざなみ,綾波型,9,駆逐艦,,15,10,29,5,19,27,69,41,79,12,39,0,20,49,高速,5,19,短,10,49,15,20,2,0,0,0,0,0,漣改(20),
N069b,232,3,漣改,さざなみ,綾波型,9,駆逐艦,,30,,49,,49,,79,45,89,,49,0,24,59,高速,7,39,短,12,59,15,20,3,0,0,0,0,0,,
N070a,16,1,潮,うしお,綾波型,10,駆逐艦,,15,10,29,5,19,27,69,41,79,12,39,0,20,49,高速,5,19,短,20,79,15,20,2,0,0,0,0,0,潮改(20),
N070b,233,3,潮改,うしおかい,綾波型,10,駆逐艦,,30,,49,,49,,79,45,89,,49,0,24,59,高速,7,39,短,20,79,15,20,3,0,0,0,0,0,潮改二(60),
N071a,34,2,暁,あかつき,暁型,1,駆逐艦,,15,10,29,6,19,27,79,42,89,12,39,0,20,49,高速,5,19,短,12,49,15,20,2,0,0,0,0,0,暁改(20),
N071b,234,3,暁改,あかつきかい,暁型,1,駆逐艦,,30,,49,,49,,79,45,89,,49,0,24,59,高速,7,39,短,12,59,15,20,3,0,0,0,0,0,暁改二(70),
N072a,35,1,響,ひびき,暁型,2,駆逐艦,,15,10,29,6,19,27,69,42,79,12,39,0,20,49,高速,5,19,短,10,49,15,20,2,0,0,0,0,0,響改(20),
N072b,235,3,響改,ひびきかい,暁型,2,駆逐艦,,30,,50,,49,,79,45,90,,51,0,24,59,高速,7,39,短,12,59,15,20,3,0,0,0,0,0,Верный(70),2022/12/27
N073a,36,1,雷,いかづち,暁型,3,駆逐艦,,15,10,29,6,19,27,69,42,79,12,39,0,20,49,高速,5,19,短,10,49,15,20,2,0,0,0,0,0,雷改(20),
N073b,236,3,雷改,いかづち,暁型,3,駆逐艦,,30,,49,,49,,79,45,89,,49,0,24,59,高速,7,39,短,12,59,15,20,3,0,0,0,0,0,,
N074a,37,1,電,いなづま,暁型,4,駆逐艦,,15,10,29,6,19,27,69,42,79,12,39,0,20,49,高速,5,19,短,10,49,15,20,2,0,0,0,0,0,電改(20),
N074b,237,3,電改,いなづま,暁型,4,駆逐艦,,30,,49,,49,,79,45,89,,49,0,24,59,高速,7,39,短,12,59,15,20,3,0,0,0,0,0,,
N075a,38,2,初春,はつはる,初春型,1,駆逐艦,,16,10,29,6,19,27,79,43,89,12,39,0,21,49,高速,5,19,短,12,49,15,20,2,0,0,0,0,0,初春改(20),
N075b,238,3,初春改,はつはる,初春型,1,駆逐艦,,30,,49,,49,,79,45,89,,49,0,24,59,高速,7,39,短,12,59,15,20,3,0,0,0,0,0,初春改二(65),
N076a,39,1,子日,ねのひ,初春型,2,駆逐艦,,16,10,29,6,19,27,69,43,79,9,39,0,21,49,高速,5,19,短,10,49,15,20,2,0,0,0,0,0,子日改(20),
N076b,239,3,子日改,ねのひかい,初春型,2,駆逐艦,,30,,49,,49,,79,45,89,,49,0,24,59,高速,7,39,短,12,59,15,20,3,0,0,0,0,0,,
N077a,40,1,若葉,わかば,初春型,3,駆逐艦,,16,10,29,6,19,27,69,43,79,9,39,0,21,49,高速,5,19,短,10,49,15,20,2,0,0,0,0,0,若葉改(20),
N077b,240,3,若葉改,わかばかい,初春型,3,駆逐艦,,30,,49,,49,,79,45,89,,49,0,24,59,高速,7,39,短,12,59,15,20,3,0,0,0,0,0,,
N078a,41,1,初霜,はつしも,初春型,4,駆逐艦,,16,10,29,6,19,27,69,43,79,9,39,0,21,49,高速,5,19,短,10,49,15,20,2,0,0,0,0,0,初霜改(20),
N078b,241,3,初霜改,はつしもかい,初春型,4,駆逐艦,,30,,49,,49,,79,45,89,,49,0,24,59,高速,7,39,短,12,59,15,20,3,0,0,0,0,0,初霜改二(70),
N079a,42,2,白露,しらつゆ,白露型,1,駆逐艦,,16,10,29,6,19,24,79,43,79,12,39,0,21,49,高速,5,19,短,12,49,15,20,2,0,0,0,0,0,白露改(20),
N079b,242,3,白露改,しらつゆかい,白露型,1,駆逐艦,,30,,49,,49,,79,45,89,,49,0,24,59,高速,7,39,短,12,59,15,20,3,0,0,0,0,0,白露改二(77),
N080a,43,1,時雨,しぐれ,白露型,2,駆逐艦,,16,10,29,6,19,24,69,43,79,9,39,0,21,49,高速,5,19,短,10,49,15,20,2,0,0,0,0,0,時雨改(20),
N080b,243,3,時雨改,しぐれかい,白露型,2,駆逐艦,,30,,49,,49,,79,45,89,,49,0,24,59,高速,7,39,短,12,59,15,20,3,0,0,0,0,0,時雨改二(60),
N081a,44,1,村雨,むらさめ,白露型,3,駆逐艦,,16,10,29,6,19,24,69,43,79,9,39,0,21,49,高速,5,19,短,10,49,15,20,2,0,0,0,0,0,村雨改(20),
N081b,244,3,村雨改,むらさめかい,白露型,3,駆逐艦,,30,,49,,49,,79,45,89,,49,0,24,59,高速,7,39,短,12,59,15,20,3,0,0,0,0,0,村雨改二(70),
N082a,45,1,夕立,ゆうだち,白露型,4,駆逐艦,,16,10,29,6,19,24,69,43,79,9,39,0,21,49,高速,5,19,短,10,49,15,20,2,0,0,0,0,0,夕立改(20),
N082b,245,3,夕立改,ゆうだちかい,白露型,4,駆逐艦,,30,,49,,49,,79,45,89,,49,0,24,59,高速,7,39,短,12,59,15,20,3,0,0,0,0,0,夕立改二(55),
N083a,46,1,五月雨,さみだれ,白露型,6,駆逐艦,,16,10,29,6,19,24,69,43,79,9,39,0,21,49,高速,5,19,短,10,49,15,20,2,0,0,0,0,0,五月雨改(20),
N083b,246,3,五月雨改,さみだれかい,白露型,6,駆逐艦,,30,,49,,49,,79,45,89,,49,0,24,59,高速,7,39,短,12,59,15,20,3,0,0,0,0,0,,
N084a,47,2,涼風,すずかぜ,白露型,10,駆逐艦,,16,10,29,6,19,24,79,43,79,9,39,0,21,49,高速,5,19,短,12,49,15,20,2,0,0,0,0,0,涼風改(20),
N084b,247,3,涼風改,すずかぜかい,白露型,10,駆逐艦,,30,,49,,49,,79,45,89,,49,0,24,59,高速,7,39,短,12,59,15,20,3,0,0,0,0,0,,
N085a,95,2,朝潮,あさしお,朝潮型,1,駆逐艦,,16,10,29,6,19,24,79,43,79,12,39,0,21,49,高速,5,19,短,12,49,15,20,2,0,0,0,0,0,朝潮改(20),
N085b,248,3,朝潮改,あさしおかい,朝潮型,1,駆逐艦,,31,,49,,49,,79,46,89,,49,0,24,59,高速,8,39,短,12,59,15,20,3,0,0,0,0,0,朝潮改二(70),
N086a,96,1,大潮,おおしお,朝潮型,2,駆逐艦,,16,10,29,6,19,24,69,43,79,9,39,0,21,49,高速,5,19,短,10,49,15,20,2,0,0,0,0,0,大潮改(20),
N086b,249,3,大潮改,おおしおかい,朝潮型,2,駆逐艦,,31,,49,,49,,79,46,89,,49,0,24,59,高速,8,39,短,12,59,15,20,3,0,0,0,0,0,大潮改二(65),
N087a,97,1,満潮,みちしお,朝潮型,3,駆逐艦,,16,10,29,6,19,24,69,43,79,9,39,0,21,49,高速,5,19,短,10,49,15,20,2,0,0,0,0,0,満潮改(20),
N087b,250,3,満潮改,みちしおかい,朝潮型,3,駆逐艦,,31,,49,,49,,79,46,89,,49,0,24,59,高速,8,39,短,12,59,15,20,3,0,0,0,0,0,満潮改二(77),
N088a,98,1,荒潮,あらしお,朝潮型,4,駆逐艦,,16,10,29,6,19,24,69,43,79,9,39,0,21,49,高速,5,19,短,10,49,15,20,2,0,0,0,0,0,荒潮改(20),
N088b,251,3,荒潮改,あらしおかい,朝潮型,4,駆逐艦,,31,,49,,49,,79,46,89,,49,0,24,59,高速,8,39,短,12,59,15,20,3,0,0,0,0,0,荒潮改二(67),
N089a,48,1,霰,あられ,朝潮型,9,駆逐艦,,16,10,29,6,19,24,69,43,79,9,39,0,21,49,高速,5,19,短,10,49,15,20,2,0,0,0,0,0,霰改(20),
N089b,252,3,霰改,あられかい,朝潮型,9,駆逐艦,,31,,49,,49,,79,46,89,,49,0,24,59,高速,8,39,短,12,59,15,20,3,0,0,0,0,0,霰改二(63),
N090a,49,1,霞,かすみ,朝潮型,10,駆逐艦,,16,10,29,6,19,24,69,43,79,9,39,0,21,49,高速,5,19,短,15,59,15,20,2,0,0,0,0,0,霞改(20),
N090b,253,3,霞改,かすみかい,朝潮型,10,駆逐艦,,31,,49,,49,,79,46,89,,49,0,24,59,高速,8,39,短,20,79,15,20,3,0,0,0,0,0,霞改二(75),
N091a,17,2,陽炎,かげろう,陽炎型,1,駆逐艦,,16,10,29,6,19,24,79,44,79,12,39,0,24,49,高速,6,19,短,12,49,15,20,2,0,0,0,0,0,陽炎改(20),
N091b,225,3,陽炎改,かげろうかい,陽炎型,1,駆逐艦,,32,,49,,49,,79,47,89,,49,0,27,59,高速,8,39,短,12,59,15,20,3,0,0,0,0,0,陽炎改二(70),
N092a,18,1,不知火,しらぬい,陽炎型,2,駆逐艦,,16,10,29,6,19,24,69,44,79,9,39,0,24,49,高速,6,19,短,10,49,15,20,2,0,0,0,0,0,不知火改(20),
N092b,226,3,不知火改,しらぬいかい,陽炎型,2,駆逐艦,,32,,49,,49,,79,47,89,,49,0,27,59,高速,8,39,短,12,59,15,20,3,0,0,0,0,0,不知火改二(72),
N093a,19,1,黒潮,くろしお,陽炎型,3,駆逐艦,,16,10,29,6,19,24,69,44,79,9,39,0,24,49,高速,6,19,短,10,49,15,20,2,0,0,0,0,0,黒潮改(20),
N093b,227,3,黒潮改,くろしおかい,陽炎型,3,駆逐艦,,32,,49,,49,,79,47,89,,49,0,27,59,高速,8,39,短,12,59,15,20,3,0,0,0,0,0,黒潮改二(73),
N094a,74,3,祥鳳,しょうほう,祥鳳型,1,軽空母,,32,0,19,19,39,0,0,28,49,14,29,30,0,0,高速,34,69,短,10,49,35,35,3,18,9,3,0,0,祥鳳改(25),
N094b,282,4,祥鳳改,しょうほうかい,祥鳳型,1,軽空母,,45,,29,,59,0,0,28,59,,39,48,0,0,高速,35,79,短,12,59,40,40,4,18,12,12,6,0,,
N095,104,2,千歳改,ちとせかい,千歳型,1,水上機母艦,,41,,29,,39,0,29,25,44,15,29,24,0,0,高速,36,69,短,10,49,35,40,3,12,6,6,0,0,千歳甲(12),
N096,105,2,千代田改,ちよだかい,千歳型,2,水上機母艦,,41,,29,,39,0,29,25,44,15,29,24,0,0,高速,36,69,短,10,49,35,40,3,12,6,6,0,0,千代田甲(12),
N097,57,5,大井改,おおいかい,球磨型,4,重雷装巡洋艦,,32,8,39,,39,80,99,37,77,13,39,0,25,59,高速,8,39,中,10,49,25,50,2,0,0,0,0,0,大井改二(50),
N098,58,5,北上改,きたかみかい,球磨型,3,重雷装巡洋艦,,32,8,39,,39,80,99,37,77,13,39,0,25,59,高速,8,39,中,15,69,25,50,2,0,0,0,0,0,北上改二(50),
N099,106,2,千歳甲,ちとせこう,千歳型,1,水上機母艦,,42,9,31,,39,15,73,27,49,17,42,24,0,0,高速,30,69,短,10,59,35,45,3,12,6,6,0,0,千歳航(15),2020/02/12
N100,107,2,千代田甲,ちよだこう,千歳型,2,水上機母艦,,42,9,31,,39,15,73,27,49,17,42,24,0,0,高速,30,69,短,10,59,35,45,3,12,6,6,0,0,千代田航(15),2020/02/12
N101,73,5,最上改,もがみかい,最上型,1,航空巡洋艦,,50,24,75,,71,18,69,35,69,20,64,27,0,0,高速,22,59,中,10,69,50,55,4,5,6,5,11,0,最上改二(80),2021/04/03
N102,82,5,伊勢改,いせかい,伊勢型,1,航空戦艦,,77,63,86,,92,0,0,36,77,45,92,47,0,0,低速,24,60,長,30,79,95,105,4,11,11,11,14,0,伊勢改二(88),
N103,88,5,日向改,ひゅうがかい,伊勢型,2,航空戦艦,,77,63,86,,92,0,0,36,77,45,92,47,0,0,低速,24,60,長,30,79,95,105,4,11,11,11,14,0,日向改二(90),
N104a,108,3,千歳航,ちとせこう,千歳型,1,軽空母,,47,0,19,,39,0,0,37,67,20,49,36,0,0,高速,36,69,短,10,59,40,40,3,21,9,6,0,0,千歳航改(35),
N104b,291,4,千歳航改,ちとせこうかい,千歳型,1,軽空母,,57,,34,,64,0,0,37,69,,69,56,0,0,高速,42,79,短,12,59,45,40,4,24,16,8,8,0,千歳航改二(50),
N105a,109,3,千代田航,ちよだこう,千歳型,2,軽空母,,47,0,19,,39,0,0,37,67,20,49,36,0,0,高速,36,69,短,10,59,40,40,3,21,9,6,0,0,千代田航改(35),
N105b,292,4,千代田航改,ちよだこうかい,千歳型,2,軽空母,,57,,34,,64,0,0,37,69,,69,56,0,0,高速,42,79,短,12,59,45,40,4,24,16,8,8,0,千代田航改二(50),
N106a,110,4,翔鶴,しょうかく,翔鶴型,1,正規空母,,62,0,39,33,49,0,0,36,59,29,69,75,0,0,高速,44,69,短,10,49,55,55,4,21,21,21,12,0,翔鶴改(30),
N106b,288,5,翔鶴改,しょうかくかい,翔鶴型,1,正規空母,,75,,39,,72,0,0,38,79,,79,84,0,0,高速,48,89,短,12,89,65,70,4,24,24,24,12,0,翔鶴改二(80),
N107,111,5,瑞鶴,ずいかく,翔鶴型,2,正規空母,,62,0,39,33,49,0,0,39,69,29,69,75,0,0,高速,44,69,短,40,89,55,55,4,21,21,21,12,0,瑞鶴改(25),
N108,112,6,瑞鶴改,ずいかくかい,翔鶴型,2,正規空母,,75,0,39,,72,0,0,42,79,40,79,84,0,0,高速,48,89,短,42,89,65,70,4,24,24,24,12,0,瑞鶴改二(77),
N109a,113,3,鬼怒,きぬ,長良型,5,軽巡洋艦,,26,14,39,10,29,24,79,38,69,13,49,2,20,59,高速,8,39,中,12,49,25,25,2,1,1,0,0,0,鬼怒改(17),
N109b,289,4,鬼怒改,きぬかい,長良型,5,軽巡洋艦,,41,,59,,59,,79,42,79,,59,3,48,79,高速,10,49,中,12,59,25,35,3,1,1,1,0,0,鬼怒改二(75),
N110a,114,4,阿武隈,あぶくま,長良型,6,軽巡洋艦,,27,14,39,10,29,24,79,39,69,13,49,2,20,59,高速,8,39,中,12,49,25,25,2,1,1,0,0,0,阿武隈改(17),
N110b,290,5,阿武隈改,あぶくまかい,長良型,6,軽巡洋艦,,42,,59,,59,,79,44,79,,59,3,48,79,高速,10,49,中,12,59,25,35,3,1,1,1,0,0,阿武隈改二(75),
N111a,115,4,夕張,ゆうばり,夕張型,1,軽巡洋艦,,19,17,42,10,29,20,69,42,69,10,42,0,13,39,高速,6,39,中,12,49,20,30,3,0,0,0,0,0,夕張改(25),
N111b,293,5,夕張改,ゆうばりかい,夕張型,1,軽巡洋艦,,36,,63,,49,,79,42,69,,69,0,24,69,高速,8,44,中,17,69,25,40,4,0,0,0,0,0,夕張改二(84),2020/01/18
N112,116,4,瑞鳳,ずいほう,祥鳳型,2,軽空母,,32,0,19,19,39,0,0,29,49,14,29,30,0,0,高速,34,69,短,30,79,35,35,3,18,9,3,0,0,瑞鳳改(25),
N113,117,5,瑞鳳改,ずいほうかい,祥鳳型,2,軽空母,,45,0,29,,59,0,0,29,59,18,39,48,0,0,高速,35,79,短,40,89,40,40,4,18,12,12,6,0,瑞鳳改二(80),
N114,118,6,大井改二,おおいかいに,球磨型,4,重雷装巡洋艦,,43,17,63,,63,90,139,43,83,15,49,0,27,79,高速,9,43,中,13,49,25,75,3,0,0,0,0,0,,
N115,119,6,北上改二,きたかみかいに,球磨型,3,重雷装巡洋艦,,43,17,63,,63,90,139,43,83,15,49,0,27,79,高速,9,43,中,30,79,25,75,3,0,0,0,0,0,,
N116,120,4,三隈,みくま,最上型,2,重巡洋艦,,40,40,59,30,59,18,69,31,62,18,59,6,0,0,高速,14,39,中,5,49,40,65,3,2,2,2,0,0,三隈改(30),
N117,121,5,三隈改,みくまかい,最上型,2,航空巡洋艦,,50,24,77,,71,18,69,34,69,20,61,26,0,0,高速,22,61,中,10,69,50,55,4,5,6,6,9,0,,2022/02/22
N118a,190,3,初風,はつかぜ,陽炎型,7,駆逐艦,,16,10,29,6,19,24,69,45,79,9,39,0,24,49,高速,6,19,短,10,49,15,20,2,0,0,0,0,0,初風改(20),
N118b,300,4,初風改,はつかぜかい,陽炎型,7,駆逐艦,,32,,49,,49,,79,47,89,,49,0,27,64,高速,8,39,短,12,59,15,20,3,0,0,0,0,0,,
N119a,122,3,舞風,まいかぜ,陽炎型,18,駆逐艦,,16,10,29,6,19,24,69,45,79,9,39,0,24,49,高速,6,19,短,10,49,15,20,2,0,0,0,0,0,舞風改(20),
N119b,294,4,舞風改,まいかぜかい,陽炎型,18,駆逐艦,,32,,49,,49,,79,47,89,,49,0,27,72,高速,8,39,短,12,59,15,20,3,0,0,0,0,0,,
N120a,123,3,衣笠,きぬがさ,青葉型,2,重巡洋艦,,37,30,54,26,37,12,59,33,69,16,59,6,0,0,高速,11,39,中,20,69,35,50,3,2,2,2,0,0,衣笠改(25),
N120b,295,4,衣笠改,きぬがさかい,青葉型,2,重巡洋艦,,49,,66,,64,,59,38,75,,59,8,0,0,高速,12,49,中,10,59,35,60,4,2,2,2,2,0,衣笠改二(55),
N121,296,5,千歳航改二,ちとせこうかいに,千歳型,1,軽空母,,58,0,34,,65,0,0,38,69,30,72,59,0,0,高速,42,79,短,13,59,45,40,4,24,16,11,8,0,,
N122,297,5,千代田航改二,ちよだこうかいに,千歳型,2,軽空母,,58,0,34,,65,0,0,38,69,30,72,59,0,0,高速,42,79,短,13,59,45,40,4,24,16,11,8,0,,
N123a,191,3,伊19,い19|いく,巡潜乙型,3,潜水艦,,14,2,9,4,18,36,79,12,36,0,0,0,0,0,低速,10,39,短,12,49,10,20,1,0,0,0,0,0,伊19改(50),
N123b,401,4,伊19改,い19かい|いく,巡潜乙型,3,潜水空母,,18,,12,,19,,89,13,49,0,0,2,0,0,低速,15,39,短,13,59,10,25,2,1,1,0,0,0,,
N124,124,3,鈴谷,すずや,最上型,3,重巡洋艦,,40,40,59,30,59,18,69,31,62,18,59,6,0,0,高速,14,39,中,5,49,40,65,3,2,2,2,0,0,鈴谷改(35),
N125,125,3,熊野,くまの,最上型,4,重巡洋艦,,40,40,59,30,59,18,69,31,62,18,59,6,0,0,高速,14,39,中,5,49,40,65,3,2,2,2,0,0,熊野改(35),
N126a,126,2,伊168,い168|いむや,海大VI型,1,潜水艦,,10,2,7,3,17,24,59,15,39,0,0,0,0,0,低速,9,29,短,10,49,10,20,1,0,0,0,0,0,伊168改(50),
N126b,398,3,伊168改,い168かい|いむや,海大VI型,1,潜水艦,,15,,11,,18,,69,16,49,0,0,0,0,0,低速,10,29,短,10,49,10,20,2,0,0,0,0,0,,
N127a,127,3,伊58,い58|ごーや,巡潜乙型改二,3,潜水艦,,14,2,9,4,19,30,69,13,36,0,0,0,0,0,低速,10,39,短,40,79,10,20,1,0,0,0,0,0,伊58改(50),
N127b,399,4,伊58改,い58かい|ごーや,巡潜乙型改二,3,潜水空母,,18,,12,,19,,84,15,49,0,0,2,0,0,低速,15,39,短,50,79,10,25,2,1,1,0,0,0,,
N128a,128,4,伊8,い8|はっちゃん,巡潜3型,2,潜水艦,,15,2,9,4,19,30,69,14,37,0,0,0,0,0,低速,12,39,短,20,59,10,20,1,0,0,0,0,0,伊8改(50),
N128b,400,5,伊8改,い8かい|はっちゃん,巡潜3型,2,潜水空母,,19,,14,,19,,84,15,49,0,0,2,0,0,低速,16,39,短,25,69,10,25,2,1,1,0,0,0,,
N129,129,4,鈴谷改,すずやかい,最上型,3,航空巡洋艦,,50,24,75,,72,18,69,34,69,20,59,22,0,0,高速,22,59,中,10,69,50,55,4,5,6,5,6,0,鈴谷改二(84),
N130,130,4,熊野改,くまのかい,最上型,4,航空巡洋艦,,50,24,75,,72,18,69,34,69,20,59,22,0,0,高速,22,59,中,10,69,50,55,4,5,6,5,6,0,熊野改二(84),
N131,131,7,大和,やまと,大和型,1,戦艦,,93,96,129,88,108,0,0,27,59,50,94,28,0,0,低速,15,39,超長,12,79,250,300,4,7,7,7,7,0,大和改(60),
N132a,132,3,秋雲,あきぐも,陽炎型,19,駆逐艦,,16,10,29,6,19,24,69,45,79,9,39,0,24,49,高速,6,19,短,14,49,15,20,2,0,0,0,0,0,秋雲改(30),
N132b,301,4,秋雲改,あきぐもかい,陽炎型,19,駆逐艦,,32,,44,,49,,79,47,89,,59,0,27,64,高速,8,39,短,15,59,15,20,3,0,0,0,0,0,秋雲改二(74),2020/10/23
N133a,133,3,夕雲,ゆうぐも,夕雲型,1,駆逐艦,,16,10,30,6,19,24,69,47,80,9,39,0,27,52,高速,6,19,短,12,49,15,20,2,0,0,0,0,0,夕雲改(30),
N133b,302,4,夕雲改,ゆうぐもかい,夕雲型,1,駆逐艦,,32,,50,,49,,80,48,90,,50,0,29,67,高速,9,42,短,12,59,15,20,3,0,0,0,0,0,夕雲改二(75),
N134a,134,3,巻雲,まきぐも,夕雲型,2,駆逐艦,,16,10,30,6,19,24,69,47,80,9,39,0,27,52,高速,6,19,短,11,49,15,20,2,0,0,0,0,0,巻雲改(30),
N134b,303,4,巻雲改,まきぐもかい,夕雲型,2,駆逐艦,,32,,50,,49,,80,48,90,,50,0,29,67,高速,9,42,短,12,59,15,20,3,0,0,0,0,0,巻雲改二(75),
N135a,135,3,長波,ながなみ,夕雲型,4,駆逐艦,,16,10,30,6,19,24,69,47,80,9,39,0,27,52,高速,6,19,短,13,49,15,20,2,0,0,0,0,0,長波改(30),
N135b,304,4,長波改,ながなみかい,夕雲型,4,駆逐艦,,32,,50,,49,,80,48,90,,50,0,29,67,高速,9,42,短,14,59,15,20,3,0,0,0,0,0,長波改二(75),
N136,136,7,大和改,やまとかい,大和型,1,戦艦,,96,92,142,,118,0,0,28,64,68,104,29,0,0,低速,17,39,超長,13,88,250,325,4,7,7,7,8,0,大和改二(88),2021/08/05
N137a,137,4,阿賀野,あがの,阿賀野型,1,軽巡洋艦,,30,20,42,17,32,24,72,37,72,17,60,6,25,70,高速,12,45,中,10,49,30,35,3,2,2,2,0,0,阿賀野改(35),
N137b,305,5,阿賀野改,あがのかい,阿賀野型,1,軽巡洋艦,,45,,68,,69,,79,42,80,,73,6,26,82,高速,14,59,中,10,59,30,40,3,2,2,2,0,0,,2020/11/15
N138a,138,4,能代,のしろ,阿賀野型,2,軽巡洋艦,,30,20,42,17,32,24,72,37,72,17,60,6,25,70,高速,12,45,中,10,49,30,35,3,2,2,2,0,0,能代改(35),
N138b,306,5,能代改,のしろかい,阿賀野型,2,軽巡洋艦,,45,,70,,69,,79,42,80,,72,6,26,82,高速,14,59,中,10,64,30,40,3,2,2,2,0,0,能代改二(85),2021/02/14
N139a,139,5,矢矧,やはぎ,阿賀野型,3,軽巡洋艦,,31,20,42,17,33,24,72,38,72,17,63,6,25,70,高速,13,45,中,13,59,30,35,3,2,2,2,0,0,矢矧改(35),2021/01/07
N139b,307,7,矢矧改,やはぎかい,阿賀野型,3,軽巡洋艦,,47,,72,,69,,79,43,84,,74,6,26,82,高速,14,59,中,14,69,30,40,3,2,2,2,0,0,矢矧改二(88),2021/04/03
N140a,140,4,酒匂,さかわ,阿賀野型,4,軽巡洋艦,,31,19,41,17,32,23,71,36,72,17,62,6,27,72,高速,12,45,中,20,49,30,35,3,2,2,2,0,0,酒匂改(35),
N140b,314,5,酒匂改,さかわかい,阿賀野型,4,軽巡洋艦,,46,27,67,31,69,23,78,41,81,19,74,6,30,85,高速,14,59,中,30,74,30,40,3,2,2,2,0,0,,2022/02/22
N141,141,4,五十鈴改二,いすずかいに,長良型,2,軽巡洋艦,,44,18,62,,69,24,79,42,80,45,85,0,54,94,高速,15,59,短,13,70,25,30,3,0,0,0,0,0,,2021/09/30
N142,142,5,衣笠改二,きぬがさかいに,青葉型,2,重巡洋艦,,53,38,78,,73,24,78,38,79,22,66,8,0,0,高速,13,58,中,13,65,35,65,4,2,2,2,2,0,,2021/09/30
N143,143,7,武蔵,むさし,大和型,2,戦艦,,94,96,129,88,108,0,0,27,59,50,94,28,0,0,低速,16,40,超長,10,79,250,300,4,7,7,7,7,0,武蔵改(40),
N144,144,5,夕立改二,ゆうだちかいに,白露型,4,駆逐艦,,31,17,73,,52,37,93,46,89,16,59,0,28,69,高速,12,49,短,20,59,15,20,3,0,0,0,0,0,,
N145,145,5,時雨改二,しぐれかいに,白露型,2,駆逐艦,,31,13,62,,52,28,89,62,94,24,72,0,31,80,高速,9,48,短,50,88,15,20,3,0,0,0,0,0,時雨改三(97),2023/07/04
N146,146,5,木曾改二,きそかいに,球磨型,5,重雷装巡洋艦,,44,18,65,24,65,80,111,45,85,24,72,0,32,82,高速,13,49,中,13,69,25,50,3,0,0,0,0,0,,2020/02/12
N147,147,5,Верный,べーるぬい,暁型,2,駆逐艦,,37,13,58,,58,30,89,47,89,18,65,0,30,77,高速,10,44,短,20,80,15,25,3,0,0,0,0,0,,
N148,148,7,武蔵改,むさしかい,大和型,2,戦艦,,97,92,139,,119,0,0,27,63,60,99,28,0,0,低速,18,40,超長,9,79,250,325,4,7,7,7,7,0,武蔵改二(89),
N149,149,6,金剛改二,こんごうかいに,金剛型,1,戦艦,巡洋戦艦,82,76,98,,94,0,0,37,73,30,87,12,0,0,高速,16,49,長,15,89,100,125,4,3,3,3,3,0,金剛改二丙(92),
N150,150,6,比叡改二,ひえいかいに,金剛型,2,戦艦,巡洋戦艦,83,76,99,,95,0,0,36,72,30,82,12,0,0,高速,16,52,長,13,82,100,125,4,3,3,3,3,0,比叡改二丙(90),2020/04/27
N151,151,6,榛名改二,はるなかいに,金剛型,3,戦艦,巡洋戦艦,81,75,96,,93,0,0,39,76,41,93,12,0,0,高速,17,51,長,41,93,100,125,4,3,3,3,3,0,榛名改二乙(88),2023/02/28
N152,152,6,霧島改二,きりしまかいに,金剛型,4,戦艦,巡洋戦艦,82,78,104,,92,0,0,34,72,30,82,12,0,0,高速,15,49,長,14,84,100,125,4,3,3,3,3,0,,
N153,153,6,大鳳,たいほう,大鳳型,1,装甲空母,,67,0,49,40,79,0,0,33,57,42,79,61,0,0,高速,47,74,短,2,19,70,65,4,18,18,18,7,0,大鳳改(40),
N154a,154,3,香取,かとり,香取型,1,練習巡洋艦,,36,14,28,9,27,12,28,24,49,14,42,3,12,42,低速,10,38,中,10,49,30,15,3,1,1,1,0,0,香取改(35),
N154b,343,4,香取改,かとりかい,香取型,1,練習巡洋艦,,40,,36,,39,,40,26,52,,48,8,22,62,低速,12,48,中,12,54,35,20,4,2,2,2,2,0,,
N155a,155,5,伊401,い401|しおい,潜特型(伊400型潜水艦),2,潜水空母,,20,2,9,5,24,36,72,13,35,0,0,3,0,0,低速,15,45,短,20,59,20,15,1,3,0,0,0,0,伊401改(35),
N155b,403,6,伊401改,い401かい|しおい,潜特型(伊400型潜水艦),2,潜水空母,,24,,19,,24,,80,12,44,0,0,6,0,0,低速,15,45,短,20,59,25,30,2,3,3,0,0,0,,
N156,156,6,大鳳改,たいほうかい,大鳳型,1,装甲空母,,70,0,59,,84,0,0,34,59,45,86,86,0,0,高速,50,77,短,4,39,90,75,4,30,24,24,8,0,,
N157,157,5,龍驤改二,りゅうじょうかいに,龍驤型,1,軽空母,,50,0,40,,62,0,0,36,69,24,48,55,0,0,高速,37,79,短,15,59,40,45,4,18,28,6,3,0,,
N158,158,5,川内改二,せんだいかいに,川内型,1,軽巡洋艦,,49,24,68,,69,26,89,43,84,20,70,3,38,74,高速,16,55,中,14,80,25,35,3,1,1,1,0,0,,2019/10/29
N159,159,5,神通改二,じんつうかいに,川内型,2,軽巡洋艦,,51,27,73,,69,38,98,41,80,18,68,3,40,80,高速,12,54,中,13,79,25,35,3,1,1,1,0,0,,2019/10/29
N160,160,5,那珂改二,なかかいに,川内型,3,軽巡洋艦,,48,22,69,,68,28,84,42,82,24,75,3,48,85,高速,15,54,中,13,84,25,35,3,1,1,1,0,0,,2019/10/29
N161,161,4,あきつ丸,あきつまる,特種船丙型,,揚陸艦,,38,6,19,13,33,0,0,15,39,13,29,0,0,0,低速,3,13,短,10,39,40,10,2,0,0,0,0,0,あきつ丸改(25),
N162,162,3,神威,かもい,神威型,1,補給艦,,36,3,18,6,18,0,0,13,27,8,24,0,0,0,低速,5,15,中,17,67,30,10,3,0,0,0,0,0,神威改(35),
N163a,163,4,まるゆ,まるゆ,三式潜航輸送艇,,潜水艦,,6,1,3,2,9,0,9,9,19,0,0,0,0,0,低速,1,9,短,7,77,10,5,0,0,0,0,0,0,まるゆ改(20),
N163b,402,5,まるゆ改,まるゆかい,三式潜航輸送艇,,潜水艦,,7,,5,,11,,19,9,29,0,0,0,0,0,低速,1,19,短,7,77,10,10,1,0,0,0,0,0,,
N164a,164,3,弥生,やよい,睦月型,3,駆逐艦,,13,6,29,5,18,18,49,37,69,7,29,0,16,39,高速,4,17,短,10,49,15,15,2,0,0,0,0,0,弥生改(20),
N164b,308,4,弥生改,やよいかい,睦月型,3,駆逐艦,,24,,39,,39,,69,40,89,,39,0,18,59,高速,6,39,短,12,59,15,15,3,0,0,0,0,0,,
N165a,165,3,卯月,うづき,睦月型,4,駆逐艦,,13,6,29,5,18,18,49,37,69,7,29,0,16,39,高速,4,17,短,10,49,15,15,2,0,0,0,0,0,卯月改(25),
N165b,309,4,卯月改,うづきかい,睦月型,4,駆逐艦,,24,,34,,39,,69,40,89,,49,0,21,65,高速,6,39,短,14,59,15,15,3,0,0,0,0,0,,
N166,166,5,あきつ丸改,あきつまるかい,特種船丙型,,揚陸艦,,40,8,33,,43,0,0,17,49,15,37,24,0,0,低速,13,59,短,13,49,45,25,3,8,8,8,0,0,,
N167a,167,4,磯風,いそかぜ,陽炎型,12,駆逐艦,,16,10,29,6,19,24,69,44,79,14,44,0,24,49,高速,8,19,短,16,54,15,20,2,0,0,0,0,0,磯風改(45),
N167b,320,5,磯風改,いそかぜかい,陽炎型,12,駆逐艦,,33,,48,,49,,79,47,88,,64,0,27,68,高速,9,49,短,18,81,15,20,3,0,0,0,0,0,磯風乙改(68),
N168a,168,3,浦風,うらかぜ,陽炎型,11,駆逐艦,,16,10,29,6,19,24,69,44,79,10,40,0,24,49,高速,7,19,短,13,49,15,20,2,0,0,0,0,0,浦風改(35),
N168b,317,4,浦風改,うらかぜかい,陽炎型,11,駆逐艦,,32,,48,,49,,79,46,88,,49,0,29,69,高速,8,39,短,13,59,15,20,3,0,0,0,0,0,浦風丁改(69),
N169a,169,3,谷風,たにかぜ,陽炎型,14,駆逐艦,,16,10,29,6,19,24,69,44,79,10,40,0,24,49,高速,7,19,短,14,49,15,20,2,0,0,0,0,0,谷風改(30),
N169b,313,4,谷風改,たにかぜかい,陽炎型,14,駆逐艦,,32,,48,,49,,79,46,88,,49,0,28,69,高速,8,39,短,16,59,15,20,3,0,0,0,0,0,谷風丁改(70),
N170a,170,3,浜風,はまかぜ,陽炎型,13,駆逐艦,,16,10,29,6,19,24,69,44,79,13,42,0,24,49,高速,6,19,短,15,49,15,20,2,0,0,0,0,0,浜風改(30),
N170b,312,4,浜風改,はまかぜかい,陽炎型,13,駆逐艦,,32,,48,,49,,79,46,88,,60,0,27,68,高速,8,39,短,17,59,15,20,3,0,0,0,0,0,浜風乙改(67),
N171,171,6,Bismarck,びすまるく,Bismarck級,1,戦艦,巡洋戦艦,90,64,88,67,83,0,0,33,63,18,48,16,0,0,高速,16,42,長,8,69,90,110,4,4,4,4,4,0,Bismarck改(30),
N172,172,6,Bismarck改,びすまるくかい,Bismarck級,1,戦艦,巡洋戦艦,94,70,93,,93,0,0,38,69,24,58,16,0,0,高速,18,52,長,10,79,95,115,4,4,4,4,4,0,Bismarck zwei(50),
N173,173,6,Bismarck zwei,びすまるくつゔぁい,Bismarck級,1,戦艦,巡洋戦艦,96,70,97,,94,0,0,38,72,25,62,16,0,0,高速,19,54,長,20,82,105,135,4,4,4,4,4,0,Bismarck drei(75),
N174a,174,4,Z1,れーべれひとまーす,Z1型,1,駆逐艦,,18,8,26,8,22,24,60,36,76,12,42,0,32,64,高速,6,24,短,6,39,20,20,3,0,0,0,0,0,Z1改(30),
N174b,310,5,Z1改,れーべれひとまーすかい,Z1型,1,駆逐艦,,33,,45,,45,,70,41,79,,45,0,36,69,高速,8,42,短,12,49,20,25,3,0,0,0,0,0,Z1 zwei(70),
N175a,175,4,Z3,まっくすしゅるつ,Z1型,3,駆逐艦,,18,8,26,8,22,24,60,36,76,12,42,0,32,64,高速,6,24,短,6,39,20,20,3,0,0,0,0,0,Z3改(30),
N175b,311,5,Z3改,まっくすしゅるつかい,Z1型,3,駆逐艦,,33,,45,,45,,70,41,79,,45,0,36,69,高速,8,42,短,12,49,20,25,3,0,0,0,0,0,Z3 zwei(70),
N176,176,5,Prinz Eugen,ぷりんつおいげん,Admiral Hipper級,3,重巡洋艦,,50,38,56,32,64,32,64,34,68,16,44,9,0,0,高速,15,40,中,30,79,50,70,3,3,3,3,0,0,Prinz Eugen改(45),
N177,177,6,Prinz Eugen改,ぷりんつおいげんかい,Admiral Hipper級,3,重巡洋艦,,63,48,75,,82,40,84,40,74,18,60,12,0,0,高速,16,50,中,40,89,55,75,4,3,3,3,3,0,,
N178,178,7,Bismarck drei,びすまるくどらい,Bismarck級,1,戦艦,巡洋戦艦,96,74,99,,95,16,36,40,74,35,70,16,0,0,高速,22,59,長,22,84,110,155,4,4,4,4,4,0,,
N179,179,6,Z1 zwei,れーべれひとまーすつゔぁい,Z1型,1,駆逐艦,,35,12,49,,53,27,71,43,84,20,64,0,37,69,高速,9,43,短,15,49,20,25,3,0,0,0,0,0,,
N180,180,6,Z3 zwei,まっくすしゅるつつゔぁい,Z1型,3,駆逐艦,,35,10,47,,53,27,71,43,84,24,68,0,37,69,高速,9,43,短,15,49,20,25,3,0,0,0,0,0,,
N181a,181,5,天津風,あまつかぜ,陽炎型,9,駆逐艦,,18,10,29,7,25,28,79,48,89,22,53,0,26,54,高速,8,19,短,18,59,20,20,3,0,0,0,0,0,天津風改(20),
N181b,316,6,天津風改,あまつかぜかい,陽炎型,9,駆逐艦,,34,,49,,61,,84,50,94,,63,0,28,59,高速,9,39,短,17,69,20,20,3,0,0,0,0,0,,
N182,182,5,明石,あかし,明石型,,工作艦,,39,4,14,7,19,0,0,8,29,10,24,0,0,0,低速,1,5,短,10,39,50,10,3,0,0,0,0,0,明石改(35),
N183a,183,5,大淀,おおよど,大淀型,1,軽巡洋艦,,34,24,48,19,34,0,39,35,70,18,62,12,0,39,高速,24,80,中,24,69,35,30,3,0,6,6,0,0,大淀改(35),
N183b,321,6,大淀改,おおよどかい,大淀型,1,軽巡洋艦,,47,,71,,69,,49,40,78,,77,12,0,39,高速,28,84,中,30,84,35,35,4,0,6,6,0,0,,2023/02/28
N184,184,3,大鯨,たいげい,大鯨型,1,潜水母艦,,39,5,15,15,37,0,0,24,39,16,36,8,0,0,低速,24,48,短,20,59,35,10,3,2,3,3,0,0,龍鳳(25),
N185,185,4,龍鳳,りゅうほう,龍鳳型,1,軽空母,,39,0,20,,38,0,0,27,49,24,48,31,0,0,低速,28,64,短,20,69,35,35,3,18,7,6,0,0,龍鳳改(50),
N186a,186,4,時津風,ときつかぜ,陽炎型,10,駆逐艦,,16,10,29,6,19,24,69,44,79,10,40,0,24,49,高速,7,19,短,13,49,15,20,2,0,0,0,0,0,時津風改(30),
N186b,322,5,時津風改,ときつかぜかい,陽炎型,10,駆逐艦,,32,,48,,49,,79,46,88,,49,0,26,64,高速,8,39,短,12,59,15,20,3,0,0,0,0,0,,
N187,187,6,明石改,あかしかい,明石型,,工作艦,,45,6,24,,27,0,0,10,39,16,36,0,0,0,低速,2,6,短,12,49,55,15,4,0,0,0,0,0,,
N188,188,6,利根改二,とねかいに,利根型,1,航空巡洋艦,,59,46,78,,80,32,82,42,83,32,84,19,0,0,高速,30,93,中,15,77,50,65,4,2,2,9,6,0,,2023/06/05
N189,189,6,筑摩改二,ちくまかいに,利根型,2,航空巡洋艦,,58,46,79,,79,33,83,42,80,33,85,19,0,0,高速,30,94,中,14,70,50,65,4,2,2,9,6,0,,2022/02/22
N190,318,5,龍鳳改,りゅうほうかい,龍鳳型,1,軽空母,,48,0,32,,57,0,0,30,62,28,62,45,0,0,低速,30,74,短,24,79,35,40,4,21,9,9,6,0,龍鳳改二戊(80),2021/05/05
N191,319,5,妙高改二,みょうこうかいに,妙高型,1,重巡洋艦,,56,50,81,,79,36,88,47,87,28,80,12,0,0,高速,19,61,中,32,80,45,75,4,2,2,4,4,0,,2021/04/03
N192,192,5,那智改二,なちかいに,妙高型,2,重巡洋艦,,56,50,81,,78,34,85,44,83,33,83,12,0,0,高速,20,63,中,18,71,45,75,4,2,2,4,4,0,,2021/04/03
N193,193,5,足柄改二,あしがらかいに,妙高型,3,重巡洋艦,,56,53,84,,79,34,84,44,85,26,77,12,0,0,高速,17,57,中,20,75,45,75,4,2,2,4,4,0,,2021/04/03
N194,194,5,羽黒改二,はぐろかいに,妙高型,4,重巡洋艦,,57,52,84,,78,34,84,45,86,24,76,12,0,0,高速,18,58,中,19,74,45,75,4,2,2,4,4,0,,2021/04/03
N195,195,5,綾波改二,あやなみかいに,綾波型,1,駆逐艦,,32,17,74,,54,30,88,50,90,16,52,0,25,63,高速,13,49,短,40,84,15,20,3,0,0,0,0,0,,
N196,196,7,飛龍改二,ひりゅうかいに,飛龍型,1,正規空母,,67,0,67,,76,0,0,40,86,33,82,81,0,0,高速,52,89,短,50,93,70,75,4,18,36,23,4,0,,2022/02/22
N197,197,6,蒼龍改二,そうりゅうかいに,蒼龍型,1,正規空母,,67,0,63,,75,0,0,36,74,34,84,81,0,0,高速,55,93,短,15,60,70,75,4,18,35,21,7,0,,2022/02/22
N198,198,5,霰改二,あられかいに,朝潮型,9,駆逐艦,,31,16,66,,53,32,87,46,91,20,63,0,33,81,高速,11,53,短,15,68,15,20,3,0,0,0,0,0,,
N199,199,5,大潮改二,おおしおかいに,朝潮型,2,駆逐艦,,31,17,67,,51,33,90,47,90,20,62,0,26,64,高速,12,54,短,17,69,15,20,3,0,0,0,0,0,,
N200,200,6,阿武隈改二,あぶくまかいに,長良型,6,軽巡洋艦,,45,16,56,,68,34,94,45,83,35,78,3,48,82,高速,16,60,短,20,74,25,35,3,1,1,1,0,0,,
N201,404,5,雲龍,うんりゅう,雲龍型,1,正規空母,,48,0,27,26,52,0,0,32,59,28,72,51,0,0,高速,40,72,短,10,49,50,45,4,18,24,3,6,0,雲龍改(50),
N202,331,5,天城,あまぎ,雲龍型,2,正規空母,,48,0,25,26,51,0,0,33,59,27,72,51,0,0,高速,38,74,短,13,59,50,45,4,18,24,3,6,0,天城改(50),
N203,332,5,葛城,かつらぎ,雲龍型,3,正規空母,,48,0,25,27,52,0,0,34,59,27,72,51,0,0,高速,36,70,短,20,69,50,45,4,18,24,3,6,0,葛城改(50),
N204,326,5,初春改二,はつはるかいに,初春型,1,駆逐艦,,31,13,55,,51,32,90,48,90,23,73,0,30,69,高速,10,45,短,16,59,15,20,3,0,0,0,0,0,,2019/10/29
N205a,405,3,春雨,はるさめ,白露型,5,駆逐艦,,16,10,29,6,19,24,69,43,79,9,39,0,21,49,高速,5,19,短,10,49,15,20,2,0,0,0,0,0,春雨改(30),
N205b,323,4,春雨改,はるさめかい,白露型,5,駆逐艦,,30,,49,,49,,79,45,89,,49,0,24,59,高速,7,39,短,12,59,15,20,3,0,0,0,0,0,,
N206,406,6,雲龍改,うんりゅうかい,雲龍型,1,正規空母,,60,0,48,,77,0,0,35,72,32,78,69,0,0,高速,48,82,短,12,59,50,55,4,18,21,27,3,0,,
N207,407,5,潮改二,うしおかいに,綾波型,10,駆逐艦,,33,10,59,,59,25,84,65,95,24,81,0,32,75,高速,11,48,短,32,92,15,20,3,0,0,0,0,0,,2023/02/28
N208,408,5,隼鷹改二,じゅんようかいに,飛鷹型,2,軽空母,,55,0,40,,62,0,0,41,84,36,74,66,0,0,低速,44,79,短,41,84,45,50,4,24,18,20,4,0,,
N209a,409,3,早霜,はやしも,夕雲型,17,駆逐艦,,16,10,30,6,19,24,69,47,80,9,39,0,27,52,高速,6,19,短,11,49,15,20,2,0,0,0,0,0,早霜改(30),
N209b,324,4,早霜改,はやしもかい,夕雲型,17,駆逐艦,,32,,50,,49,,80,48,90,,50,0,29,67,高速,9,42,短,12,59,15,20,3,0,0,0,0,0,,
N210a,410,3,清霜,きよしも,夕雲型,19,駆逐艦,,16,10,30,6,19,24,69,47,80,9,39,0,27,52,高速,6,19,短,12,49,15,20,2,0,0,0,0,0,清霜改(30),
N210b,325,4,清霜改,きよしもかい,夕雲型,19,駆逐艦,,32,,51,,49,,80,48,90,,50,0,29,67,高速,9,42,短,13,59,15,20,3,0,0,0,0,0,,2022/12/27
N211,411,5,扶桑改二,ふそうかいに,扶桑型,1,航空戦艦,,77,80,99,,90,0,0,34,69,44,88,40,8,28,低速,22,59,長,13,69,105,140,4,4,4,9,23,0,,
N212,412,5,山城改二,やましろかいに,扶桑型,2,航空戦艦,,77,80,98,73,91,0,0,35,69,43,87,40,8,29,低速,23,59,長,14,70,105,140,4,4,4,9,23,0,,
N213a,413,3,朝雲,あさぐも,朝潮型,5,駆逐艦,,16,10,29,6,19,24,69,43,79,9,39,0,21,49,高速,5,19,短,8,49,15,20,2,0,0,0,0,0,朝雲改(35),
N213b,327,4,朝雲改,あさぐもかい,朝潮型,5,駆逐艦,,31,,50,,49,,79,46,90,,49,0,24,60,高速,8,40,短,12,59,15,20,3,0,0,0,0,0,,
N214a,414,3,山雲,やまぐも,朝潮型,6,駆逐艦,,16,10,29,6,19,24,69,43,79,9,39,0,23,50,高速,5,19,短,7,49,15,20,2,0,0,0,0,0,山雲改(35),
N214b,328,4,山雲改,やまぐもかい,朝潮型,6,駆逐艦,,31,,49,,48,,80,46,89,,50,0,27,65,高速,8,40,短,11,58,15,20,3,0,0,0,0,0,,
N215a,415,4,野分,のわき,陽炎型,15,駆逐艦,,16,10,29,6,19,24,69,44,79,12,44,0,24,49,高速,8,19,短,14,49,15,20,2,0,0,0,0,0,野分改(35),
N215b,329,5,野分改,のわきかい,陽炎型,15,駆逐艦,,32,,48,,49,,79,46,88,,49,0,28,68,高速,8,39,短,13,59,15,20,3,0,0,0,0,0,,
N216,416,5,古鷹改二,ふるたかかいに,古鷹型,1,重巡洋艦,,53,39,77,,72,24,75,39,77,22,64,8,0,0,高速,13,54,中,14,64,35,65,4,2,2,2,2,0,,
N217,417,5,加古改二,かこかいに,古鷹型,2,重巡洋艦,,52,40,78,,72,25,77,38,76,24,65,8,0,0,高速,14,55,中,12,62,35,65,4,2,2,2,2,0,,
N218,418,5,皐月改二,さつきかいに,睦月型,5,駆逐艦,,28,8,42,,45,27,78,60,96,40,82,0,30,81,高速,10,45,短,20,79,15,15,3,0,0,0,0,0,,
N219,419,5,初霜改二,はつしもかいに,初春型,4,駆逐艦,,32,12,63,,55,28,85,64,95,35,81,0,28,72,高速,11,49,短,53,100,15,20,3,0,0,0,0,0,,2022/12/27
N220,420,5,叢雲改二,むらくもかいに,吹雪型,5,駆逐艦,,31,14,57,,51,32,89,50,90,27,74,0,28,69,高速,9,42,短,16,60,15,20,3,0,0,0,0,0,,2022/02/22
N221a,421,5,秋月,あきづき,秋月型,1,駆逐艦,,20,16,48,9,27,16,48,47,84,70,104,0,27,63,高速,9,29,短,10,59,20,25,3,0,0,0,0,0,秋月改(40),
N221b,330,6,秋月改,あきづきかい,秋月型,1,駆逐艦,,37,,57,,53,,54,48,88,,116,0,30,72,高速,10,49,短,12,69,20,25,3,0,0,0,0,0,,
N222a,422,5,照月,てるづき,秋月型,2,駆逐艦,,20,16,49,9,26,16,49,47,83,70,103,0,27,63,高速,9,29,短,9,49,20,25,3,0,0,0,0,0,照月改(40),
N222b,346,6,照月改,てるづきかい,秋月型,2,駆逐艦,,37,,58,,52,,56,48,87,,114,0,30,72,高速,10,49,短,11,59,20,25,3,0,0,0,0,0,,
N223a,423,5,初月,はつづき,秋月型,4,駆逐艦,,20,18,50,9,28,15,47,48,85,70,101,0,26,62,高速,8,28,短,7,47,20,25,3,0,0,0,0,0,初月改(40),
N223b,357,6,初月改,はつづきかい,秋月型,4,駆逐艦,,37,,60,,54,,54,49,89,,110,0,30,72,高速,10,49,短,8,71,20,25,3,0,0,0,0,0,,
N224a,424,3,高波,たかなみ,夕雲型,6,駆逐艦,,16,10,30,6,19,24,69,47,80,9,39,0,27,52,高速,9,24,短,8,44,15,20,2,0,0,0,0,0,高波改(30),
N224b,345,4,高波改,たかなみかい,夕雲型,6,駆逐艦,,32,,51,,49,,80,48,90,,50,0,29,67,高速,13,54,短,10,57,15,20,3,0,0,0,0,0,高波改二(79),2021/06/07
N225a,425,3,朝霜,あさしも,夕雲型,16,駆逐艦,,16,10,29,6,19,24,68,47,80,9,44,0,35,64,高速,6,19,短,16,59,15,20,2,0,0,0,0,0,朝霜改(45),
N225b,344,4,朝霜改,あさしもかい,夕雲型,16,駆逐艦,,33,,50,,51,,78,49,92,,62,0,35,79,高速,10,43,短,18,74,15,20,3,0,0,0,0,0,朝霜改二(77),
N226,426,5,吹雪改二,ふぶきかいに,吹雪型,1,駆逐艦,,31,15,59,,51,30,88,49,92,35,78,0,26,68,高速,14,54,短,18,79,15,20,3,0,0,0,0,0,,2022/02/22
N227,427,5,鳥海改二,ちょうかいかいに,高雄型,4,重巡洋艦,,57,55,86,,78,35,86,41,80,24,70,12,0,0,高速,22,62,中,19,68,45,80,4,3,3,3,3,0,,2019/10/29
N228,428,5,摩耶改二,まやかいに,高雄型,3,重巡洋艦,,57,42,77,,78,34,84,42,81,72,106,12,0,0,高速,16,55,中,14,64,45,80,4,3,3,3,3,0,,
N229,429,6,天城改,あまぎかい,雲龍型,2,正規空母,,60,0,45,,76,0,0,36,73,33,79,69,0,0,高速,46,80,短,17,69,50,55,4,18,21,27,3,0,,
N230,430,6,葛城改,かつらぎかい,雲龍型,3,正規空母,,60,0,45,,78,0,0,37,75,32,78,69,0,0,高速,44,78,短,30,79,50,55,4,18,21,27,3,0,,
N231a,431,4,U-511,ゆー511|ゆーちゃん,UボートIXC型,,潜水艦,,8,2,8,4,16,22,58,18,44,0,0,0,0,0,低速,8,28,短,30,63,10,20,1,0,0,0,0,0,U-511改(35),
N231b,334,5,U-511改,ゆー511かい|ゆーちゃん,UボートIXC型,,潜水艦,,13,,12,,20,,64,20,59,0,0,0,0,0,低速,9,29,短,34,67,10,20,2,0,0,0,0,0,呂500(55),
N232,432,6,Graf Zeppelin,ぐらーふつぇっぺりん,Graf Zeppelin級,1,正規空母,,70,10,40,29,57,0,0,29,49,40,70,43,0,0,高速,40,69,中,4,39,55,65,3,20,13,10,0,0,Graf Zeppelin改(50),
N232b,353,6,Graf Zeppelin改,ぐらーふつぇっぺりんかい,Graf Zeppelin級,1,正規空母,,78,,52,,81,0,0,29,69,,80,56,0,0,高速,46,75,中,7,48,70,80,4,30,13,10,3,0,,2021/07/18
N233,433,5,Saratoga,さらとが,Lexington級,2,正規空母,,83,30,45,40,63,0,0,21,42,36,73,80,0,0,高速,40,68,中,25,75,65,70,4,27,19,19,15,0,Saratoga改(40),
N234,434,5,睦月改二,むつきかいに,睦月型,1,駆逐艦,,27,10,45,,43,28,79,51,90,16,56,0,28,69,高速,8,43,短,14,64,15,15,3,0,0,0,0,0,,
N235,435,5,如月改二,きさらぎかいに,睦月型,2,駆逐艦,,27,10,46,,43,28,80,50,91,18,57,0,27,69,高速,9,44,短,13,60,15,15,3,0,0,0,0,0,,
N236,436,6,呂500,ろ500|ろーちゃん,呂号潜水艦,,潜水艦,,13,4,13,,21,30,69,24,68,0,0,0,0,0,低速,12,34,短,44,77,10,20,2,0,0,0,0,0,,
N237,437,5,暁改二,あかつきかいに,暁型,1,駆逐艦,,31,14,62,,50,32,90,46,89,19,59,0,28,66,高速,17,60,短,15,67,15,20,3,0,0,0,0,0,,
N238,438,6,Saratoga改,さらとがかい,Lexington級,2,正規空母,,88,0,53,,83,0,0,23,53,52,93,90,0,0,高速,48,80,短,35,85,85,90,4,36,18,18,18,0,Saratoga Mk.II(85),
N239a,439,6,Warspite,うぉーすぱいと,Queen Elizabeth級,2,戦艦,,72,72,92,72,91,0,0,26,54,38,88,12,0,0,低速,14,48,長,55,89,90,110,4,3,3,3,3,0,Warspite改(75),
N239b,364,6,Warspite改,うぉーすぱいとかい,Queen Elizabeth級,2,戦艦,,82,,107,,93,0,0,28,67,,98,12,0,0,低速,20,60,長,70,117,90,110,4,3,3,3,3,0,,2021/08/05
N240a,440,6,Iowa,あいおわ,Iowa級,1,戦艦,巡洋戦艦,84,85,105,79,95,0,0,34,67,70,96,16,0,0,高速,24,64,長,35,89,200,250,4,4,4,4,4,0,Iowa改(50),
N240b,360,7,Iowa改,あいおわかい,Iowa級,1,戦艦,巡洋戦艦,92,,116,,107,0,0,36,70,,120,16,0,0,高速,30,71,長,40,99,200,275,4,4,4,4,4,0,,2020/08/29
N241,441,5,Littorio,りっとりお,V.Veneto級,2,戦艦,巡洋戦艦,88,78,97,72,86,0,0,28,54,40,72,12,0,0,高速,15,44,超長,20,69,130,150,4,3,3,3,3,0,Italia(35),
N242,442,5,Roma,ろーま,V.Veneto級,4,戦艦,巡洋戦艦,88,79,98,71,85,0,0,27,52,44,74,12,0,0,高速,17,46,超長,6,39,130,150,4,3,3,3,3,0,Roma改(35),
N243a,443,5,Libeccio,りべっちお,Maestrale級,3,駆逐艦,,15,9,27,7,18,22,58,48,82,11,41,0,30,60,高速,7,20,短,12,59,15,20,2,0,0,0,0,0,Libeccio改(30),
N243b,347,6,Libeccio改,りべっちお,Maestrale級,3,駆逐艦,,29,,48,,50,,72,50,92,,59,0,40,80,高速,10,46,短,16,69,15,20,3,0,0,0,0,0,,
N244a,444,6,Aquila,あくいら|あくぃら,Aquila級,1,正規空母,,38,0,14,18,38,0,0,34,58,18,48,51,0,0,高速,30,52,短,5,29,40,45,3,10,26,15,0,0,Aquila改(45),
N244b,365,6,Aquila改,あくいらかい|あくぃらかい,Aquila級,1,正規空母,,48,,31,,58,0,0,30,73,,72,66,0,0,高速,36,72,短,7,49,45,55,4,15,26,15,10,0,,2021/07/18
N245,445,6,秋津洲,あきつしま,秋津洲型,1,水上機母艦,,32,6,18,9,25,0,0,32,57,12,36,2,0,0,低速,22,42,短,12,59,50,10,2,1,1,0,0,0,秋津洲改(35),
N246,446,6,Italia,いたりあ,V.Veneto級,2,戦艦,巡洋戦艦,92,81,102,,92,0,0,35,76,40,90,12,0,0,高速,17,52,超長,30,79,140,170,4,3,3,3,3,0,,
N247,447,6,Roma改,ろーまかい,V.Veneto級,4,戦艦,巡洋戦艦,92,82,105,,90,0,0,32,71,46,94,12,0,0,高速,17,52,超長,8,57,140,170,4,3,3,3,3,0,,2021/01/07
N248a,448,5,Zara,ざら,Zara級,1,重巡洋艦,,42,36,58,36,54,0,28,33,59,18,62,6,0,0,高速,10,36,長,10,48,45,60,3,2,2,2,0,0,Zara改(40),
N248b,358,6,Zara改,ざらかい,Zara級,1,重巡洋艦,,56,,75,,78,,40,37,72,,72,8,0,0,高速,12,46,長,12,56,45,65,4,2,2,2,2,0,Zara due(88),
N249a,449,5,Pola,ぽーら,Zara級,3,重巡洋艦,,42,35,59,35,53,0,32,32,58,16,64,6,0,0,高速,9,35,長,9,49,45,60,3,2,2,2,0,0,Pola改(40),
N249b,361,6,Pola改,ぽーらかい,Zara級,3,重巡洋艦,,56,,77,,77,,44,36,71,,73,8,0,0,高速,11,47,長,11,57,45,65,4,2,2,2,2,0,,
N250,450,6,秋津洲改,あきつしまかい,秋津洲型,1,水上機母艦,,36,8,28,,42,0,0,35,64,16,44,3,0,0,低速,24,54,短,14,72,60,15,3,1,1,1,0,0,,
N251a,451,4,瑞穂,みずほ,瑞穂型,1,水上機母艦,,41,12,36,19,42,0,32,19,37,16,32,24,0,0,低速,36,74,短,8,39,35,35,2,12,12,0,0,0,瑞穂改(40),
N251b,348,5,瑞穂改,みずほかい,瑞穂型,1,水上機母艦,,42,,45,,48,,72,24,42,,44,32,0,0,低速,38,94,短,10,54,40,45,3,12,12,8,0,0,,
N252a,452,3,沖波,おきなみ,夕雲型,14,駆逐艦,,16,10,30,6,19,24,69,47,80,9,38,0,28,53,高速,7,21,短,10,49,15,20,2,0,0,0,0,0,沖波改(30),
N252b,359,4,沖波改,おきなみかい,夕雲型,14,駆逐艦,,32,17,50,19,49,42,81,48,90,25,50,0,32,70,高速,9,42,短,12,59,15,20,3,0,0,0,0,0,沖波改二(79),2020/03/25
N253a,453,3,風雲,かざぐも,夕雲型,3,駆逐艦,,16,10,30,6,19,25,70,47,80,10,40,0,27,52,高速,6,19,短,13,54,15,20,2,0,0,0,0,0,風雲改(30),
N253b,349,4,風雲改,かざぐもかい,夕雲型,3,駆逐艦,,32,,50,,49,,81,48,90,,51,0,30,69,高速,9,42,短,14,69,15,20,3,0,0,0,0,0,風雲改二(75),
N254,454,4,嵐,あらし,陽炎型,16,駆逐艦,,16,10,29,6,19,24,69,44,79,9,39,0,28,62,高速,6,19,短,11,49,15,20,2,0,0,0,0,0,嵐改(35),
N254b,354,5,嵐改,あらしかい,陽炎型,16,駆逐艦,,32,,49,,49,,79,46,87,,49,0,30,70,高速,8,39,短,12,63,15,20,3,0,0,0,0,0,,
N255,455,4,萩風,はぎかぜ,陽炎型,17,駆逐艦,,16,11,30,6,19,24,69,44,79,9,39,0,26,59,高速,6,19,短,11,49,15,20,2,0,0,0,0,0,萩風改(35),
N255b,355,5,萩風改,はぎかぜかい,陽炎型,17,駆逐艦,,32,,50,,49,,79,46,87,,49,0,28,68,高速,8,39,短,12,63,15,20,3,0,0,0,0,0,,
N256a,456,4,親潮,おやしお,陽炎型,4,駆逐艦,,16,10,30,6,19,24,68,44,79,9,37,0,23,47,高速,8,19,短,13,50,15,20,2,0,0,0,0,0,親潮改(35),
N256b,362,5,親潮改,おやしおかい,陽炎型,4,駆逐艦,,32,,50,,49,,78,46,87,,48,0,27,67,高速,9,40,短,14,64,15,20,3,0,0,0,0,0,親潮改二(74),2021/10/17
N257,457,3,山風,やまかぜ,白露型,8,駆逐艦,,16,11,31,6,19,24,69,42,77,8,38,0,19,42,高速,5,18,短,6,39,15,20,2,0,0,0,0,0,山風改(45),
N257b,369,4,山風改,やまかぜかい,白露型,8,駆逐艦,,30,,51,,48,,82,44,88,,49,0,30,73,高速,7,42,短,8,59,15,20,3,0,0,0,0,0,山風改二(83),2021/09/30
N258a,458,3,海風,うみかぜ,白露型,7,駆逐艦,,16,10,29,6,19,24,69,44,79,10,40,0,23,50,高速,6,19,短,10,49,15,20,2,0,0,0,0,0,海風改(30),
N258b,350,4,海風改,うみかぜかい,白露型,7,駆逐艦,,30,,49,,49,,79,46,89,,50,0,27,63,高速,8,40,短,13,64,15,20,3,0,0,0,0,0,海風改二(82),
N259a,459,3,江風,かわかぜ,白露型,9,駆逐艦,,16,10,29,6,19,25,70,44,79,9,39,0,21,49,高速,6,19,短,10,49,15,20,2,0,0,0,0,0,江風改(30),
N259b,351,4,江風改,かわかぜかい,白露型,9,駆逐艦,,30,,49,,49,,80,46,89,,49,0,24,59,高速,8,40,短,12,59,15,20,3,0,0,0,0,0,江風改二(75),
N260a,460,5,速吸,はやすい,改風早型,1,補給艦,,43,4,22,3,15,0,0,9,28,10,32,7,5,20,低速,15,40,短,7,39,100,15,2,6,1,0,0,0,速吸改(25),
N260b,352,6,速吸改,はやすいかい,改風早型,1,補給艦,,48,,36,,19,0,0,10,33,,48,10,12,36,低速,18,59,短,8,44,120,20,3,6,3,1,0,0,,
N261,461,6,翔鶴改二,しょうかくかいに,翔鶴型,1,正規空母,,77,0,63,,77,0,0,39,84,48,88,93,0,0,高速,53,93,中,20,97,90,85,4,27,27,27,12,0,翔鶴改二甲(88),
N262,462,6,瑞鶴改二,ずいかくかいに,翔鶴型,2,正規空母,,78,0,56,,78,0,0,48,89,54,90,93,0,0,高速,52,92,中,50,99,90,85,4,28,26,26,13,0,瑞鶴改二甲(90),
N263,463,5,朝潮改二,あさしおかいに,朝潮型,1,駆逐艦,,31,18,68,,52,36,92,49,90,22,60,0,26,59,高速,11,57,短,17,70,15,20,3,0,0,0,0,0,朝潮改二丁(85),
N264,464,5,霞改二,かすみかいに,朝潮型,10,駆逐艦,,31,16,65,,52,33,92,52,90,24,72,0,28,68,高速,14,55,短,37,97,15,20,3,0,0,0,0,0,霞改二乙(88),2022/12/27
N265,465,3,鹿島,かしま,香取型,2,練習巡洋艦,,36,13,27,9,27,11,24,25,51,15,46,3,13,43,低速,9,36,中,20,69,30,15,3,1,1,1,0,0,鹿島改(35),
N265b,356,4,鹿島改,かしまかい,香取型,2,練習巡洋艦,,40,,37,,39,,39,27,54,,62,8,24,69,低速,10,50,中,20,79,35,20,4,2,2,2,2,0,,
N266,466,6,翔鶴改二甲,しょうかくかいにこう,翔鶴型,1,装甲空母,,78,0,70,,83,0,0,36,81,48,88,76,0,0,高速,50,90,中,20,97,100,85,4,34,21,12,9,0,翔鶴改二(88),
N267,467,6,瑞鶴改二甲,ずいかくかいにこう,翔鶴型,2,装甲空母,,79,0,65,,84,0,0,44,85,54,90,76,0,0,高速,50,90,中,50,99,100,85,4,34,24,12,6,0,瑞鶴改二(90),
N268,468,6,朝潮改二丁,あさしおかいにてい,朝潮型,1,駆逐艦,,34,12,55,,55,36,86,47,88,30,75,0,45,89,高速,10,55,短,17,70,15,20,3,0,0,0,0,0,朝潮改二(85),
N269,469,5,江風改二,かわかぜかいに,白露型,9,駆逐艦,,31,16,62,,51,38,96,51,89,18,64,0,25,63,高速,13,53,短,19,75,15,20,3,0,0,0,0,0,,
N270,470,6,霞改二乙,かすみかいにおつ,朝潮型,10,駆逐艦,,31,12,61,,52,30,83,56,92,32,82,0,28,68,高速,15,56,短,37,97,15,20,3,0,0,0,0,0,霞改二(88),2022/12/27
N271,471,3,神風,かみかぜ,神風型,1,駆逐艦,,12,5,28,5,17,12,36,39,80,5,26,0,20,60,高速,5,18,短,30,79,15,15,2,0,0,0,0,0,神風改(50),
N272,472,3,朝風,あさかぜ,神風型,2,駆逐艦,,12,5,29,5,17,12,37,37,72,6,27,0,17,55,高速,6,19,短,13,72,15,15,2,0,0,0,0,0,朝風改(50),
N272b,370,4,朝風改,あさかぜかい,神風型,2,駆逐艦,,23,,42,,37,,69,50,88,,52,0,18,68,高速,9,47,短,14,88,15,15,3,0,0,0,0,0,,
N273a,473,3,春風,はるかぜ,神風型,3,駆逐艦,,12,5,27,5,17,12,36,38,74,6,28,0,18,56,高速,4,17,短,25,74,15,15,2,0,0,0,0,0,春風改(50),
N273b,363,4,春風改,はるかぜかい,神風型,3,駆逐艦,,23,,38,,38,,68,55,90,,56,0,22,75,高速,8,46,短,30,89,15,15,3,0,0,0,0,0,,2021/09/30
N274,474,3,松風,まつかぜ,神風型,4,駆逐艦,,12,5,28,5,17,12,38,36,73,5,25,0,21,62,高速,4,18,短,12,70,15,15,2,0,0,0,0,0,松風改(50),
N274b,371,4,松風改,まつかぜかい,神風型,4,駆逐艦,,23,,39,,37,,68,49,87,,50,0,20,70,高速,9,47,短,12,84,15,15,3,0,0,0,0,0,,
N275,475,3,旗風,はたかぜ,神風型,5,駆逐艦,,12,5,29,5,17,12,36,37,75,5,24,0,17,56,高速,4,17,短,17,73,15,15,2,0,0,0,0,0,旗風改(50),2021/01/07
N275b,387,4,旗風改,はたかぜかい,神風型,5,駆逐艦,,23,,40,,37,,68,51,89,,51,0,21,70,高速,8,46,短,18,86,15,15,3,0,0,0,0,0,,
N276,476,5,神風改,かみかぜかい,神風型,1,駆逐艦,,23,8,41,,39,14,69,60,98,14,48,0,24,77,高速,7,42,短,40,99,15,15,3,0,0,0,0,0,,2021/09/30
N277,477,6,天龍改二,てんりゅうかいに,天龍型,1,軽巡洋艦,,42,22,64,,63,0,78,42,82,40,89,3,24,70,高速,12,53,短,17,77,25,25,3,1,1,1,0,0,,
N278,478,6,龍田改二,たつたかいに,天龍型,2,軽巡洋艦,,42,13,50,,63,20,80,42,84,32,80,3,50,82,高速,10,52,短,18,79,25,25,3,1,1,1,0,0,,
N279,479,3,天霧,あまぎり,綾波型,5,駆逐艦,,15,10,30,5,20,27,70,41,80,12,39,0,20,49,高速,5,20,短,11,57,15,20,2,0,0,0,0,0,天霧改(35),
N279b,390,5,天霧改,あまぎりかい,綾波型,5,駆逐艦,,30,,52,,49,,80,45,90,,50,0,24,59,高速,7,39,短,17,77,15,20,3,0,0,0,0,0,天霧改二(84),2022/02/22
N280,480,3,狭霧,さぎり,綾波型,6,駆逐艦,,15,10,29,5,19,27,69,40,79,12,39,0,20,49,高速,5,19,短,6,46,15,20,2,0,0,0,0,0,狭霧改(30),
N280b,391,4,狭霧改,さぎりかい,綾波型,6,駆逐艦,,30,,50,,49,,82,44,88,,49,0,24,59,高速,7,41,短,7,57,15,20,3,0,0,0,0,0,,
N281a,481,3,水無月,みなづき,睦月型,6,駆逐艦,,13,6,29,5,18,18,49,37,69,7,29,0,17,41,高速,4,17,短,13,53,15,15,2,0,0,0,0,0,水無月改(20),
N281b,366,4,水無月改,みなづき,睦月型,6,駆逐艦,,24,,39,,39,,69,40,89,,39,0,19,61,高速,6,39,短,16,66,15,15,3,0,0,0,0,0,,
N283a,483,3,伊26,い26|にむ,巡潜乙型,7,潜水艦,,14,2,9,4,18,32,75,13,37,0,0,0,0,0,低速,10,39,短,14,51,10,20,1,0,0,0,0,0,伊26改(50),
N283b,367,4,伊26改,い26かい|にむ,巡潜乙型,7,潜水空母,,18,,12,,19,,86,14,52,0,0,2,0,0,低速,17,41,短,16,66,10,25,2,1,1,0,0,0,,
N284,484,3,浜波,はまなみ,夕雲型,13,駆逐艦,,16,10,31,6,19,24,68,46,80,12,43,0,26,52,高速,9,24,短,10,50,15,20,2,0,0,0,0,0,浜波改(30),2021/01/07
N284b,680,4,浜波改,はまなみかい,夕雲型,13,駆逐艦,,32,,52,,49,,78,47,90,,59,0,28,65,高速,12,56,短,12,58,15,20,3,0,0,0,0,0,,
N285,485,3,藤波,ふじなみ,夕雲型,11,駆逐艦,,16,10,31,6,19,24,69,46,79,12,42,0,26,53,高速,9,24,短,9,49,15,20,2,0,0,0,0,0,藤波改(30),
N285b,373,4,藤波改,ふじなみかい,夕雲型,11,駆逐艦,,32,,52,,49,,79,47,89,,60,0,28,66,高速,12,56,短,11,57,15,20,3,0,0,0,0,0,,2019/10/29
N286a,486,3,浦波,うらなみ,吹雪型,10,駆逐艦,,15,10,29,5,19,27,69,42,84,10,39,0,20,49,高速,5,19,短,14,54,15,20,2,0,0,0,0,0,浦波改(30),
N286b,368,4,浦波改,うらなみかい,吹雪型,10,駆逐艦,,30,,49,,49,,79,47,93,,54,0,24,59,高速,8,43,短,17,67,15,20,3,0,0,0,0,0,浦波改二(78),2022/05/28
N287,487,6,鬼怒改二,きぬかいに,長良型,5,軽巡洋艦,,45,15,58,,68,28,84,44,82,41,86,3,49,87,高速,15,60,短,17,72,25,30,3,1,1,1,0,0,,2021/01/25
N288,488,6,由良改二,ゆらかいに,長良型,4,軽巡洋艦,,45,14,57,29,67,25,83,43,84,36,88,4,49,83,高速,17,64,短,16,71,25,30,3,1,2,1,0,0,,2022/02/22
N289,489,6,満潮改二,みちしおかいに,朝潮型,3,駆逐艦,,31,19,69,,54,32,89,51,90,20,65,0,26,60,高速,10,55,短,18,77,15,20,3,0,0,0,0,0,,
N290,490,6,荒潮改二,あらしおかいに,朝潮型,4,駆逐艦,,31,19,69,,52,33,88,50,90,22,70,0,26,59,高速,11,52,短,17,71,15,20,3,0,0,0,0,0,,
N291,491,5,Commandant Teste,こまんだんとてすと,C.Teste級,1,水上機母艦,,42,28,48,24,50,0,0,20,43,18,40,26,0,0,低速,32,70,短,17,79,35,40,3,12,7,7,0,0,Commandant Teste改(40),
N291b,372,6,Commandant Teste改,こまんだんとてすとかい,C.Teste級,1,水上機母艦,,43,,58,,56,0,0,25,44,,48,38,0,0,低速,34,88,短,20,88,40,50,4,12,12,7,7,0,,
N292,492,6,Richelieu,りしゅりゅー,Richelieu級,1,戦艦,巡洋戦艦,85,64,94,72,90,0,0,36,67,22,70,12,0,0,高速,14,50,長,22,82,100,125,4,3,3,3,3,0,Richelieu改(45),
N292b,392,6,Richelieu改,りしゅりゅーかい,Richelieu級,1,戦艦,巡洋戦艦,89,,96,,96,0,0,39,73,,78,12,0,0,高速,16,54,長,24,95,100,130,4,3,3,3,3,0,,
N293,493,5,伊400,い400|しおん,潜特型(伊400型潜水艦),1,潜水空母,,20,2,10,5,24,36,73,13,34,0,0,3,0,0,低速,15,46,短,19,58,20,15,1,3,0,0,0,0,伊400改(37),2021/01/07
N293b,606,6,伊400改,い400かい|しおん,潜特型(伊400型潜水艦),1,潜水空母,,24,,20,,24,,82,12,43,0,0,6,0,0,低速,16,46,短,19,58,25,30,2,3,3,0,0,0,,
N294,494,4,伊13,い13|ひとみ,巡潜甲型改二,1,潜水空母,,18,2,9,5,22,27,68,11,36,0,0,2,0,0,低速,13,43,短,6,39,15,15,2,2,0,0,0,0,伊13改(45),
N294b,374,6,伊13改,い13かい|ひとみ,巡潜甲型改二,1,潜水空母,,21,,16,,22,,72,12,47,0,0,3,0,0,低速,13,43,短,8,48,25,25,3,2,1,0,0,0,,
N295,495,5,伊14,い14|いよ,巡潜甲型改二,2,潜水空母,,18,2,9,5,22,27,66,14,39,0,0,2,0,0,低速,14,44,短,24,64,15,15,2,2,0,0,0,0,伊14改(45),
N295b,375,6,伊14改,い14かい|いよ,巡潜甲型改二,2,潜水空母,,22,,12,,23,,68,15,53,0,0,3,0,0,低速,14,44,短,24,77,25,25,3,2,1,0,0,0,,
N296,496,6,Zara due,ざらどぅー,Zara級,1,重巡洋艦,,62,57,87,,88,0,48,38,73,35,90,15,0,0,高速,19,64,長,17,70,50,80,4,6,3,3,3,0,,
N297,497,6,白露改二,しらつゆかいに,白露型,1,駆逐艦,,31,16,69,,50,28,87,50,91,17,71,0,30,83,高速,10,50,短,16,80,15,20,3,0,0,0,0,0,,
N298,498,6,村雨改二,むらさめかいに,白露型,3,駆逐艦,,31,16,68,,51,28,88,48,90,18,70,0,29,77,高速,9,47,短,17,77,15,20,3,0,0,0,0,0,,
N299,499,4,神威改,かもいかい,神威型,1,水上機母艦,,37,6,22,,29,0,0,13,27,12,28,22,0,0,低速,22,48,中,19,69,30,15,3,11,8,3,0,0,神威改母(60),
N300,500,5,神威改母,かもいかいぼ,神威型,1,補給艦,,39,7,25,,33,0,0,16,38,14,34,3,10,30,低速,24,54,中,20,79,30,20,3,1,1,1,0,0,,
N303,503,6,鈴谷改二,すずやかいに,最上型,3,航空巡洋艦,,61,30,76,,74,40,88,41,82,30,85,24,0,0,高速,26,83,中,14,74,55,60,4,3,3,7,11,0,鈴谷航改二(88),
N304,504,6,熊野改二,くまのかいに,最上型,4,航空巡洋艦,,62,30,76,,75,40,87,40,81,30,84,24,0,0,高速,25,81,中,13,73,55,60,4,3,3,7,11,0,熊野航改二(88),
N308,508,6,鈴谷航改二,すずやこうかいに,最上型,3,軽空母,,61,0,59,,74,0,0,42,83,33,87,59,0,0,高速,46,85,中,13,74,60,55,4,17,22,16,4,0,鈴谷改二(88),2021/07/18
N309,509,6,熊野航改二,くまのこうかいに,最上型,4,軽空母,,62,0,58,,75,0,0,41,82,33,86,59,0,0,高速,45,83,中,12,73,60,55,4,17,22,16,4,0,熊野改二(88),2021/07/18
N311,511,4,Гангут,がんぐーと,Гангут級,1,戦艦,巡洋戦艦,59,55,78,55,73,14,28,23,47,22,58,4,0,0,低速,8,30,長,20,69,75,100,4,1,1,1,1,0,Октябрьская революция(45),
N312,512,5,Октябрьская революция,おくちゃぶりすかやれぼりゅーつぃや|がんぐーと,Гангут級,1,戦艦,巡洋戦艦,72,65,89,,90,0,0,30,66,36,65,4,0,0,低速,10,36,長,30,79,80,105,4,1,1,1,1,0,Гангут два(75),
N313,516,5,Ташкент,たしゅけんと,Ташкент級,1,駆逐艦,,22,18,50,12,31,12,48,48,90,20,52,0,33,55,高速,7,36,中,40,90,15,30,3,0,0,0,0,0,Ташкент改(50),
N313b,395,6,Ташкент改,たしゅけんとかい,Ташкент級,1,駆逐艦,,39,,66,,56,,68,50,94,,69,0,40,73,高速,10,48,中,43,100,15,35,4,0,0,0,0,0,,
N315,515,6,Ark Royal,あーくろいやる,Ark Royal級,1,正規空母,,55,0,27,26,47,0,0,32,57,30,72,72,0,0,高速,40,72,短,8,58,55,50,4,18,30,12,12,0,Ark Royal改(45),
N315b,393,6,Ark Royal改,あーくろいやる,Ark Royal級,1,正規空母,,71,0,51,28,70,0,0,34,68,36,82,80,0,0,高速,42,84,短,13,68,65,60,4,24,32,12,12,0,,2021/07/18
N316,513,6,Гангут два,がんぐーとどぅゔぁ,Гангут級,1,戦艦,巡洋戦艦,77,66,90,,95,16,32,33,68,38,72,6,0,0,低速,14,38,長,35,88,85,110,4,1,1,2,2,0,,
N317,517,3,占守,しむしゅ,占守型,1,海防艦,,9,4,18,4,16,0,0,42,83,7,24,0,32,72,低速,3,13,短,40,79,10,10,2,0,0,0,0,0,占守改(40),
N317b,376,4,占守改,しむしゅかい,占守型,1,海防艦,,17,,35,,33,0,0,58,92,,53,0,35,77,低速,5,28,短,50,89,10,10,3,0,0,0,0,0,,
N318,518,3,国後,くなしり,占守型,2,海防艦,,9,4,19,4,16,0,0,41,82,6,22,0,31,70,低速,4,14,短,35,78,10,10,2,0,0,0,0,0,国後改(40),
N318b,377,4,国後改,くなしりかい,占守型,2,海防艦,,17,,36,,33,0,0,57,91,,52,0,34,75,低速,6,29,短,45,88,10,10,3,0,0,0,0,0,,
N319,519,5,Jervis,じゃーびす,J級,1,駆逐艦,,15,12,32,7,18,30,82,46,79,22,44,0,40,82,高速,10,22,短,50,100,15,25,2,0,0,0,0,0,Jervis改(45),
N319b,394,6,Jervis改,じゃーびすかい,J級,1,駆逐艦,,31,,52,,50,,90,49,90,,70,0,55,92,高速,12,52,短,55,110,15,25,3,0,0,0,0,0,,
N320,520,5,Janus,じぇーなす,J級,5,駆逐艦,,15,12,33,7,18,30,82,44,76,22,42,0,40,83,高速,10,20,短,17,67,15,25,2,0,0,0,0,0,Janus改(55),2019/12/06
N320b,893,6,Janus改,じぇーなすかい,J級,5,駆逐艦,,31,,53,,50,,90,47,86,,72,0,53,93,高速,12,52,短,22,87,15,25,3,0,0,0,0,0,,2019/12/06
N321,521,3,春日丸,かすがまる,春日丸級,1,軽空母,,36,0,9,14,32,0,0,24,39,12,24,23,0,0,低速,28,48,短,5,39,25,25,2,14,9,0,0,0,大鷹(30),
N324,534,3,神鷹,しんよう,大鷹型,4,軽空母,,38,0,14,15,35,0,0,22,37,14,30,33,36,60,低速,28,48,短,9,49,30,25,3,9,18,6,0,0,神鷹改(60),
N324b,381,5,神鷹改,しんようかい,大鷹型,4,軽空母,,48,,24,,53,0,0,23,50,,48,36,66,80,低速,29,60,短,11,58,30,30,4,9,18,6,3,0,神鷹改二(85),2021/01/07
N325,535,3,Luigi Torelli,るいーじとれっり,Guglielmo Marconi級,4,潜水艦,,11,2,10,5,17,18,62,17,42,0,18,0,0,0,低速,6,24,短,25,62,10,20,1,0,0,0,0,0,Luigi Torelli改(30),
N325b,605,4,Luigi Torelli改,るいーじとれっりかい,Guglielmo Marconi級,4,潜水艦,,13,,8,,18,,32,18,56,,22,0,0,0,低速,8,28,短,30,72,10,15,2,0,0,0,0,0,UIT-25(40),
N326,526,4,大鷹,たいよう,大鷹型,1,軽空母,,37,0,12,,34,0,0,24,39,13,27,27,35,59,低速,30,52,短,6,44,30,25,3,14,11,2,0,0,大鷹改(60),
N326b,380,5,大鷹改,たいようかい,大鷹型,1,軽空母,,47,,23,,52,0,0,24,49,,42,36,65,79,低速,33,64,短,9,54,30,30,4,14,14,5,3,0,大鷹改二(85),
N327,527,3,岸波,きしなみ,夕雲型,15,駆逐艦,,16,10,31,6,19,24,68,46,80,12,43,0,26,54,高速,9,24,短,10,50,15,20,2,0,0,0,0,0,岸波改(35),2021/01/07
N327b,686,4,岸波改,きしなみかい,夕雲型,15,駆逐艦,,32,,50,,49,,80,48,90,,56,0,30,72,高速,10,44,短,13,59,15,20,3,0,0,0,0,0,,
N328,528,3,早波,はやなみ,夕雲型,12,駆逐艦,,16,10,30,6,19,24,68,44,79,12,44,0,25,54,高速,9,23,短,9,46,15,20,2,0,0,0,0,0,早波改(35),
N328b,688,4,早波改,はやなみかい,夕雲型,12,駆逐艦,,32,,51,,49,,80,45,88,,58,0,26,69,高速,12,55,短,10,55,15,20,3,0,0,0,0,0,,
N329,539,5,UIT-25,ゆーあいてぃー25|うぃー|るいーじとれっり,Guglielmo Marconi級,4,潜水艦,,13,2,12,,19,0,36,20,62,0,25,0,0,0,低速,9,30,短,35,77,10,20,2,0,0,0,0,0,伊504(55),
N330,530,6,伊504,い504|ごーちゃん|るいーじとれっり,Guglielmo Marconi級,4,潜水艦,,14,3,15,,21,30,68,22,64,0,28,0,0,0,低速,10,32,短,40,85,10,20,2,0,0,0,0,0,,
N331,529,6,大鷹改二,たいようかいに,大鷹型,1,軽空母,,49,18,39,,55,0,0,36,54,24,54,39,75,89,低速,40,68,中,14,64,35,35,4,14,14,8,3,0,,
N332,532,5,涼月,すずつき,秋月型,3,駆逐艦,,21,16,47,10,29,16,46,45,83,70,102,0,25,61,高速,8,27,短,27,67,20,25,3,0,0,0,0,0,涼月改(55),
N334,524,3,択捉,えとろふ,択捉型,1,海防艦,,9,4,18,4,16,0,0,40,83,7,27,0,35,72,低速,3,14,短,37,78,10,10,2,0,0,0,0,0,択捉改(37),
N334b,383,4,択捉改,えとろふかい,択捉型,1,海防艦,,17,,37,,33,0,0,56,92,,54,0,37,79,低速,5,28,短,40,88,10,10,3,0,0,0,0,0,,
N335,525,3,松輪,まつわ,択捉型,2,海防艦,,9,4,19,4,16,0,0,39,81,7,28,0,35,72,低速,3,15,短,7,49,10,10,2,0,0,0,0,0,松輪改(37),
N335b,384,4,松輪改,まつわかい,択捉型,2,海防艦,,17,,38,,33,0,0,54,89,,55,0,36,79,低速,5,28,短,9,59,10,10,3,0,0,0,0,0,,
N336,536,6,神鷹改二,しんようかいに,大鷹型,4,軽空母,,50,15,37,,56,0,0,34,53,27,58,51,73,88,低速,32,64,中,15,70,35,35,4,9,18,18,6,0,,
N337,537,6,涼月改,すずつきかい,秋月型,3,駆逐艦,,38,22,56,,55,22,52,51,91,82,117,0,28,71,高速,9,49,短,37,90,20,25,3,0,0,0,0,0,,2022/12/27
N339,531,3,佐渡,さど,択捉型,3,海防艦,,9,4,19,4,16,0,0,39,81,7,29,0,36,73,低速,3,15,短,7,49,10,10,2,0,0,0,0,0,佐渡改(37),
N339b,385,4,佐渡改,さどかい,択捉型,3,海防艦,,17,,39,,33,0,0,54,88,,54,0,37,79,低速,6,29,短,9,59,10,10,3,0,0,0,0,0,,
N340,540,3,対馬,つしま,択捉型,7,海防艦,,9,4,17,4,16,0,0,41,84,7,27,0,35,72,低速,3,13,短,47,88,10,10,2,0,0,0,0,0,対馬改(47),
N340b,386,4,対馬改,つしまかい,択捉型,7,海防艦,,17,,36,,34,0,0,55,93,,53,0,36,81,低速,5,28,短,49,94,10,10,3,0,0,0,0,0,,
N341,541,6,長門改二,ながとかいに,長門型,1,戦艦,,91,91,118,,110,0,0,25,70,40,100,15,0,0,低速,16,55,長,40,108,180,225,4,3,3,6,3,0,,
N342,542,6,夕雲改二,ゆうぐもかいに,夕雲型,1,駆逐艦,,33,18,67,,53,30,87,48,93,20,66,0,30,77,高速,12,45,短,18,74,15,20,3,0,0,0,0,0,,2021/01/07
N343,543,6,長波改二,ながなみかいに,夕雲型,4,駆逐艦,,33,18,69,,53,30,89,48,91,20,64,0,30,68,高速,10,44,短,30,80,15,20,3,0,0,0,0,0,,
N344,544,4,Gambier Bay,がんびあべい,Casablanca級,19,軽空母,,28,0,15,9,19,0,0,18,36,20,38,28,20,60,低速,36,60,短,12,60,25,30,2,16,12,0,0,0,Gambier Bay改(45),
N344b,396,5,Gambier Bay改,がんびあべいかい,Casablanca級,19,軽空母,,38,,32,,39,0,0,20,46,,48,34,30,68,低速,38,68,短,15,70,25,35,3,16,12,6,0,0,Gambier Bay Mk.II(73),2021/07/18
N345,545,6,Saratoga Mk.II,さらとがまーくつー,Lexington級,2,正規空母,,89,0,68,,85,0,0,27,60,60,94,80,0,0,高速,54,93,中,40,93,90,95,4,32,24,18,6,0,Saratoga Mk.II Mod.2(85),
N346,546,7,武蔵改二,むさしかいに,大和型,2,戦艦,,99,100,145,,125,0,0,28,65,65,105,28,0,0,低速,18,58,超長,10,88,275,350,5,5,5,5,8,5,,
N347,547,6,多摩改二,たまかいに,球磨型,2,軽巡洋艦,,46,16,61,,69,25,91,43,82,33,83,3,43,85,高速,14,61,短,13,69,25,30,3,1,1,1,0,0,,2021/01/25
N348,548,5,文月改二,ふみづきかいに,睦月型,7,駆逐艦,,27,7,45,34,46,27,77,56,93,37,82,0,30,81,高速,11,47,短,17,77,15,15,3,0,0,0,0,0,,2020/02/12
N349,549,6,Intrepid,いんとれぴっど,Essex級,5,正規空母,,65,0,55,43,80,0,0,40,64,50,90,96,0,0,高速,50,80,中,45,90,75,80,4,37,36,19,4,0,Intrepid改(50),
N349b,397,6,Intrepid改,いんとれぴっどかい,Essex級,5,正規空母,,69,,58,,90,0,0,44,68,,95,112,0,0,高速,52,90,中,50,100,90,105,4,40,36,21,15,0,,
N350,550,6,Saratoga Mk.II Mod.2,さらとがまーくつーもっどつー,Lexington級,2,装甲空母,,89,0,58,,88,0,0,26,56,60,94,93,0,0,高速,56,95,中,40,93,100,100,4,37,24,19,13,0,Saratoga Mk.II(90),
N351,551,3,日振,ひぶり,日振型,1,海防艦,,9,4,19,4,17,0,0,39,83,10,36,0,40,78,低速,3,15,短,7,49,10,10,2,0,0,0,0,0,日振改(37),
N351b,678,4,日振改,ひぶりかい,日振型,1,海防艦,,18,,38,,34,0,0,53,87,,62,0,40,83,低速,6,29,短,9,59,10,10,3,0,0,0,0,0,,
N352,552,3,大東,だいとう,日振型,2,海防艦,,9,4,18,4,17,0,0,40,81,10,36,0,40,77,低速,3,12,短,33,77,10,10,2,0,0,0,0,0,大東改(37),
N352b,679,4,大東改,だいとうかい,日振型,2,海防艦,,18,,36,,35,0,0,54,90,,61,0,40,85,低速,5,28,短,37,87,10,10,3,0,0,0,0,0,,
N353,553,6,伊勢改二,いせかいに,改伊勢型,1,改装航空戦艦,航空戦艦,78,60,88,,94,0,0,50,82,48,85,57,0,0,低速,30,72,中,40,92,110,145,5,2,2,22,22,9,,
N354,554,6,日向改二,ひゅうがかいに,改伊勢型,2,改装航空戦艦,航空戦艦,78,58,86,,94,0,0,49,83,46,84,57,68,85,低速,32,75,中,40,93,115,140,5,2,8,24,12,11,,2020/08/29
N355,555,6,瑞鳳改二,ずいほうかいに,祥鳳型,2,軽空母,,59,0,46,37,71,0,0,37,74,27,70,57,0,0,高速,40,80,中,42,93,40,45,4,21,18,12,6,0,瑞鳳改二乙(80),
N356,556,5,浦風丁改,うらかぜていかい,陽炎型,11,駆逐艦,,33,12,62,,53,20,80,49,88,26,76,0,45,88,高速,10,48,短,18,84,15,25,3,0,0,0,0,0,,
N357,557,6,磯風乙改,いそかぜおつかい,陽炎型,12,駆逐艦,,34,10,65,,53,24,84,52,91,30,91,0,31,71,高速,10,52,短,24,90,15,25,3,0,0,0,0,0,,2022/12/27
N358,558,5,浜風乙改,はまかぜおつかい,陽炎型,13,駆逐艦,,33,10,63,,54,24,83,50,89,32,93,0,32,73,高速,9,47,短,20,88,15,25,3,0,0,0,0,0,,2022/12/27
N359,559,5,谷風丁改,たにかぜていかい,陽炎型,14,駆逐艦,,33,11,59,,51,32,84,53,94,27,80,0,44,86,高速,8,42,短,17,80,15,25,3,0,0,0,0,0,,
N360,560,6,瑞鳳改二乙,ずいほうかいにおつ,祥鳳型,2,軽空母,,59,0,48,,72,0,0,35,67,33,88,50,32,48,高速,40,77,長,42,93,40,45,4,18,15,15,2,0,瑞鳳改二(80),
N361,561,4,Samuel B.Roberts,さみゅえるびーろばーつ,John C.Butler級,413,駆逐艦,,14,8,24,5,17,12,38,38,80,20,40,0,48,80,低速,12,20,短,30,60,15,20,2,0,0,0,0,0,Samuel B.Roberts改(50),
N361b,681,5,Samuel B.Roberts改,さみゅえるびーろばーつかい,John C.Butler級,413,駆逐艦,,27,,50,,43,,70,48,88,,60,0,50,88,低速,14,48,短,40,80,15,20,3,0,0,0,0,0,Samuel B.Roberts Mk.II(78),2022/08/04
N362,562,4,Johnston,じょんすとん,Fletcher級,557,駆逐艦,,17,12,32,7,20,20,60,45,81,32,60,0,50,82,高速,20,32,短,17,70,20,20,2,0,0,0,0,0,Johnston改(55),
N362b,689,5,Johnston改,じょんすとんかい,Fletcher級,557,駆逐艦,,34,,55,,52,,72,46,89,,90,0,52,90,高速,20,60,短,40,82,20,20,3,0,0,0,0,0,,
N363,563,6,巻雲改二,まきぐもかいに,夕雲型,2,駆逐艦,,33,18,64,,53,30,90,48,89,20,65,0,30,72,高速,11,43,短,16,70,15,20,3,0,0,0,0,0,,
N364,564,6,風雲改二,かざぐもかいに,夕雲型,3,駆逐艦,,33,18,66,,53,30,89,48,92,20,67,0,29,78,高速,10,45,短,20,78,15,20,3,0,0,0,0,0,,
N365,565,3,福江,ふかえ,択捉型,10,海防艦,,9,4,16,4,16,0,0,41,84,7,28,0,35,72,低速,3,13,短,36,78,10,10,2,0,0,0,0,0,福江改(48),
N365b,685,4,福江改,ふかえかい,択捉型,10,海防艦,,17,,35,,34,0,0,55,92,,55,0,37,80,低速,5,27,短,40,84,10,10,3,0,0,0,0,0,,
N366,566,6,陽炎改二,かげろうかいに,陽炎型,1,駆逐艦,,33,18,68,,53,30,90,49,90,20,62,0,30,67,高速,10,42,短,20,77,15,20,3,0,0,0,0,0,,
N367,567,6,不知火改二,しらぬいかいに,陽炎型,2,駆逐艦,,33,18,67,,54,30,91,49,90,20,64,0,30,68,高速,11,43,短,24,88,15,20,3,0,0,0,0,0,,
N368,568,6,黒潮改二,くろしおかいに,陽炎型,3,駆逐艦,,33,18,69,,53,30,88,48,90,20,65,0,31,70,高速,11,41,短,22,81,15,20,3,0,0,0,0,0,,
N369,569,6,沖波改二,おきなみかいに,夕雲型,14,駆逐艦,,33,18,65,,53,30,87,48,93,18,71,0,29,79,高速,10,44,短,22,88,15,20,3,0,0,0,0,0,,2020/03/25
N370,570,3,平戸,ひらと,択捉型,9,海防艦,,9,4,18,4,16,0,0,39,82,7,28,0,34,74,低速,3,15,短,11,54,10,10,2,0,0,0,0,0,平戸改(48),2020/01/18
N370b,684,4,平戸改,ひらとかい,択捉型,9,海防艦,,17,,37,,33,0,0,53,89,,55,0,35,81,低速,5,29,短,14,74,10,10,3,0,0,0,0,0,,2020/01/18
N371,571,6,Nelson,ねるそん,Nelson級,1,戦艦,,82,72,102,74,92,0,0,22,44,24,82,5,0,0,低速,12,42,長,24,89,95,145,4,1,1,1,2,0,Nelson改(50),
N373,573,6,陸奥改二,むつかいに,長門型,2,戦艦,,91,91,118,,109,0,0,24,71,38,102,15,0,0,低速,15,56,長,16,88,180,225,4,2,3,3,7,0,,
N374,574,5,Gotland,ごとらんど,Gotland級,1,軽(航空)巡洋艦,軽巡洋艦,32,16,48,12,46,36,68,36,68,18,58,11,36,58,高速,45,70,中,20,89,30,25,3,2,3,6,0,0,Gotland改(55),
N375,575,5,Maestrale,まえすとらーれ,Maestrale級,1,駆逐艦,,15,9,27,7,18,22,58,48,82,11,41,0,30,60,高速,7,20,短,14,74,15,20,2,0,0,0,0,0,Maestrale改(35),
N376,576,6,Nelson改,ねるそんかい,Nelson級,1,戦艦,,93,81,114,84,104,0,0,23,58,30,92,6,0,0,低速,14,48,長,28,98,95,175,4,1,1,2,2,0,,
N378,578,6,朝霜改二,あさしもかいに,夕雲型,16,駆逐艦,,33,18,68,,53,30,88,47,94,18,72,0,29,76,高速,10,44,短,28,86,15,20,3,0,0,0,0,0,,2022/12/27
N379,579,6,Gotland改,ごとらんどかい,Gotland級,1,軽巡洋艦,,43,17,62,,63,17,70,37,77,66,102,4,38,62,高速,18,55,中,24,98,30,30,4,1,1,1,1,0,Gotland andra(85),2020/04/27
N380,580,6,Maestrale改,まえすとらーれかい,Maestrale級,1,駆逐艦,,29,13,54,,50,27,72,49,93,22,63,0,40,80,高速,10,46,短,17,84,15,20,3,0,0,0,0,0,,
N381,581,5,日進,にっしん,日進型,1,水上機母艦,,45,16,46,22,45,0,40,26,45,20,48,28,0,0,高速,40,80,中,9,44,40,40,3,8,8,12,0,0,日進改(40),
N381b,690,6,日進改,にっしんかい,日進型,1,水上機母艦,,47,,54,,46,,75,32,58,,62,28,0,0,高速,48,95,中,10,57,40,40,3,8,8,12,0,0,日進甲(60),
N383,583,3,峯雲,みねぐも,朝潮型,8,駆逐艦,,16,10,30,6,19,24,69,41,78,9,40,0,21,49,高速,5,18,短,6,44,15,20,2,0,0,0,0,0,峯雲改(38),
N383b,687,4,峯雲改,みねぐもかい,朝潮型,8,駆逐艦,,31,,51,,49,,79,44,88,,50,0,24,58,高速,8,37,短,9,54,15,20,3,0,0,0,0,0,,
N384,584,3,八丈,はちじょう,占守型,3,海防艦,,9,5,18,4,16,0,0,42,83,7,24,0,31,72,低速,3,13,短,40,79,10,10,2,0,0,0,0,0,八丈改(40),
N384b,378,4,八丈改,はちじょうかい,占守型,3,海防艦,,17,,35,,33,0,0,58,93,,54,0,34,76,低速,5,29,短,49,92,10,10,3,0,0,0,0,0,,
N385,585,3,石垣,いしがき,占守型,4,海防艦,,9,4,20,4,16,0,0,41,82,6,22,0,32,75,低速,4,15,短,9,49,10,10,2,0,0,0,0,0,石垣改(40),
N385b,379,4,石垣改,いしがきかい,占守型,4,海防艦,,17,,37,,33,0,0,57,92,,52,0,36,79,低速,6,30,短,10,59,10,10,3,0,0,0,0,0,,
N386,586,6,日進甲,にっしんこう,日進型,1,水上機母艦,,49,20,60,,47,0,88,36,63,25,65,32,0,0,高速,48,96,中,10,60,40,45,4,8,8,12,4,0,,
N387,587,6,海風改二,うみかぜかいに,改白露型,1,駆逐艦,,31,15,61,,51,38,93,49,90,19,69,0,28,82,高速,11,51,短,20,85,15,20,3,0,0,0,0,0,,
N389,589,5,L.d.S.D.d.Abruzzi,るいーじでぃさゔぉいあどぅーかでっりあぶるっつぃ,L.d.S.D.d.Abruzzi級,1,軽巡洋艦,,37,27,51,33,51,20,66,34,64,20,60,6,20,39,高速,12,41,中,20,88,40,50,3,2,2,2,0,0,L.d.S.D.d.Abruzzi改(45),2019/09/18
N389b,693,5,L.d.S.D.d.Abruzzi改,るいーじでぃさゔぉいあどぅーかでっりあぶるっつぃかい,L.d.S.D.d.Abruzzi級,1,軽巡洋艦,,52,,73,,75,,70,38,77,,70,8,25,59,高速,13,49,中,30,98,40,55,4,2,2,2,2,0,,2019/09/18
N390,590,5,G.Garibaldi,じゅぜっぺがりばるでぃ,L.d.S.D.d.Abruzzi級,2,軽巡洋艦,,37,28,50,33,51,20,66,34,65,20,60,6,20,40,高速,12,40,中,20,89,40,50,3,2,2,2,0,0,G.Garibaldi改(45),
N390b,691,6,G.Garibaldi改,じゅぜっぺがりばるでぃかい,L.d.S.D.d.Abruzzi級,2,軽巡洋艦,,52,,72,,75,,70,38,78,,70,8,25,60,高速,13,48,中,30,100,40,55,4,2,2,2,2,0,,
N391,591,6,金剛改二丙,こんごうかいにへい,改金剛型,1,戦艦,巡洋戦艦,86,76,99,,91,20,44,40,75,32,89,13,0,0,高速,17,51,長,18,98,100,160,4,2,2,3,6,0,,2020/04/27
N392,592,6,比叡改二丙,ひえいかいにへい,改金剛型,2,戦艦,巡洋戦艦,86,76,98,,90,18,47,39,73,31,85,8,0,0,高速,17,53,長,15,88,100,160,4,2,2,2,2,0,,2020/04/27
N395,595,5,Houston,ひゅーすとん,Northampton級,5,重巡洋艦,,43,37,52,33,47,16,40,36,60,20,60,6,0,0,高速,15,50,中,12,55,40,60,3,1,1,4,0,0,Houston改(50),2019/12/06
N396,596,5,Fletcher,ふれっちゃー,Fletcher級,445,駆逐艦,,18,12,31,7,20,20,60,45,82,32,62,0,50,83,高速,20,33,短,30,89,20,20,2,0,0,0,0,0,Fletcher改(55),
N396b,692,6,Fletcher改,ふれっちゃーかい,Fletcher級,445,駆逐艦,,35,,54,,52,,72,46,90,,91,0,52,91,高速,20,62,短,40,100,20,20,3,0,0,0,0,0,Fletcher改 Mod.2(88),2020/05/23
N397,597,5,Atlanta,あとらんた,Atlanta級,1,防空巡洋艦,,27,16,38,15,29,22,66,34,67,80,120,0,10,20,高速,11,40,短,17,47,30,50,3,0,0,0,0,0,Atlanta改(50),2020/01/18
N397b,696,6,Atlanta改,あとらんたかい,Atlanta級,1,防空巡洋艦,,41,,64,,61,,70,38,76,,128,0,12,32,高速,11,50,短,18,58,30,60,3,0,0,0,0,0,,2020/01/18
N399,604,3,De Ruyter,でろいてる,De Ruyter級,1,軽巡洋艦,,28,21,50,15,31,0,50,35,68,20,70,4,10,40,高速,10,42,中,9,49,30,35,3,1,1,2,0,0,De Ruyter改(50),2019/12/06
N399,609,4,De Ruyter改,でろいてるかい,De Ruyter級,1,軽巡洋艦,,43,,70,,67,,60,39,73,,75,5,15,50,高速,12,55,中,10,57,30,40,3,1,2,2,0,0,,2020/01/18
N400,600,6,Houston改,ひゅーすとんかい,Northampton級,5,重巡洋艦,,54,46,76,,73,20,60,36,76,30,75,7,0,0,高速,16,53,中,20,65,40,65,4,1,1,1,4,0,,2020/01/18
N401,601,6,Colorado,ころらど,Colorado級,1,戦艦,,77,78,96,73,90,0,0,19,43,28,90,3,0,0,低速,9,37,長,30,99,90,130,4,0,1,1,1,0,Colorado改(45),
N402,602,6,South Dakota,さうすだこた,South Dakota級,1,戦艦,巡洋戦艦,79,81,100,77,93,0,0,28,59,40,91,6,0,0,高速,15,48,長,20,79,150,190,4,0,0,3,3,0,South Dakota改(48),2020/08/02
N403,603,6,Hornet,ほーねっと,Yorktown級,3,正規空母,,67,0,45,38,65,0,0,30,57,32,72,87,0,0,高速,45,70,中,28,67,60,65,4,36,18,18,15,0,Hornet改(40),2020/08/02
N403b,704,6,Hornet改,ほーねっとかい,Yorktown級,3,正規空母,,81,0,55,,84,0,0,38,73,,86,90,0,0,高速,49,90,中,30,80,70,80,4,36,19,19,16,0,,2020/08/29
N404,594,7,赤城改二,あかぎかいに,赤城型,1,正規空母,,81,,60,,81,0,0,33,73,40,85,90,0,0,高速,51,91,中,20,77,95,90,5,21,21,32,12,4,赤城改二戊(92),
N405,698,7,加賀改二,かがかいに,改加賀型,1,正規空母,,84,0,56,,80,0,0,28,70,36,84,99,0,0,高速,51,90,中,18,74,100,95,5,20,20,44,12,3,加賀改二戊(82),2020/08/29
N406,1496,7,Colorado改,ころらどかい,Colorado級,1,戦艦,,91,80,105,,99,0,0,22,54,36,100,5,0,0,低速,16,52,長,40,110,95,165,4,1,1,1,2,0,,
N407,697,6,South Dakota改,さうすだこたかい,South Dakota級,1,戦艦,巡洋戦艦,91,86,109,,108,0,0,36,65,58,108,8,0,0,高速,18,60,長,36,98,160,200,4,0,2,3,3,0,,2020/08/20
N409,599,7,赤城改二戊,あかぎかいにぼ,赤城型,1,正規空母,,81,0,67,,81,0,0,33,75,40,84,78,0,0,高速,50,90,中,20,77,95,85,5,16,16,40,4,2,赤城改二(92),2019/08/27
N410,610,7,加賀改二戊,かがかいにぼ,改加賀型,2,夜間作戦航空母艦,正規空母,84,0,62,,80,0,0,28,71,36,84,86,0,0,高速,50,89,中,18,74,100,95,5,18,18,40,8,2,加賀改二護(84),2020/08/29
N411,611,3,御蔵,みくら,御蔵型,1,海防艦,,9,4,17,4,16,0,0,40,80,9,36,0,40,78,低速,3,14,短,12,59,10,10,2,0,0,0,0,0,御蔵改(45),2019/09/18
N412,612,3,屋代,やしろ,御蔵型,6,海防艦,,9,4,16,4,16,0,0,39,81,9,37,0,40,79,低速,3,15,短,20,80,10,10,2,0,0,0,0,0,屋代改(45),2020/08/02
N413,613,3,Perth,ぱーす,Perth級,1,軽巡洋艦,,29,24,58,17,32,20,54,33,67,24,66,3,15,50,高速,9,40,中,12,55,30,45,3,1,1,1,0,0,Perth改(45),2021/01/07
N414,614,5,Grecale,ぐれかーれ,Maestrale級,2,駆逐艦,,15,9,26,7,18,22,57,47,84,10,40,0,30,60,高速,7,20,短,14,90,15,20,2,0,0,0,0,0,Grecale改(35),2019/09/18
N415,615,4,Helena,へれな,St. Louis級,2,軽巡洋艦,,39,30,60,17,40,0,32,33,65,30,72,4,0,36,高速,18,64,中,9,59,35,55,3,0,2,2,0,0,Helena改(45),2021/01/07
N416,616,4,御蔵改,みくらかい,御蔵型,1,海防艦,,17,5,37,7,33,0,0,54,89,16,60,0,40,84,低速,5,29,短,15,64,10,10,3,0,0,0,0,0,,2019/09/18
N417,617,4,屋代改,やしろかい,御蔵型,6,海防艦,,17,5,36,7,33,0,0,53,90,16,62,0,39,85,低速,5,30,短,30,98,10,10,3,0,0,0,0,0,,2020/08/30
N418,618,4,Perth改,ぱーすかい,Perth級,1,軽巡洋艦,,45,32,72,,68,24,72,36,72,28,70,3,20,55,高速,10,50,中,22,65,30,45,3,1,1,1,0,0,,2020/01/18
N419,619,6,Grecale改,ぐれかーれかい,Maestrale級,2,駆逐艦,,29,12,55,15,51,18,68,19,95,36,80,0,38,79,高速,10,46,短,40,122,15,20,3,0,0,0,0,0,,2021/08/05
N420,620,5,Helena改,へれなかい,St. Louis級,2,軽巡洋艦,,53,36,78,,69,0,38,39,75,40,86,6,0,40,高速,24,76,中,13,69,35,60,4,0,0,2,4,0,,2020/08/02
N421,621,5,神州丸,しんしゅうまる,陸軍特種船(R1),,揚陸艦,,37,5,22,9,35,0,0,13,38,10,32,12,20,40,低速,20,52,短,14,54,35,5,3,2,2,8,0,0,神州丸改(48),2019/12/06
N422,622,6,夕張改二,ゆうばりかいに,夕張型,1,兵装実験軽巡,軽巡洋艦,41,14,56,,65,50,80,40,83,58,88,0,49,83,高速,11,52,短,30,88,30,40,5,0,0,0,0,0,夕張改二特(86),2020/01/18
N423,623,6,夕張改二特,ゆうばりかいにとく,夕張型,1,兵装実験軽巡,軽巡洋艦,41,14,56,,66,0,88,39,81,48,78,0,27,70,低速,10,50,短,30,88,30,40,5,0,0,0,0,0,夕張改二丁(88),2020/01/18
N424,624,6,夕張改二丁,ゆうばりかいにてい,夕張型,1,兵装実験軽巡,軽巡洋艦,41,14,56,,64,50,80,40,85,48,78,0,50,89,高速,12,54,短,30,88,30,40,5,0,0,0,0,0,夕張改二(88),2020/01/18
N425,625,3,秋霜,あきしも,夕雲型,18,駆逐艦,,16,10,30,6,19,24,69,46,81,8,40,0,27,53,高速,6,20,短,11,49,15,20,2,0,0,0,0,0,秋霜改(30),2020/01/18
N425b,695,4,秋霜改,あきしもかい,夕雲型,18,駆逐艦,,32,,50,,49,,80,47,91,,50,0,28,68,高速,9,43,短,12,59,15,20,3,0,0,0,0,0,,2020/01/18
N426,626,6,神州丸改,しんしゅうまるかい,陸軍特種船(R1),,揚陸艦,,39,6,36,,45,0,0,14,48,12,46,16,30,48,低速,24,58,短,18,68,40,20,4,2,2,4,8,0,,2020/11/15
N427,627,5,敷波改二,しきなみかいに,綾波型,2,駆逐艦,,31,13,61,,51,28,88,58,93,16,62,0,30,79,高速,11,48,短,30,80,15,20,3,0,0,0,0,0,,2020/02/12
N428,628,6,Fletcher改 Mod.2,ふれっちゃーかいもっどつー,Fletcher級,445,駆逐艦,,37,16,60,17,54,29,86,47,92,45,92,0,52,93,高速,22,64,短,47,113,20,25,3,0,0,0,0,0,Fletcher Mk.II(90),2020/05/23
N429,629,6,Fletcher Mk.II,ふれっちゃーまーくつー,Fletcher級,445,駆逐艦,,38,16,62,17,56,0,82,47,94,50,95,0,55,97,高速,23,66,短,47,113,25,25,3,0,0,0,0,0,Fletcher改 Mod.2(90),2020/05/23
N430,630,6,Gotland andra,ごとらんどあんどら,Gotland級,1,軽(航空)巡洋艦,軽巡洋艦,47,16,60,,67,16,73,37,78,30,90,14,36,60,高速,46,72,中,26,108,30,35,4,2,2,3,7,0,,2020/04/27
N431,631,3,薄雲,うすぐも,吹雪型,7,駆逐艦,,15,10,29,5,19,27,69,39,80,10,39,0,19,49,高速,4,19,短,7,49,15,20,2,0,0,0,0,0,薄雲改(40),2020/08/02
N431b,700,4,薄雲改,うすぐもかい,吹雪型,7,駆逐艦,,30,,49,,49,,79,44,89,,48,0,22,60,高速,7,41,短,9,54,15,20,3,0,0,0,0,0,,2020/08/02
N432,632,3,有明,ありあけ,初春型,5,駆逐艦,,16,10,29,6,19,27,70,43,80,8,38,0,21,50,高速,5,19,短,10,49,15,20,2,0,0,0,0,0,有明改(48),2020/08/02
N432b,703,4,有明改,ありあけかい,初春型,5,駆逐艦,,30,,48,,49,,78,44,88,,54,0,16,59,高速,6,39,短,12,59,15,20,3,0,0,0,0,0,,2020/08/02
N434,634,3,迅鯨,じんげい,迅鯨型,1,潜水母艦,,32,6,32,5,28,0,0,13,28,12,32,2,0,0,低速,20,38,中,11,50,30,10,2,1,1,0,0,0,迅鯨改(45),2020/08/02
N436,636,4,伊47,い47|よな,巡潜丙型,7,潜水艦,,14,2,8,4,20,36,72,13,39,0,0,0,0,0,低速,7,27,短,47,90,10,20,1,0,0,0,0,0,伊47改(50),2020/08/02
N436b,607,5,伊47改,い47かい|よな,巡潜丙型,7,潜水艦,,18,,12,,21,,88,14,50,0,0,0,0,0,低速,11,30,短,50,97,10,25,2,0,0,0,0,0,,2020/08/02
N437,637,3,第四号海防艦,だいよんごうかいぼうかん,丁型海防艦,2,海防艦,,8,3,15,4,15,0,0,39,79,5,19,0,30,67,低速,2,11,短,18,76,10,10,1,0,0,0,0,0,第四号海防艦改(35),2020/08/02
N437b,701,4,第四号海防艦改,だいよんごうかいぼうかんかい,丁型海防艦,2,海防艦,,15,4,28,5,29,0,0,49,91,11,41,0,32,76,低速,4,20,短,20,81,10,10,2,0,0,0,0,0,,2021/08/05
N439,639,4,迅鯨改,じんげいかい,迅鯨型,1,潜水母艦,,38,8,40,,34,0,0,15,39,14,34,6,0,0,低速,22,44,中,16,60,30,10,3,2,2,2,0,0,,2020/08/02
N441,641,4,松,まつ,松型,1,駆逐艦,,14,5,26,5,22,16,60,35,70,22,60,0,30,75,高速,10,25,短,14,58,15,15,2,0,0,0,0,0,松改(50),2020/08/02
N441b,702,5,松改,まつかい,松型,1,駆逐艦,,27,,43,,55,,72,38,83,,74,0,35,80,高速,15,45,短,18,70,15,15,3,0,0,0,0,0,,2021/08/05
N446,646,7,加賀改二護,かがかいにご,改加賀型,3,近代化航空母艦,正規空母,84,36,60,,84,0,0,26,68,40,84,64,72,84,高速,54,93,中,18,74,105,105,5,16,16,18,8,6,加賀改二(84),2020/08/29
N448,648,6,秋雲改二,あきぐもかいに,陽炎型,19,駆逐艦,,33,18,65,,53,30,91,47,91,18,64,0,28,75,高速,10,42,短,18,76,15,20,3,0,0,0,0,0,,2020/10/23
N451,651,6,丹陽,たんよう|たんやん|danyang,改装陽炎型,,陽字号駆逐艦,駆逐艦,35,18,68,,60,0,56,65,97,40,88,0,26,60,高速,15,50,短,60,100,15,20,3,0,0,0,0,0,,2020/11/14
N456,656,7,雪風改二,ゆきかぜかいに,改陽炎型,8,駆逐艦,,35,17,66,,60,32,90,66,100,32,85,0,28,74,高速,14,48,短,63,120,15,25,3,0,0,0,0,0,,2020/11/14
N453,653,5,Scirocco,しろっこ,Maestrale級,4,駆逐艦,,15,9,27,7,18,22,58,48,81,11,41,0,29,60,高速,7,20,短,9,49,15,20,2,0,0,0,0,0,Scirocco改(30),2021/01/07
N453b,658,6,Scirocco改,しろっこかい,Maestrale級,4,駆逐艦,,28,,55,,50,,72,47,92,,63,0,39,80,高速,10,46,短,13,69,15,20,3,0,0,0,0,0,,2021/01/07
N314,514,5,Sheffield,しぇふぃーるど,Town級,5,軽巡洋艦,,38,25,56,16,41,20,40,32,65,28,70,5,38,70,高速,22,68,中,17,79,35,60,3,1,1,3,0,0,Sheffield改(55),2021/01/07
N314b,705,6,Sheffield改,しぇふぃーるどかい,Town級,5,軽巡洋艦,,52,,74,,68,,68,38,79,,78,6,40,77,高速,24,72,中,20,98,40,65,4,1,1,1,3,0,,2021/01/07
N454,654,6,Washington,わしんとん,North Carolina級,2,戦艦,巡洋戦艦,81,80,99,74,91,0,0,26,59,38,91,6,0,0,高速,14,46,長,24,89,140,190,4,0,0,3,3,0,Washington改(47),2021/01/07
N459,659,6,Washington改,わしんとんかい,North Carolina級,2,戦艦,巡洋戦艦,93,84,107,,104,0,0,35,66,55,106,8,0,0,高速,18,62,長,38,108,150,195,4,0,2,3,3,0,,2021/01/25
N442,642,5,竹,たけ,松型,2,駆逐艦,,14,5,25,5,22,19,79,34,71,19,58,0,29,74,高速,9,24,短,28,88,15,15,2,0,0,0,0,0,竹改(51),2021/01/07
N442b,706,6,竹改,たけかい,松型,2,駆逐艦,,26,,42,,54,,98,37,83,,71,0,34,79,高速,14,43,短,38,108,15,15,3,0,0,0,0,0,,2021/01/25
N452,652,6,球磨改二,くまかいに,改装球磨型,,軽巡洋艦,,46,22,70,,70,32,92,42,82,32,80,3,40,80,高速,13,58,短,16,86,25,35,3,1,1,1,0,0,球磨改二丁(88),2021/01/25
N457,657,6,球磨改二丁,くまかいにてい,改装球磨型,,軽巡洋艦,,46,17,67,,70,0,84,41,81,35,84,0,48,84,高速,13,53,短,16,86,25,35,3,0,0,0,0,0,球磨改二(88),2021/01/25
N462,662,6,能代改二,のしろかいに,改阿賀野型,2,軽巡洋艦,,53,30,78,,72,28,86,43,83,26,82,8,32,84,高速,15,61,中,13,77,35,45,4,1,1,4,2,0,,2021/02/14
N465,665,5,曙改二,あけぼのかいに,綾波型,8,駆逐艦,,31,10,60,,54,25,87,62,91,22,80,0,30,74,高速,10,46,短,18,88,15,20,3,0,0,0,0,0,,2021/03/07
N301,501,6,最上改二,もがみかいに,最上型,1,改装航空巡洋艦,航空巡洋艦,60,30,76,,77,38,88,39,83,30,86,24,0,0,高速,28,86,中,18,80,55,60,4,2,2,6,14,0,最上改二特(90),2021/04/03
N306,506,6,最上改二特,もがみかいにとく,最上型,1,特殊改装航空巡洋艦,航空巡洋艦,61,40,81,,78,39,90,39,81,30,86,14,0,0,高速,24,80,中,18,80,55,70,4,2,2,7,3,0,最上改二(90),2021/04/03
N463,663,7,矢矧改二,やはぎかいに,改阿賀野型,3,軽巡洋艦,,54,30,78,,73,28,89,45,88,25,80,8,31,83,高速,15,60,中,17,89,40,45,4,1,1,4,2,0,矢矧改二乙(90),2021/04/03
N468,668,7,矢矧改二乙,やはぎかいにおつ,改阿賀野型,3,重改装軽巡洋艦,軽巡洋艦,53,30,81,,74,24,88,42,86,36,88,6,30,80,高速,15,60,中,17,89,45,50,4,1,1,2,2,0,矢矧改二(90),2021/05/05
N483,883,6,龍鳳改二戊,りゅうほうかいにぼ,改龍鳳型,,夜間作戦航空母艦,軽空母,61,0,45,,73,0,0,40,79,30,72,57,36,50,低速,30,77,中,42,98,40,50,4,21,21,12,3,0,龍鳳改二(88),2021/05/05
N488,888,6,龍鳳改二,りゅうほうかいに,改龍鳳型,,航空母艦,軽空母,63,0,47,,74,0,0,37,75,32,81,62,32,46,高速,33,80,中,42,98,60,60,4,21,21,14,6,0,龍鳳改二戊(88),2021/05/05
N444,644,4,桃,もも,松型,4,駆逐艦,,14,5,23,5,22,16,57,31,69,18,61,0,27,76,高速,8,24,短,8,48,15,15,2,0,0,0,0,0,桃改(48),2021/06/07
N444b,708,5,桃改,ももかい,松型,4,駆逐艦,,26,,41,,55,,71,36,82,,77,0,33,81,高速,13,43,短,11,55,15,15,3,0,0,0,0,0,,2021/07/07
N482,882,5,伊203,い203|ふーみぃ,潜高型,3,潜水艦,,12,1,3,4,16,20,64,40,70,0,5,0,0,0,低速,8,38,短,23,80,15,25,1,0,0,0,0,0,伊203改(55),2021/06/07
N487,887,6,伊203改,い203かい|ふーみぃ,潜高型,3,潜水艦,,13,1,4,,18,22,69,44,80,0,5,0,0,0,低速,14,48,短,24,88,20,20,2,0,0,0,0,0,,2021/07/07
N471,671,3,巻波,まきなみ,夕雲型,5,駆逐艦,,16,10,32,6,19,24,68,43,77,11,46,0,24,54,高速,9,23,短,8,49,15,20,2,0,0,0,0,0,巻波改(30),2022/12/27
N471b,709,4,巻波改,まきなみかい,夕雲型,5,駆逐艦,,32,,54,,49,,81,35,85,,56,0,27,66,高速,11,54,短,9,54,15,20,3,0,0,0,0,0,,2021/07/07
N455,655,5,Northampton,のーざんぷとん,Northampton級,1,重巡洋艦,,44,36,51,33,47,16,44,36,61,20,62,6,0,0,高速,14,51,中,10,52,40,60,3,1,1,4,0,0,Northampton改(50),2021/06/07
N460,660,6,Northampton改,のーざんぷとんかい,Northampton級,1,重巡洋艦,,55,45,75,,73,20,65,34,75,30,78,7,0,0,高速,15,52,中,12,59,40,65,4,1,1,1,4,0,,2021/07/07
N475,675,3,涼波,すずなみ,夕雲型,10,駆逐艦,,16,10,32,6,19,24,69,42,74,12,41,0,24,55,高速,9,22,短,6,46,15,20,2,0,0,0,0,0,涼波改(30),2021/07/07
N475b,710,4,涼波改,すずなみかい,夕雲型,10,駆逐艦,,32,,52,,48,,82,37,79,,54,0,26,69,高速,10,54,短,7,50,15,20,3,0,0,0,0,0,,2021/07/07
N398,598,4,Honolulu,ほのるる,Brooklyn級,7,軽巡洋艦,,38,29,59,16,39,0,34,32,66,26,70,4,0,35,高速,17,65,中,15,70,35,55,3,0,1,3,0,0,Honolulu改(45),2021/07/07
N398b,711,5,Honolulu改,ほのるるかい,Brooklyn級,7,軽巡洋艦,,53,,77,,67,,40,38,79,,80,6,0,43,高速,22,76,中,27,87,35,60,4,0,0,2,4,0,,2021/07/18
N408,699,4,宗谷,そうや,耐氷型雑用運送艦,,特務艦,補給艦,22,1,9,13,35,0,0,27,77,8,32,0,8,32,低速,2,12,短,55,110,20,10,3,0,0,0,0,0,宗谷(灯台補給船)(60),2021/07/07
N445,645,5,宗谷(灯台補給船),そうやとうだいほきゅうせん,LL01,,灯台補給船,補給艦,23,0,1,20,40,0,0,26,79,0,0,0,,2,低速,9,18,短,65,130,20,5,2,0,0,0,0,0,宗谷(南極観測船)(60),2021/07/18
N450,650,6,宗谷(南極観測船),そうやなんきょくかんそくせん,PL107,,南極観測船,補給艦,26,0,1,,62,0,0,27,88,0,0,6,0,4,低速,16,32,短,77,155,25,5,3,1,2,3,0,0,"宗谷(60,C)",2021/08/05
N449,649,6,高波改二,たかなみかいに,夕雲型,6,駆逐艦,,33,16,68,,53,30,86,48,90,20,62,0,30,72,高速,14,58,短,12,72,15,20,3,0,0,0,0,0,,2021/06/07
N458,707,7,Gambier Bay Mk.II,がんびあべいまーくつー,Casablanca級,19,改装特務空母,軽空母,53,3,55,17,61,0,0,28,63,25,67,49,40,77,低速,39,70,短,16,73,30,40,4,24,20,4,1,0,,2021/07/18
N435,635,3,長鯨,ちょうげい,迅鯨型,2,潜水母艦,,31,6,31,5,28,0,0,12,30,11,33,2,0,0,低速,20,37,中,17,77,30,10,2,1,1,0,0,0,長鯨改(47),2021/09/30
N440,640,4,長鯨改,ちょうげいかい,迅鯨型,2,潜水母艦,,37,8,39,,34,0,0,14,44,13,36,6,0,0,低速,22,43,中,20,97,30,10,3,2,2,2,0,0,,2021/09/30
N477,877,4,Conte di Cavour,こんてでぃかぶーる,Conte di Cavour級,1,戦艦,,57,53,75,50,67,8,12,21,40,15,49,5,0,0,低速,6,29,長,22,77,70,105,4,1,1,1,2,0,Conte di Cavour改(48),2021/09/30
N478,878,5,Conte di Cavour改,こんてでぃかぶーるかい,Conte di Cavour級,1,戦艦,巡洋戦艦,73,62,91,,87,0,0,29,67,40,76,2,0,0,高速,11,40,長,23,87,75,110,4,0,0,1,1,0,Conte di Cavour nuovo(74),2021/09/30
N479,879,6,Conte di Cavour nuovo,こんてでぃかぶーるぬおーゔぉ,Conte di Cavour級,1,戦艦,巡洋戦艦,78,64,95,,91,8,30,31,70,48,90,9,0,0,高速,18,58,長,24,88,85,115,4,1,1,3,4,0,,2022/02/22
N485,885,6,Victorious,ゔぃくとりあす,Illustrious級,2,装甲空母,,59,0,38,38,80,0,0,31,58,28,77,49,0,0,高速,39,73,短,10,90,65,55,4,14,14,12,9,0,Victorious改(45),2021/09/30
N485b,713,6,Victorious改,ゔぃくとりあすかい,Illustrious級,2,装甲空母,,74,,55,,85,0,0,32,67,,84,57,0,0,高速,46,85,中,22,110,75,65,4,18,18,19,2,0,,2022/02/22
N438,638,3,第三〇号海防艦,だいさんじゅうごうかいぼうかん|みと,丁型海防艦,15,海防艦,,9,3,15,4,15,0,0,38,77,4,21,0,30,65,低速,2,11,短,17,77,10,10,1,0,0,0,0,0,第三〇号海防艦改(35),2021/09/30
N438b,712,4,第三〇号海防艦改,だいさんじゅうごうかいぼうかん|みと,丁型海防艦,15,海防艦,,15,,28,,28,0,0,46,89,,45,0,30,74,低速,4,19,短,20,81,10,10,2,0,0,0,0,0,,2021/11/07
N388,588,5,山風改二,やまかぜかいに,改白露型,2,駆逐艦,,30,14,60,12,50,36,95,50,87,17,63,0,30,86,高速,8,41,短,10,73,15,20,3,0,0,0,0,0,山風改二丁(91),2022/02/22
N467,667,6,山風改二丁,やまかぜかいにてい,改白露型,2,駆逐艦,,30,14,60,11,51,24,84,49,85,16,66,0,28,82,高速,8,41,短,10,73,15,20,3,0,0,0,0,0,山風改二(91),2022/02/22
N470,670,6,親潮改二,おやしおかいに,陽炎型,4,駆逐艦,,33,18,68,14,54,30,89,48,90,19,66,0,30,69,高速,9,42,短,21,84,15,20,3,0,0,0,0,0,,2021/10/17
N493,299,5,Scamp,すきゃんぷ,Gato級,277,潜水艦,,13,1,11,4,20,35,73,17,43,0,0,0,0,0,低速,11,41,短,11,55,10,20,1,0,0,0,0,0,Scamp改(50),2022/02/22
N493b,715,6,Scamp改,すきゃんぷかい,Gato級,277,潜水艦,,17,2,13,6,23,40,82,18,55,0,0,0,0,0,低速,13,43,短,17,72,10,20,2,0,0,0,0,0,,2022/02/22
N322,522,3,八幡丸,やわたまる,特設航空母艦,,軽空母,,36,0,10,14,32,0,0,24,38,13,25,23,0,0,低速,28,47,短,6,44,25,25,2,14,9,0,0,0,雲鷹(33),2022/02/22
N484,884,4,雲鷹,うんよう,大鷹型,2,軽空母,,39,0,13,,35,0,0,23,39,14,29,27,34,59,低速,29,52,短,8,48,30,25,3,14,11,2,0,0,雲鷹改(62),2022/02/22
N484b,382,5,雲鷹改,うんようかい,大鷹型,2,軽空母,,47,0,24,21,52,0,0,23,49,17,46,37,64,79,低速,31,61,短,10,56,30,30,4,14,19,2,2,0,雲鷹改二(85),2022/02/22
N489,889,6,雲鷹改二,うんようかいに,大鷹型,2,軽空母,,49,17,39,25,55,0,0,35,54,25,57,41,74,89,低速,37,66,中,15,69,35,35,4,14,20,5,2,0,,2022/02/22
N503,903,5,天霧改二,あまぎりかいに,綾波型,5,駆逐艦,,31,13,62,,52,30,91,54,92,15,60,0,27,76,高速,10,44,短,33,88,15,20,3,0,0,0,0,0,天霧改二丁(89),2022/02/22
N508,908,5,天霧改二丁,あまぎりかいにてい,綾波型,5,駆逐艦,,31,13,58,,53,18,84,53,90,14,65,0,25,79,高速,10,44,短,33,88,15,20,3,0,0,0,0,0,天霧改二(89),2022/02/22
N443,643,4,梅,うめ,松型,3,駆逐艦,,14,5,24,5,22,16,56,33,69,16,64,0,26,76,高速,11,24,短,11,49,15,15,2,0,0,0,0,0,梅改(52),2022/05/28
N443b,716,5,梅改,うめかい,松型,3,駆逐艦,,27,,42,,55,,70,37,81,,78,0,33,80,高速,16,45,短,16,66,15,15,3,0,0,0,0,0,,2022/05/28
N500,900,4,山汐丸,やましおまる,特2TL型,2,特設護衛空母,補給艦,36,2,15,7,19,0,0,14,25,16,30,8,23,63,低速,13,53,短,3,33,35,15,2,6,2,0,0,0,山汐丸改(48),2022/03/02
N500b,717,5,山汐丸改,やましおまるかい,特2TL型,2,特設護衛空母,補給艦,39,,23,,28,0,0,14,28,,38,16,32,82,低速,23,63,短,7,47,35,15,3,8,6,2,0,0,,2022/05/28
N474,674,3,玉波,たまなみ,夕雲型,9,駆逐艦,,16,10,30,6,19,24,68,46,78,12,44,0,22,53,高速,9,23,短,8,48,15,20,2,0,0,0,0,0,玉波改(30),2022/05/28
N474b,718,4,玉波改,たまなみかい,夕雲型,9,駆逐艦,,32,,51,,49,,78,46,87,,58,0,25,66,高速,12,53,短,10,56,15,20,3,0,0,0,0,0,,2022/05/28
N333,533,5,冬月,ふゆつき,秋月型,8,駆逐艦,,21,16,47,10,29,16,45,44,84,70,101,0,24,60,高速,8,28,短,38,88,20,25,3,0,0,0,0,0,冬月改(55),2022/05/28
N338,538,6,冬月改,ふゆつきかい,秋月型,8,駆逐艦,,38,22,57,,53,22,53,50,92,82,116,0,29,71,高速,9,49,短,38,98,20,25,3,0,0,0,0,0,,2022/12/27
N447,647,6,浦波改二,うらなみかいに,吹雪型,10,駆逐艦,,31,14,59,,51,28,85,47,93,28,72,0,25,66,高速,12,44,短,29,99,15,20,3,0,0,0,0,0,,2022/05/28
N466,666,6,磯波改二,いそなみかいに,吹雪型,9,駆逐艦,,30,13,58,,50,28,84,45,90,29,76,0,28,75,高速,9,43,短,15,79,15,20,3,0,0,0,0,0,,2022/05/28
N481,881,5,伊201,い201,潜高型,1,潜水艦,,12,1,3,4,16,20,63,39,70,0,5,0,0,0,低速,8,39,短,24,79,15,15,1,0,0,0,0,0,伊201改(55),2022/05/28
N481b,719,6,伊201改,い201かい,潜高型,1,潜水艦,,13,1,4,4,18,22,68,43,80,0,5,0,0,0,低速,13,48,短,24,87,20,20,2,0,0,0,0,0,,2022/05/28
N486,886,4,早潮,はやしお,陽炎型,5,駆逐艦,,16,10,29,6,19,24,69,42,78,8,38,0,22,46,高速,9,19,短,9,48,15,20,2,0,0,0,0,0,早潮改(37),2022/05/28
N486b,720,4,早潮改,はやしお,陽炎型,5,駆逐艦,,32,13,48,14,49,28,79,44,85,14,50,0,26,65,高速,9,41,短,12,63,15,20,3,0,0,0,0,0,早潮改二(75),2022/05/28
N515,915,4,早潮改二,はやしお,陽炎型,5,駆逐艦,,33,17,67,14,52,30,87,47,87,19,63,0,30,65,高速,10,41,短,15,70,15,20,3,0,0,0,0,0,,2022/05/28
N505,905,3,倉橋,くらはし,御蔵型,2,海防艦,,9,4,17,4,16,0,0,40,81,9,36,0,40,80,低速,3,14,短,18,78,10,10,2,0,0,0,0,0,倉橋改(45),2022/06/18
N510,910,4,倉橋改,くらはしかい,御蔵型,2,海防艦,,17,5,36,7,33,0,0,54,91,16,60,0,40,86,低速,5,29,短,23,93,10,10,3,0,0,0,0,0,,2022/07/13
N513,913,6,Maryland,めりーらんど,Colorado級,2,戦艦,,77,78,95,73,91,0,0,19,44,28,92,3,0,0,低速,9,36,長,30,98,90,130,4,0,1,1,1,0,Maryland改(45),2022/06/18
N518,918,7,Maryland改,めりーらんどかい,Colorado級,2,戦艦,,91,80,106,83,98,0,0,22,53,37,102,5,0,0,低速,16,51,長,38,108,95,165,4,1,1,1,2,0,,2022/06/18
N511,911,7,大和改二,やまとかいに,改大和型,1,戦艦,巡洋戦艦,98,100,144,92,122,0,0,28,67,65,108,28,0,0,高速,18,59,超長,18,108,290,350,5,4,4,4,8,2,大和改二重(93),2022/06/08
N516,916,7,大和改二重,やまとかいにじゅう,改大和型,1,航空戦艦,,98,108,152,94,128,0,0,25,60,65,112,36,16,48,低速,20,68,超長,18,108,300,400,5,2,2,8,22,2,大和改二(88),2022/06/08
N520,920,5,Samuel B.Roberts Mk.II,さみゅえるびーろばーつまーくつー,John C.Butler級,413,駆逐艦,,29,10,52,13,47,24,70,48,90,29,68,3,51,90,高速,15,52,短,40,87,15,20,3,1,1,1,0,0,,2022/08/04
N521,921,3,鵜来,うくる,鵜来型,1,海防艦,,9,4,18,4,16,0,0,38,84,9,37,0,42,84,低速,3,14,短,35,79,10,10,2,0,0,0,0,0,鵜来改(43),2022/08/27
N526,926,4,鵜来改,うくるかい,鵜来型,1,海防艦,,17,4,34,6,33,0,0,52,91,17,60,0,48,88,低速,5,27,短,38,99,10,10,3,0,0,0,0,0,,2022/08/27
N382,582,3,夏雲,なつぐも,朝潮型,7,駆逐艦,,16,10,31,6,19,24,68,40,76,9,39,0,21,48,高速,5,19,短,6,43,15,20,2,0,0,0,0,0,夏雲改(38),2022/08/27
N382b,721,4,夏雲改,なつぐもかい,朝潮型,7,駆逐艦,,31,12,52,14,49,28,78,42,87,13,52,0,24,57,高速,6,36,短,8,53,15,20,3,0,0,0,0,0,,2022/08/27
N525,925,4,Langley,らんぐれー,Independence級,6,軽空母,,31,14,32,14,30,0,0,22,43,32,52,32,16,52,高速,40,68,中,27,87,35,40,3,23,7,2,0,0,Langley改(50),2022/08/27
N530,930,5,Langley改,らんぐれーかい,Independence級,6,軽空母,,44,18,40,22,60,0,0,30,57,34,58,45,18,58,高速,50,80,中,35,97,40,45,4,24,16,4,1,0,,2022/08/27
N497,896,4,Brooklyn,ぶるっくりん,Brooklyn級,1,軽巡洋艦,,38,29,59,16,39,0,33,31,67,26,70,4,0,35,高速,18,67,中,17,77,35,55,3,0,1,3,0,0,Brooklyn改(45),2022/09/11
N497b,722,5,Brooklyn改,ぶるっくりんかい,Brooklyn級,1,軽巡洋艦,,53,33,77,26,67,0,39,37,81,36,80,6,0,43,高速,22,77,中,37,97,35,60,4,0,0,2,4,0,,2022/09/11
N533,933,6,Massachusetts,まさちゅーせっつ,South Dakota級,3,戦艦,巡洋戦艦,79,80,101,77,92,0,0,27,59,40,90,6,0,0,高速,15,47,長,18,88,150,190,4,0,0,3,3,0,Massachusetts改(48),2022/09/11
N538,938,6,Massachusetts改,まさちゅーせっつかい,South Dakota級,3,戦艦,巡洋戦艦,91,84,108,86,109,0,0,35,66,60,108,8,0,0,高速,18,59,長,45,125,160,200,4,0,2,3,3,0,,2022/09/11
N531,931,5,Ranger,れんじゃー,Ranger級,1,正規空母,,48,0,27,17,39,0,0,28,54,28,70,76,0,0,高速,38,68,短,20,72,50,55,4,24,24,24,4,0,Ranger改(55),2022/09/11
N531b,723,6,Ranger改,れんじゃーかい,Ranger級,1,正規空母,,64,0,47,18,58,0,0,34,66,30,82,86,0,0,高速,40,82,短,32,92,65,70,4,28,30,24,4,0,,2022/09/11
N535,935,6,Jean Bart,じゃんばーる,Richelieu級,2,戦艦,巡洋戦艦,84,61,95,70,89,0,0,35,67,18,68,12,0,0,高速,12,48,長,45,75,100,125,4,3,3,3,3,0,Jean Bart改(45),2022/09/11
N535b,724,6,Jean Bart改,じゃんばーる,Richelieu級,2,戦艦,巡洋戦艦,88,70,97,77,96,0,0,38,73,24,76,12,0,0,高速,15,53,長,22,94,100,130,4,3,3,3,3,0,,2022/09/11
N494,894,6,鳳翔改二,ほうしょうかいに,改鳳翔型,1,軽空母,,57,0,53,33,67,0,0,36,77,24,71,49,33,69,低速,43,82,短,50,120,35,40,4,17,18,13,1,0,鳳翔改二戦(92)
N499,899,6,鳳翔改二戦,ほうしょうかいにせん,改鳳翔型,1,戦力投射母艦,軽空母,57,0,50,35,69,0,0,33,73,24,70,39,34,71,低速,36,76,短,50,120,35,40,4,17,18,4,0,0,鳳翔改二(91)
N433,633,2,夕暮,ゆうぐれ,初春型,1,駆逐艦,,16,10,29,6,19,27,71,43,,8,37,0,21,,高速,5,,短,10,48,15,20,2,0,0,0,0,0,夕暮改(49),2023/03/22
N433b,725,3,夕暮改,ゆうぐれかい,初春型,1,駆逐艦,,30,7,47,12,49,20,79,,,12,59,0,,,高速,,,短,12,58,15,20,3,0,0,0,0,0,,2023/03/22
N541,941,4,Heywood L.E.,へいうっど,Fletcher級,663,駆逐艦,,17,12,30,7,20,20,61,43,,32,62,0,49,,高速,20,,短,18,77,20,20,2,0,0,0,0,0,Heywood L.E.改(55),2023/03/22
N541b,726,5,Heywood L.E.改,へいうっどかい,Fletcher級,663,駆逐艦,,34,15,53,16,52,26,73,,,40,90,0,,,高速,,,短,38,100,20,20,3,0,0,0,0,0,,2023/03/22
N543,943,4,熊野丸,くまのまる,特種船M丙型,,揚陸艦,,38,4,24,11,34,0,0,14,,15,32,10,22,,低速,13,,短,17,57,40,15,2,8,2,0,0,0,熊野丸改(50),2023/03/22
N548,948,5,熊野丸改,くまのまるかい,特種船M丙型,,揚陸艦,,40,12,37,,46,0,0,16,,17,41,18,,,低速,,,短,22,72,45,25,3,8,8,2,0,0,,2023/03/22
N504,904,3,能美,のうみ,御蔵型,4,海防艦,,9,4,16,4,16,0,0,41,,9,,0,38,,低速,3,,短,13,,10,10,2,0,0,0,0,0,能美改(),2023/03/22
N,909,4,能美改,のうみかい,御蔵型,4,海防艦,,17,5,35,7,33,0,0,,,16,61,0,,,低速,,,短,16,76,10,10,3,0,0,0,0,0,,2023/03/22
N523,923,4,Tuscaloosa,たすかるーさ,New Orleans級,4,重巡洋艦,,43,36,52,34,49,0,45,36,,18,60,7,0,0,高速,15,,中,17,77,40,60,3,1,1,5,0,0,Tuscaloosa改(50),2023/03/22
N528,928,5,Tuscaloosa改,たすかるーさかい,New Orleans級,4,重巡洋艦,,53,36,77,,75,,62,,,,79,9,0,0,高速,,,中,20,90,40,65,4,1,1,2,5,0,,2023/03/22
N545,943,4,第百一号輸送艦,だいひゃくいちごう,第百一号型,1,戦車揚陸艦,,11,2,9,5,19,0,0,,,7,26,,,,低速,,,短,8,58,15,5,2,0,0,0,0,0,第百一号輸送艦改(),2023/03/22
N548,948,5,第百一号輸送艦改,だいひゃくいちごうかい,第百一号型,1,戦車揚陸艦,,19,3,38,9,39,0,0,,,10,32,,,,低速,,,短,10,63,15,10,3,,,,0,0,,2023/03/22
N559,959,5,深雪改二,みゆきかいに,吹雪型,4,駆逐艦,,31,14,60,,52,30,82,48,90,33,82,0,25,65,高速,13,51,短,15,74,15,20,3,0,0,0,0,0,,2023/06/05
N393,593,6,榛名改二乙,はるなかいにおつ,改金剛型,3,戦艦,巡洋戦艦,85,74,94,,93,17,40,38,75,51,94,12,0,0,高速,16,53,長,48,118,100,160,4,1,2,5,4,0,榛名改二丙(90),2023/06/05
N554,954,6,榛名改二丙,はるなかいにへい,改金剛型,3,戦艦,巡洋戦艦,85,75,96,,93,18,43,38,73,44,91,10,0,0,高速,16,52,長,48,118,100,160,4,1,2,4,3,0,榛名改二乙(88),2023/06/05
N561,961,6,時雨改三,しぐれかいさん,改装白露型,2,駆逐艦,,34,16,67,,57,31,91,63,98,31,87,0,39,88,高速,12,51,短,55,97,15,25,3,0,0,0,0,0,,2023/07/14